EXP_id	Herb/ingredient_id	Herb/ingredient_name	Herb/ingredient	GSE_id	Organism	Strain	Tissue	Cell_Type	Cell_line	Experiment_type	Sequence_type	Experiment_subject	Experiment_subject_detail	Experiment_special_pretreatment	Control_condition	Control_samples	Treatment_condition	Treatment_samples	Drug_delivery	Plat_info
HBEXP000001	HERB000016	A JIANG LAN REN;阿江榄仁;NA;Terminalia arjuna	Herb	GSE56886	Homo sapiens		Peripheral blood	PBMC		Expression profiling by array	Total RNA	human cellline	Peripheral blood; PBMC	/	control	GSM1370689; GSM1370690	treated with T.arjuna for 3 months	GSM1370687; GSM1370688	exposed	GPL15207:[PrimeView] Affymetrix Human Gene Expression Array
HBEXP000002	HERB000016	A JIANG LAN REN;阿江榄仁;NA;Terminalia arjuna	Herb	GSE56886	Homo sapiens		Peripheral blood	PBMC		Expression profiling by array	Total RNA	human cellline	Peripheral blood; PBMC	/	control	GSM1370693; GSM1370694	treated with T.arjuna for 6 months	GSM1370691; GSM1370692	exposed	GPL15207:[PrimeView] Affymetrix Human Gene Expression Array
HBEXP000003	HERB000146	BA XI HU TONG;NA;Brazilian Calaba;Calophyllum brasiliense	Herb	GSE72755	Mus musculus		Liver			Expression profiling by array	Total RNA	mouse	Liver	/	control	GSM1869530; GSM1869531; GSM1869532; GSM1869533	mammea A/BA+A/BB 3:1	GSM1869537; GSM1869538; GSM1869539	treated	GPL6246:[MoGene-1_0-st] Affymetrix Mouse Gene 1.0 ST Array [transcript (gene) version]
HBEXP000004	HERB000189	BAI GUO YE;白果叶;Ginkgo Leaf;Ginkgo biloba	Herb	GSE103208	Homo sapiens		Primary HCC cells			Expression profiling by array	Total RNA	human cellline	Primary HCC cells	/	control	GSM2757408; GSM2757410; GSM2757412	exposed to Ginkgo biloba (EGb761)	GSM2757414; GSM2757416; GSM2757418	exposed	GPL10558:Illumina HumanHT-12 V4.0 expression beadchip
HBEXP000005	HERB000189	BAI GUO YE;白果叶;Ginkgo Leaf;Ginkgo biloba	Herb	GSE103208	Homo sapiens			Hepatoma	WRL68	Expression profiling by array	Total RNA	human cellline	Hepatoma; WRL68	/	control	GSM2757409; GSM2757411; GSM2757413	exposed to Ginkgo biloba (EGb761)	GSM2757415; GSM2757417; GSM2757419	exposed	GPL10558:Illumina HumanHT-12 V4.0 expression beadchip
HBEXP000006	HERB000189	BAI GUO YE;白果叶;Ginkgo Leaf;Ginkgo biloba	Herb	GSE103208	Homo sapiens			Hepatoma	Huh7	Expression profiling by array	Total RNA	human cellline	Hepatoma; Huh7	/	control	GSM2757420; GSM2757421; GSM2757422	exposed to Ginkgo biloba (EGb761)	GSM2757423; GSM2757424; GSM2757425	exposed	GPL10558:Illumina HumanHT-12 V4.0 expression beadchip
HBEXP000007	HERB000189	BAI GUO YE;白果叶;Ginkgo Leaf;Ginkgo biloba	Herb	GSE103208	Homo sapiens			Hepatocyte	THLE5B	Expression profiling by array	Total RNA	human cellline	Hepatocyte; THLE5B	/	control	GSM2757426; GSM2757428; GSM2757430	exposed to Ginkgo biloba (EGb761)	GSM2757427; GSM2757429; GSM2757431	exposed	GPL10558:Illumina HumanHT-12 V4.0 expression beadchip
HBEXP000008	HERB000189	BAI GUO YE;白果叶;Ginkgo Leaf;Ginkgo biloba	Herb	GSE29813	Mus musculus	B6C3F1	Liver			Expression profiling by array	Total RNA	mouse	B6C3F1; Liver	/	control	GSM652414; GSM652415; GSM652416; GSM652417; GSM652418; GSM652419	induced by Ginkgo biloba leaf extract (GBE)	GSM738861; GSM738862; GSM738863; GSM738864; GSM738865; GSM738866	gavage	GPL1261:[Mouse430_2] Affymetrix Mouse Genome 430 2.0 Array
HBEXP000009	HERB000523	BO NIANG HAO;播娘蒿;Flixweed Tansymustard Seed;Descurainia sophia	Herb	GSE114586	Mus musculus	BALB/c	Lung			Expression profiling by high throughput sequencing	Total RNA	mouse	BALB/c; Lung	/	wile type (Saline)	GSM3145352; GSM3145353; GSM3145354	Descurainia sophia treated mice	GSM3145358; GSM3145359; GSM3145360; GSM3145361	treated	GPL19057:Illumina NextSeq 500 (Mus musculus)
HBEXP000010	HERB000523	BO NIANG HAO;播娘蒿;Flixweed Tansymustard Seed;Descurainia sophia	Herb	GSE114586	Mus musculus	BALB/c	Lung			Expression profiling by high throughput sequencing	Total RNA	mouse	BALB/c; Lung	/	wile type (Saline)	GSM3145355; GSM3145356; GSM3145357	Descurainia sophia treated mice	GSM3145358; GSM3145359; GSM3145360; GSM3145361	treated	GPL19057:Illumina NextSeq 500 (Mus musculus)
HBEXP000011	HERB000696	CHANG LV GOU WEN;NA;Carolina Jasmine;Gelsemium sempervirens	Herb	GSE42236	Homo sapiens			Neuroblastoma	SHSY5Y	Expression profiling by array	Total RNA	human cellline	Neuroblastoma; SHSY5Y	/	control(vehicle solution)	GSM1036053; GSM1036054; GSM1036055; GSM1036056	for 24h with 6 dilutions of the Gelsemium sempervirens extract, namely 2c	GSM1036077; GSM1036078; GSM1036079; GSM1036080	treated	GPL16025:NimbleGen Homo sapiens Expression Array [100718_HG18_opt_expr]
HBEXP000012	HERB000696	CHANG LV GOU WEN;NA;Carolina Jasmine;Gelsemium sempervirens	Herb	GSE42236	Homo sapiens			Neuroblastoma	SHSY5Y	Expression profiling by array	Total RNA	human cellline	Neuroblastoma; SHSY5Y	/	control(vehicle solution)	GSM1036057; GSM1036058; GSM1036059; GSM1036060	for 24h with 6 dilutions of the Gelsemium sempervirens extract, namely 3c	GSM1036081; GSM1036082; GSM1036083; GSM1036084	treated	GPL16025:NimbleGen Homo sapiens Expression Array [100718_HG18_opt_expr]
HBEXP000013	HERB000696	CHANG LV GOU WEN;NA;Carolina Jasmine;Gelsemium sempervirens	Herb	GSE42236	Homo sapiens			Neuroblastoma	SHSY5Y	Expression profiling by array	Total RNA	human cellline	Neuroblastoma; SHSY5Y	/	control(vehicle solution)	GSM1036061; GSM1036062; GSM1036063; GSM1036064	for 24h with 6 dilutions of the Gelsemium sempervirens extract, namely 4c	GSM1036085; GSM1036086; GSM1036087; GSM1036088	treated	GPL16025:NimbleGen Homo sapiens Expression Array [100718_HG18_opt_expr]
HBEXP000014	HERB000696	CHANG LV GOU WEN;NA;Carolina Jasmine;Gelsemium sempervirens	Herb	GSE42236	Homo sapiens			Neuroblastoma	SHSY5Y	Expression profiling by array	Total RNA	human cellline	Neuroblastoma; SHSY5Y	/	control(vehicle solution)	GSM1036065; GSM1036066; GSM1036067; GSM1036068	for 24h with 6 dilutions of the Gelsemium sempervirens extract, namely 5c	GSM1036089; GSM1036090; GSM1036091; GSM1036092	treated	GPL16025:NimbleGen Homo sapiens Expression Array [100718_HG18_opt_expr]
HBEXP000015	HERB000696	CHANG LV GOU WEN;NA;Carolina Jasmine;Gelsemium sempervirens	Herb	GSE42236	Homo sapiens			Neuroblastoma	SHSY5Y	Expression profiling by array	Total RNA	human cellline	Neuroblastoma; SHSY5Y	/	control(vehicle solution)	GSM1036069; GSM1036070; GSM1036071; GSM1036072	for 24h with 6 dilutions of the Gelsemium sempervirens extract, namely 9c	GSM1036093; GSM1036094; GSM1036095; GSM1036096	treated	GPL16025:NimbleGen Homo sapiens Expression Array [100718_HG18_opt_expr]
HBEXP000016	HERB000696	CHANG LV GOU WEN;NA;Carolina Jasmine;Gelsemium sempervirens	Herb	GSE42236	Homo sapiens			Neuroblastoma	IMR-32	Expression profiling by array	Total RNA	human cellline	Neuroblastoma; IMR-32	/	control(vehicle solution)	GSM1036104; GSM1036105; GSM1036106	for 24h with 6 dilutions of the Gelsemium sempervirens extract, namely 30c	GSM1036101; GSM1036102; GSM1036103	treated	GPL16025:NimbleGen Homo sapiens Expression Array [100718_HG18_opt_expr]
HBEXP000017	HERB000960	CU;醋;Vinegar;Vinegar	Herb	GSE70514	Mus musculus	SAMP8	Hippocampus			Expression profiling by array	Total RNA	mouse	SAMP8; Hippocampus	in independent cages and had free access to food and water.	control CE2 diet	GSM1808266; GSM1808267; GSM1808268; GSM1808269	SAMP8, Kurozu-containing CE2 diet administrated for 5 weeks	GSM1808270; GSM1808271; GSM1808272; GSM1808273	feed	GPL6246:[MoGene-1_0-st] Affymetrix Mouse Gene 1.0 ST Array [transcript (gene) version]
HBEXP000018	HERB001023	DA DOU;大豆;Soybean;Glycine max	Herb	GSE58811	Mus musculus	SAMP10	Hippocampus			Expression profiling by array	Total RNA	mouse	SAMP10; Hippocampus	/	control	GSM1419959; GSM1419960; GSM1419961	green soybean extracts for 2 days	GSM1419962; GSM1419963; GSM1419964	feed	GPL6246:[MoGene-1_0-st] Affymetrix Mouse Gene 1.0 ST Array [transcript (gene) version]
HBEXP000019	HERB001023	DA DOU;大豆;Soybean;Glycine max	Herb	GSE58811	Mus musculus	SAMP10	Hippocampus			Expression profiling by array	Total RNA	mouse	SAMP10; Hippocampus	/	control	GSM1419959; GSM1419960; GSM1419961	yellow soybean extracts for 2 days	GSM1419965; GSM1419966; GSM1419967	feed	GPL6246:[MoGene-1_0-st] Affymetrix Mouse Gene 1.0 ST Array [transcript (gene) version]
HBEXP000020	HERB001023	DA DOU;大豆;Soybean;Glycine max	Herb	GSE84442	Mus musculus	C57BL/6J	Ileum			Expression profiling by array	Total RNA	mouse	C57BL/6J; Ileum	/	control	GSM2236235; GSM2236238; GSM2236246; GSM2236249	Soybean meal (SBM) diet in 4 weeks	GSM2236234; GSM2236237; GSM2236240; GSM2236243; GSM2236251	feed	GPL11533:[MoGene-1_1-st] Affymetrix Mouse Gene 1.1 ST Array [transcript (gene) version]
HBEXP000021	HERB001104	DA SUAN;大蒜;Garlic;Bulbus Allii	Herb	GSE20093	Mus musculus	C57BL/6J	Liver			Expression profiling by array	Total RNA	mouse	C57BL/6J; Liver	/	cellulose (control)	GSM502071; GSM502072; GSM502073	4% lyophilized raw garlic powder for 6 weeks for 8-week old male C57BL/6J mice	GSM502074; GSM502075; GSM502076	feed	GPL339:[MOE430A] Affymetrix Mouse Expression 430A Array
HBEXP000022	HERB001104	DA SUAN;大蒜;Garlic;Bulbus Allii	Herb	GSE20093	Mus musculus	C57BL/6J	Liver			Expression profiling by array	Total RNA	mouse	C57BL/6J; Liver	/	cellulose (control)	GSM502077; GSM502078; GSM502079	4% lyophilized raw garlic powder for 10 weeks for 8-week old male C57BL/6J mice	GSM502080; GSM502081; GSM502082	feed	GPL339:[MOE430A] Affymetrix Mouse Expression 430A Array
HBEXP000023	HERB001104	DA SUAN;大蒜;Garlic;Bulbus Allii	Herb	GSE20094	Mus musculus	C57BL/6J	Liver			Expression profiling by array	Total RNA	mouse	C57BL/6J; Liver	/	cellulose (control)	GSM502083; GSM502084; GSM502085	15-week garlic-fed for 8-week old male C57BL/6J mice	GSM502086; GSM502087; GSM502088	feed	GPL1261:[Mouse430_2] Affymetrix Mouse Genome 430 2.0 Array
HBEXP000024	HERB001210	DANG GUI;当归;root of Chinese Angelica;Radix Angelicae sinensis	Herb	GSE89454	Mus musculus	KM	Adipose			Expression profiling by high throughput sequencing	mRNA	mouse	KM; Adipose	/	control	GSM2372426; GSM2372427; GSM2372428	Radix Angelica sinensis(RAS) supplementation 	GSM2372429; GSM2372430; GSM2372431	feed	GPL9185:Illumina Genome Analyzer (Mus musculus)
HBEXP000025	HERB001211	DANG SHEN;党参;root Pilose Asiabell;Radix Codonopsis pilosulae	Herb	GSE115506	Homo sapiens			Hepatocellular carcinoma	HepG2	Expression profiling by array	Total RNA	human cellline	Hepatocellular carcinoma; HepG2	/	control	GSM3179695; GSM3179696; GSM3179697	24h after Codonopsis pilosula (D1-3)	GSM3179698; GSM3179699; GSM3179700	treated	GPL10558:Illumina HumanHT-12 V4.0 expression beadchip
HBEXP000026	HERB001251	DI HUANG;地黄;Radix Rehmanniae;NA	Herb	GSE57273	Homo sapiens		Peripheral blood	PBMC		Expression profiling by array	Total RNA	human cellline	Peripheral blood; PBMC	/	control	GSM1378176; GSM1378177; GSM1378178	treated PMO with kidney YIN deficiency for three months with Liuwei Dihuang Pill	GSM1378179; GSM1378180; GSM1378181	treated	GPL4133:Agilent-014850 Whole Human Genome Microarray 4x44K G4112F (Feature Number version)
HBEXP000027	HERB001282	DIAN FEN;淀粉;Starch;Amylum	Herb	GSE59494	Mus musculus	C57BL/6J	Colonic mucosal scrapings			Expression profiling by array	Total RNA	mouse	C57BL/6J; Colonic mucosal scrapings	/	control	GSM1055780; GSM1055781; GSM1055782; GSM1055785; GSM1055786	10% dietary resistant starch (RS) for 10 days	GSM1438311; GSM1438312; GSM1438325; GSM1438330; GSM1438331; GSM1438332	feed	GPL11533:[MoGene-1_1-st] Affymetrix Mouse Gene 1.1 ST Array [transcript (gene) version]
HBEXP000028	HERB001333	DONG CHONG XIA CAO;冬虫夏草;Chinese Caterpillar Fungus;Cordyceps	Herb	GSE24191	Homo sapiens		Peripheral blood	Dendritic cell		Expression profiling by array	Total RNA	human cellline	Peripheral blood; Dendritic cell	/	untreated	GSM595094; GSM595104	Cordyceps sinensis (CS) 1ug/ml	GSM595069; GSM595070; GSM595098; GSM595099	treated	GPL10936:MBPL human 30k P7
HBEXP000029	HERB001382	DOU YOU;豆油;Soybean Oil;Glycine max	Herb	GSE68360	Mus musculus		Liver			Expression profiling by high throughput sequencing	mRNA	mouse	Liver	/	control(Viv)	GSM1669208; GSM1669209; GSM1669210	feed soybean oil plus coconut oil high fat diet (SO-HFD) for 35 weeks	GSM1669211; GSM1669212; GSM1669213	feed	GPL13112:Illumina HiSeq 2000 (Mus musculus)
HBEXP000030	HERB001382	DOU YOU;豆油;Soybean Oil;Glycine max	Herb	GSE71773	Mus musculus	C57BL/6	Skeletal muscle			Expression profiling by high throughput sequencing	mRNA	mouse	C57BL/6; Skeletal muscle	mice were allowed ad libitum access to food and their food intake was monitored for two weeks	control	GSM1845059; GSM1845062; GSM1845070; GSM1845078	soy for 4 months of age male C57BL/6 mice	GSM1845053; GSM1845068; GSM1845076	feed	GPL13112:Illumina HiSeq 2000 (Mus musculus)
HBEXP000031	HERB001382	DOU YOU;豆油;Soybean Oil;Glycine max	Herb	GSE71773	Mus musculus	C57BL/6	Liver			Expression profiling by high throughput sequencing	mRNA	mouse	C57BL/6; Liver	mice were allowed ad libitum access to food and their food intake was monitored for two weeks	control	GSM1845061; GSM1845069; GSM1845077	soy for 4 months of age male C57BL/6 mice	GSM1845054; GSM1845067; GSM1845075; GSM1845083	feed	GPL13112:Illumina HiSeq 2000 (Mus musculus)
HBEXP000032	HERB001382	DOU YOU;豆油;Soybean Oil;Glycine max	Herb	GSE79408	Mus musculus	129/Sv-C57BL/6	Liver			Expression profiling by high throughput sequencing	mRNA	mouse	129/Sv-C57BL/6; Liver	/	control	GSM2094879; GSM2094880; GSM2094881; GSM2094882; GSM2094883; GSM2094884	Soybean Oil	GSM2094885; GSM2094886; GSM2094887; GSM2094888; GSM2094889; GSM2094890	treated	GPL13112:Illumina HiSeq 2000 (Mus musculus)
HBEXP000033	HERB001616	FAN QIE;番茄;Tomato;Lycopersicon esculentum	Herb	GSE33443	Homo sapiens			Breast cancer	MCF-7	Expression profiling by array	Total RNA	human cellline	Breast cancer; MCF-7	/	control	GSM827016; GSM827019; GSM827022	treated with tomato leaves extract (TLE) in 1h	GSM827017; GSM827020; GSM827023	treated	GPL6244:[HuGene-1_0-st] Affymetrix Human Gene 1.0 ST Array [transcript (gene) version]
HBEXP000034	HERB001616	FAN QIE;番茄;Tomato;Lycopersicon esculentum	Herb	GSE33443	Homo sapiens			Breast cancer	MCF-7	Expression profiling by array	Total RNA	human cellline	Breast cancer; MCF-7	/	control	GSM827016; GSM827019; GSM827022	treated with tomato leaves extract (TLE) in 48h	GSM827018; GSM827021; GSM827024	treated	GPL6244:[HuGene-1_0-st] Affymetrix Human Gene 1.0 ST Array [transcript (gene) version]
HBEXP000035	HERB001616	FAN QIE;番茄;Tomato;Lycopersicon esculentum	Herb	GSE33763	Mus musculus			Embryonic stem cell	ES	Expression profiling by array	Total RNA	mouse	Embryonic stem cell; ES	/	control	GSM835190; GSM835194; GSM835198	2C::tomato ES cells from mutant ES cultures	GSM835191; GSM835195; GSM835199	treated	GPL6246:[MoGene-1_0-st] Affymetrix Mouse Gene 1.0 ST Array [transcript (gene) version]
HBEXP000036	HERB001616	FAN QIE;番茄;Tomato;Lycopersicon esculentum	Herb	GSE94548	Homo sapiens			Breast cancer	MCF-7	Expression profiling by array	Total RNA	human cellline	Breast cancer; MCF-7	/	wild type tomato fruit	GSM2478011; GSM2478012	MCF-7_Treated with WT tomato fruit extract with 1 ug/ml for 24h	GSM2478005; GSM2478006	treated	GPL15207:[PrimeView] Affymetrix Human Gene Expression Array
HBEXP000037	HERB001616	FAN QIE;番茄;Tomato;Lycopersicon esculentum	Herb	GSE94548	Homo sapiens			Breast cancer	MCF-7	Expression profiling by array	Total RNA	human cellline	Breast cancer; MCF-7	/	wild type tomato fruit	GSM2478011; GSM2478012	MCF-7_Treated with L6 tomato fruit extract with 1 ug/ml for 24h	GSM2478007; GSM2478008	treated	GPL15207:[PrimeView] Affymetrix Human Gene Expression Array
HBEXP000038	HERB001616	FAN QIE;番茄;Tomato;Lycopersicon esculentum	Herb	GSE94548	Homo sapiens			Breast cancer	MCF-7	Expression profiling by array	Total RNA	human cellline	Breast cancer; MCF-7	/	wild type tomato fruit	GSM2478011; GSM2478012	MCF-7_Treated with L7 tomato fruit extract with 1 ug/ml for 24h	GSM2478009; GSM2478010	treated	GPL15207:[PrimeView] Affymetrix Human Gene Expression Array
HBEXP000039	HERB001705	FENG JIAO;蜂胶;Propolis;Apis mellifera ligustica	Herb	GSE46110	Mus musculus	C57BL/6J	Adipose			Expression profiling by array	Total RNA	mouse	C57BL/6J; Adipose	/	vehicle control	GSM1123902; GSM1123903; GSM1123904	inhjected with Brazilian propolis ethanol extract (100mg/kg ip, twice a week) for 12 weeks	GSM1123905; GSM1123906; GSM1123907	injection	GPL10787:Agilent-028005 SurePrint G3 Mouse GE 8x60K Microarray (Probe Name version)
HBEXP000040	HERB002276	HONG HUA;红花;Safflower;Flos Carthami	Herb	GSE18586	Mus musculus	C57BL/6J	Small intestine			Expression profiling by array	Total RNA	mouse	C57BL/6J; Small intestine	Nine-week-old C57Bl/6J mice	control	GSM462270; GSM462273; GSM462276	Safflower oil (HF-SO; P/S 7.8) for 8 weeks	GSM462272; GSM462275; GSM462278	feed	GPL1261:[Mouse430_2] Affymetrix Mouse Genome 430 2.0 Array
HBEXP000041	HERB002560	HUANG QI;黄芪;root of Membranous Milkvetch;Radix Astragali	Herb	GSE70772	Homo sapiens		HCT116 colon cancer xenograft			Expression profiling by array	Total RNA	human cellline	HCT116 colon cancer xenograft	/	water 	GSM1818003; GSM1818004; GSM1818005; GSM1818006; GSM1818007; GSM1818008; GSM1818009; GSM1818010	treated with Astragalus membranaceus for 28 days	GSM1818011; GSM1818012; GSM1818013; GSM1818014; GSM1818015; GSM1818016; GSM1818017; GSM1818018	treated	GPL17586:[HTA-2_0] Affymetrix Human Transcriptome Array 2.0 [transcript (gene) version]
HBEXP000042	HERB003106	KE KE;可可;Cocoa;Theobroma cacao	Herb	GSE102895	Homo sapiens		Peripheral blood	Dendritic cell		Expression profiling by array	Total RNA	human cellline	Peripheral blood; Dendritic cell	/	control	GSM2747889; GSM2747890; GSM2747891	treated with Cocoa procyanidins for 6h	GSM2747892; GSM2747893; GSM2747894	treated	GPL10904:Illumina HumanHT-12 V4.0 expression beadchip (gene symbol)
HBEXP000043	HERB003361	LIAN QIAO;连翘;Weeping Forsythia Capsule;Fructus Forsythiae	Herb	GSE20389	Mus musculus		Soft tissue overlying calvarial bone			Expression profiling by array	Total RNA	mouse	Soft tissue overlying calvarial bone	/	vehicle control	GSM463608; GSM463609; GSM463610; GSM463611; GSM463612	injected T. forsythia at 1.5 x 109 (N = 10) fro 3 days in bone	GSM511102; GSM511103; GSM511104; GSM511105; GSM511106	injected into the soft tissues overlying the calvaria	GPL339:[MOE430A] Affymetrix Mouse Expression 430A Array
HBEXP000044	HERB003361	LIAN QIAO;连翘;Weeping Forsythia Capsule;Fructus Forsythiae	Herb	GSE20389	Mus musculus		Calvarial bone			Expression profiling by array	Total RNA	mouse	Calvarial bone	/	vehicle control	GSM463618; GSM463619; GSM463620; GSM463621	injected T. forsythia at 1.5 x 109 (N = 10) fro 3 days in soft tissue	GSM511107; GSM511108; GSM511109	injected into the soft tissues overlying the calvaria	GPL339:[MOE430A] Affymetrix Mouse Expression 430A Array
HBEXP000045	HERB003444	LING ZHI;灵芝;Lucid Ganoderma;Ganoderma Lucidum seu Japonicum	Herb	GSE117503	Mus musculus			Hepatoma	Hepa1-6	Expression profiling by array	Total RNA	mouse	Hepatoma; Hepa1-6	/	control	GSM3302001; GSM3302002; GSM3302003	treated with Ganoderma lucidum extract (GLE) for Hepa1-6-bearing C57 BL/6 mice	GSM3302004; GSM3302005; GSM3302006	treated	GPL21994:Agilent-049801 Custom Mouse lncRNA 4*180K array
HBEXP000046	HERB003617	LV CHA;绿茶;Green Tea;Folium camelliae sinensis	Herb	GSE77964	Mus musculus	C57BL/6	Liver			Expression profiling by array	Total RNA	mouse	C57BL/6; Liver	/	control	GSM2062641; GSM2062642; GSM2062643	treated with Green Tea for liver tissues of treated NAFLD	GSM2062648; GSM2062649; GSM2062650	treated	GPL20964:Agilent-028005 Whole Genome Mouse 8x60k Array (Probe name version)
HBEXP000047	HERB003617	LV CHA;绿茶;Green Tea;Folium camelliae sinensis	Herb	GSE86080	Mus musculus	C57BL/6J	Epididymal adipose			Expression profiling by high throughput sequencing	mRNA	mouse	C57BL/6J; Epididymal adipose	/	control	GSM2293225; GSM2293226; GSM2293227	green tea extract added high-fat diet-fed	GSM2293228; GSM2293229; GSM2293230	feed	GPL17021:Illumina HiSeq 2500 (Mus musculus)
HBEXP000048	HERB003617	LV CHA;绿茶;Green Tea;Folium camelliae sinensis	Herb	GSE86080	Mus musculus	C57BL/6J	Liver			Expression profiling by high throughput sequencing	mRNA	mouse	C57BL/6J; Liver	/	control	GSM2293234; GSM2293235; GSM2293236	green tea extract added high-fat diet-fed	GSM2293237; GSM2293238; GSM2293239	feed	GPL17021:Illumina HiSeq 2500 (Mus musculus)
HBEXP000049	HERB003748	MANG XIAO;芒硝;Sodium Sulfate;Natrii Sulfas1	Herb	GSE57533	Mus musculus		Colon	Epithelial cell		Expression profiling by high throughput sequencing	mRNA	mouse	Colon; Epithelial cell	/	control	GSM1384318; GSM1384319; GSM1384320	induced by applying dextran sodium sulfate (DSS)	GSM1384321; GSM1384322; GSM1384323; GSM1384324	treated	GPL13112:Illumina HiSeq 2000 (Mus musculus)
HBEXP000050	HERB003790	MAO HUA MI HOU TAO;毛花猕猴桃;Hairyflower Actinidia;Actinidia eriantha	Herb	GSE120832	Mus musculus			Macrophage	RAW 264.7	Expression profiling by array	Total RNA	mouse	Macrophage; RAW 264.7	/	control	GSM3416533; GSM3416534; GSM3416535	treated with Actinidia eriantha (AEPS) 50 ug/ml for 4h	GSM3416536; GSM3416537; GSM3416538	treated	GPL10787:Agilent-028005 SurePrint G3 Mouse GE 8x60K Microarray (Probe Name version)
HBEXP000051	HERB004280	OU ZHOU JUE;欧洲蕨;Bracken;Pteridium aquilinum	Herb	GSE31991	Mus musculus	C57BL/6	Gastric mucosa			Expression profiling by array	Total RNA	mouse	C57BL/6; Gastric mucosa	/	control	GSM792379; GSM792380; GSM792381	treated with Bracken fern extract	GSM792382; GSM792383; GSM792384	treated	GPL11098:[Glyco_v4_Mm] Affymetrix Glyco v4 GeneChip
HBEXP000052	HERB004899	SHAN JIN CHE;山金车;Mountain Tobacco;Arnica montana	Herb	GSE77382	Homo sapiens			Acute monocytic leukemia	THP1	Expression profiling by high throughput sequencing	mRNA	human cellline	Acute monocytic leukemia; THP1	/	control	GSM2051122; GSM2051123; GSM2051124; GSM2051125; GSM2051126	Arnica m. centesimal (c) dilution 2c	GSM2051127; GSM2051128; GSM2051129; GSM2051130; GSM2051131	treated	GPL18573:Illumina NextSeq 500 (Homo sapiens)
HBEXP000053	HERB005109	SHI ZI;柿子;Persimmon;Diospyros kaki	Herb	GSE67573	Mus musculus	KK-Ay	Liver			Expression profiling by array	Total RNA	mouse	KK-Ay; Liver	individually housed in plastic cages and maintained at 22 ± 1°C under a 12-h light/dark cycle (lights on from 08:00 to 20:00 daily)	control	GSM1649881; GSM1649882; GSM1649883; GSM1649884	fed a commercial diet containing 1 g/kg of persimmon peel (PP) extract extract for 8 weeks	GSM1649885; GSM1649886; GSM1649887; GSM1649888	feed	GPL1261:[Mouse430_2] Affymetrix Mouse Genome 430 2.0 Array
HBEXP000054	HERB005147	SHUANG BAO MO GU;双孢蘑菇;Bispore Mushroom;Agaricus bisporus	Herb	GSE31854	Mus musculus	C57BL/6J	Liver			Expression profiling by array	Total RNA	mouse	C57BL/6J; Liver	ovariectomized mice	control	GSM790048; GSM790049; GSM790050; GSM790051	fed WBM diet for 3 month	GSM790052; GSM790053; GSM790054; GSM790055	feed	GPL6246:[MoGene-1_0-st] Affymetrix Mouse Gene 1.0 ST Array [transcript (gene) version]
HBEXP000055	HERB005394	TAN XIANG YOU;檀香油;Oleum Santali albi;NA	Herb	GSE106734	Homo sapiens		Skin			Expression profiling by array	Total RNA	human cellline	Skin	/	control	GSM2849580; GSM2849581; GSM2849582	sandalwood oil (2%) 9h	GSM2849592; GSM2849593; GSM2849594	treated	GPL16699:Agilent-039494 SurePrint G3 Human GE v2 8x60K Microarray 039381 (Feature Number version)
HBEXP000056	HERB005394	TAN XIANG YOU;檀香油;Oleum Santali albi;NA	Herb	GSE106734	Homo sapiens		Skin			Expression profiling by array	Total RNA	human cellline	Skin	/	control	GSM2849580; GSM2849581; GSM2849582	sandalwood oil (2%) 24h	GSM2849595; GSM2849596	treated	GPL16699:Agilent-039494 SurePrint G3 Human GE v2 8x60K Microarray 039381 (Feature Number version)
HBEXP000057	HERB005394	TAN XIANG YOU;檀香油;Oleum Santali albi;NA	Herb	GSE106734	Homo sapiens		Skin			Expression profiling by array	Total RNA	human cellline	Skin	/	control	GSM2849583; GSM2849584; GSM2849585	sandalwood oil (0.4%) 9h	GSM2849597; GSM2849598; GSM2849599	treated	GPL16699:Agilent-039494 SurePrint G3 Human GE v2 8x60K Microarray 039381 (Feature Number version)
HBEXP000058	HERB005394	TAN XIANG YOU;檀香油;Oleum Santali albi;NA	Herb	GSE106734	Homo sapiens		Skin			Expression profiling by array	Total RNA	human cellline	Skin	/	control	GSM2849583; GSM2849584; GSM2849585	sandalwood oil (0.4%) 24h	GSM2849600; GSM2849601; GSM2849602	treated	GPL16699:Agilent-039494 SurePrint G3 Human GE v2 8x60K Microarray 039381 (Feature Number version)
HBEXP000059	HERB005427	TI MU CAO;梯牧草;Timothy;Phleum pratense	Herb	GSE43497	Homo sapiens		Peripheral blood	CD4+ T cell		Expression profiling by array	Total RNA	human cellline	Peripheral blood; CD4+ T cell	/	control at time Base	GSM1064180; GSM1064188; GSM1064194; GSM1064202; GSM1064210; GSM1064218; GSM1064226; GSM1064234; GSM1064242; GSM1064250; GSM1064258; GSM1064266	timothy grass pollen at time Base	GSM1064176; GSM1064184; GSM1064190; GSM1064198; GSM1064206; GSM1064214; GSM1064222; GSM1064230; GSM1064238; GSM1064246; GSM1064254; GSM1064262	treated	GPL6244:[HuGene-1_0-st] Affymetrix Human Gene 1.0 ST Array [transcript (gene) version]
HBEXP000060	HERB005427	TI MU CAO;梯牧草;Timothy;Phleum pratense	Herb	GSE43497	Homo sapiens		Peripheral blood	CD4+ T cell		Expression profiling by array	Total RNA	human cellline	Peripheral blood; CD4+ T cell	/	control at 3 hours	GSM1064181; GSM1064195; GSM1064203; GSM1064211; GSM1064219; GSM1064227; GSM1064235; GSM1064243; GSM1064251; GSM1064259; GSM1064267	timothy grass pollen at 3h	GSM1064177; GSM1064185; GSM1064191; GSM1064199; GSM1064207; GSM1064215; GSM1064223; GSM1064231; GSM1064239; GSM1064247; GSM1064255; GSM1064263	treated	GPL6244:[HuGene-1_0-st] Affymetrix Human Gene 1.0 ST Array [transcript (gene) version]
HBEXP000061	HERB005427	TI MU CAO;梯牧草;Timothy;Phleum pratense	Herb	GSE43497	Homo sapiens		Peripheral blood	CD4+ T cell		Expression profiling by array	Total RNA	human cellline	Peripheral blood; CD4+ T cell	/	control at 6  hours	GSM1064182; GSM1064196; GSM1064204; GSM1064212; GSM1064220; GSM1064228; GSM1064236; GSM1064244; GSM1064252; GSM1064260; GSM1064268	timothy grass pollen at 6h	GSM1064178; GSM1064186; GSM1064192; GSM1064200; GSM1064208; GSM1064216; GSM1064224; GSM1064232; GSM1064240; GSM1064248; GSM1064256; GSM1064264	treated	GPL6244:[HuGene-1_0-st] Affymetrix Human Gene 1.0 ST Array [transcript (gene) version]
HBEXP000062	HERB005427	TI MU CAO;梯牧草;Timothy;Phleum pratense	Herb	GSE43497	Homo sapiens		Peripheral blood	CD4+ T cell		Expression profiling by array	Total RNA	human cellline	Peripheral blood; CD4+ T cell	/	control at 24 hours	GSM1064183; GSM1064189; GSM1064197; GSM1064205; GSM1064213; GSM1064221; GSM1064229; GSM1064237; GSM1064245; GSM1064253; GSM1064261; GSM1064269	timothy grass pollen at 24h	GSM1064179; GSM1064187; GSM1064193; GSM1064201; GSM1064209; GSM1064217; GSM1064225; GSM1064233; GSM1064241; GSM1064249; GSM1064257; GSM1064265	treated	GPL6244:[HuGene-1_0-st] Affymetrix Human Gene 1.0 ST Array [transcript (gene) version]
HBEXP000063	HERB005427	TI MU CAO;梯牧草;Timothy;Phleum pratense	Herb	GSE43497	Homo sapiens		Peripheral blood	CD4+ T cell		Expression profiling by array	Total RNA	human cellline	Peripheral blood; CD4+ T cell	/	control at time Base	GSM1064274; GSM1064282; GSM1064290; GSM1064298; GSM1064306; GSM1064314; GSM1064322; GSM1064330; GSM1064338; GSM1064346; GSM1064354; GSM1064362; 	timothy grass pollen at time Base	GSM1064270; GSM1064278; GSM1064286; GSM1064294; GSM1064302; GSM1064310; GSM1064318; GSM1064326; GSM1064334; GSM1064342; GSM1064350; GSM1064358; 	treated	GPL6244:[HuGene-1_0-st] Affymetrix Human Gene 1.0 ST Array [transcript (gene) version]
HBEXP000064	HERB005427	TI MU CAO;梯牧草;Timothy;Phleum pratense	Herb	GSE43497	Homo sapiens		Peripheral blood	CD4+ T cell		Expression profiling by array	Total RNA	human cellline	Peripheral blood; CD4+ T cell	/	control at 3 hours	GSM1064275; GSM1064283; GSM1064291; GSM1064299; GSM1064307; GSM1064315; GSM1064323; GSM1064331; GSM1064339; GSM1064347; GSM1064355; GSM1064363; 	timothy grass pollen at 3h	GSM1064271; GSM1064279; GSM1064287; GSM1064295; GSM1064303; GSM1064311; GSM1064319; GSM1064327; GSM1064335; GSM1064343; GSM1064351; GSM1064359; 	treated	GPL6244:[HuGene-1_0-st] Affymetrix Human Gene 1.0 ST Array [transcript (gene) version]
HBEXP000065	HERB005427	TI MU CAO;梯牧草;Timothy;Phleum pratense	Herb	GSE43497	Homo sapiens		Peripheral blood	CD4+ T cell		Expression profiling by array	Total RNA	human cellline	Peripheral blood; CD4+ T cell	/	control at 6  hours	GSM1064276; GSM1064284; GSM1064292; GSM1064300; GSM1064308; GSM1064316; GSM1064324; GSM1064332; GSM1064340; GSM1064348; GSM1064356; GSM1064364; 	timothy grass pollen at 6h	GSM1064272; GSM1064280; GSM1064288; GSM1064296; GSM1064304; GSM1064312; GSM1064320; GSM1064328; GSM1064336; GSM1064344; GSM1064352; GSM1064360; 	treated	GPL6244:[HuGene-1_0-st] Affymetrix Human Gene 1.0 ST Array [transcript (gene) version]
HBEXP000066	HERB005427	TI MU CAO;梯牧草;Timothy;Phleum pratense	Herb	GSE43497	Homo sapiens		Peripheral blood	CD4+ T cell		Expression profiling by array	Total RNA	human cellline	Peripheral blood; CD4+ T cell	/	control at 24 hours	GSM1064277; GSM1064285; GSM1064293; GSM1064301; GSM1064309; GSM1064317; GSM1064325; GSM1064333; GSM1064341; GSM1064349; GSM1064357; GSM1064365; 	timothy grass pollen at 24h	GSM1064273; GSM1064281; GSM1064289; GSM1064297; GSM1064305; GSM1064313; GSM1064321; GSM1064329; GSM1064337; GSM1064345; GSM1064353; GSM1064361; 	treated	GPL6244:[HuGene-1_0-st] Affymetrix Human Gene 1.0 ST Array [transcript (gene) version]
HBEXP000067	HERB006326	YA MA ZI;亚麻子;Linseed;Semen Lini	Herb	GSE73290	Mus musculus	C57BL/6J	Liver			Expression profiling by array	Total RNA	mouse	C57BL/6J; Liver	male C57BL/6J mice	control	GSM1890195; GSM1890196; GSM1890197; GSM1890198; GSM1890199; GSM1890200; GSM1890201; GSM1890202; GSM1890203; GSM1890204	fed during 5 weeks linseed oil	GSM1890187; GSM1890188; GSM1890189; GSM1890190; GSM1890191; GSM1890192; GSM1890193; GSM1890194	feed	GPL11202:Agilent-026655 Whole Mouse Genome Microarray 4x44K v2 (Probe Name version)
HBEXP000068	HERB006364	YAN QU MEI;烟曲霉;NA;Aspergillus fumigatus	Herb	GSE16628	Homo sapiens			Bronchial epithelial cell	16HBE	Expression profiling by array	Total RNA	human cellline	Bronchial epithelial cell; 16HBE	/	control	GSM417467; GSM417468; GSM417469; GSM417470	in the presence or absence of A. fumigatus conidiospores for 6h	GSM417471; GSM417472; GSM417473; GSM417474	treated	GPL6480:Agilent-014850 Whole Human Genome Microarray 4x44K G4112F (Probe Name version)
HBEXP000069	HERB006364	YAN QU MEI;烟曲霉;NA;Aspergillus fumigatus	Herb	GSE16637	Homo sapiens			Bronchial epithelial cell	16HBE	Expression profiling by array	Total RNA	human cellline	Bronchial epithelial cell; 16HBE	/	control	GSM417471; GSM417472; GSM417473; GSM417474	interactions between Aspergillus fumigatus conidiospores and human bronchial epithelial cells	GSM417494; GSM417495; GSM417496; GSM417497	treated	GPL5346:JCVI PFGRC Aspergillus fumigatus 22K v3 array designed primarily based on strain Af293;GPL6480:Agilent-014850 Whole Human Genome Microarray 4x44K G4112F (Probe Name version)
HBEXP000070	HERB006364	YAN QU MEI;烟曲霉;NA;Aspergillus fumigatus	Herb	GSE28258	Mus musculus	BALB/c	Spleen			Expression profiling by array	Total RNA	mouse	BALB/c; Spleen	/	control	GSM699447; GSM699448; GSM699449; GSM699450; GSM699451; GSM699452; GSM699453; GSM699454; GSM699455	Aspergillus fumigatus (A. fumigatus)-sensitized mice	GSM699456; GSM699457; GSM699458; GSM699459; GSM699460; GSM699461; GSM699462	treated	GPL13166:Mouse alternative splice junctions array
HBEXP000071	HERB006364	YAN QU MEI;烟曲霉;NA;Aspergillus fumigatus	Herb	GSE28806	Homo sapiens			Lung cancer	A549	Expression profiling by array	Total RNA	human cellline	Lung cancer; A549	/	control	GSM713366; GSM713369; GSM713372	human alveolar epithelial after after 3h co-cultivation with Aspergillus fumigatus	GSM713367; GSM713370; GSM713373	cultivated	GPL10270:Operon Oligonucleotide Set Innate Immunity and Aspergillosis
HBEXP000072	HERB006364	YAN QU MEI;烟曲霉;NA;Aspergillus fumigatus	Herb	GSE28806	Homo sapiens			Lung cancer	A549	Expression profiling by array	Total RNA	human cellline	Lung cancer; A549	/	control	GSM713366; GSM713369; GSM713372	human alveolar epithelial after after 6h co-cultivation with Aspergillus fumigatus	GSM713368; GSM713371; GSM713374	cultivated	GPL10270:Operon Oligonucleotide Set Innate Immunity and Aspergillosis
HBEXP000073	HERB006364	YAN QU MEI;烟曲霉;NA;Aspergillus fumigatus	Herb	GSE28806	Homo sapiens			Endothelial cell	HPAEC	Expression profiling by array	Total RNA	human cellline	Endothelial cell; HPAEC	/	control	GSM713375; GSM713381; GSM713387	human alveolar endotheliuml after 3h co-cultivation with Aspergillus fumigatus	GSM713376; GSM713382; GSM713388	cultivated	GPL10270:Operon Oligonucleotide Set Innate Immunity and Aspergillosis
HBEXP000074	HERB006364	YAN QU MEI;烟曲霉;NA;Aspergillus fumigatus	Herb	GSE28806	Homo sapiens			Endothelial cell	HPAEC	Expression profiling by array	Total RNA	human cellline	Endothelial cell; HPAEC	/	control	GSM713375; GSM713381; GSM713387	human alveolar endotheliuml after 6h co-cultivation with Aspergillus fumigatus	GSM713377; GSM713383; GSM713389	cultivated	GPL10270:Operon Oligonucleotide Set Innate Immunity and Aspergillosis
HBEXP000075	HERB006364	YAN QU MEI;烟曲霉;NA;Aspergillus fumigatus	Herb	GSE28806	Homo sapiens			Endothelial cell	HPAEC	Expression profiling by array	Total RNA	human cellline	Endothelial cell; HPAEC	/	control	GSM713378; GSM713384	human alveolar endotheliuml after 3h co-cultivation with Aspergillus fumigatus	GSM713379; GSM713385; GSM713390	cultivated	GPL10270:Operon Oligonucleotide Set Innate Immunity and Aspergillosis
HBEXP000076	HERB006364	YAN QU MEI;烟曲霉;NA;Aspergillus fumigatus	Herb	GSE28806	Homo sapiens			Endothelial cell	HPAEC	Expression profiling by array	Total RNA	human cellline	Endothelial cell; HPAEC	/	control	GSM713378; GSM713384	human alveolar endotheliuml after 6h co-cultivation with Aspergillus fumigatus	GSM713380; GSM713386; GSM713391	cultivated	GPL10270:Operon Oligonucleotide Set Innate Immunity and Aspergillosis
HBEXP000077	HERB006364	YAN QU MEI;烟曲霉;NA;Aspergillus fumigatus	Herb	GSE34884	Homo sapiens		Peripheral blood	Myeloid dendritic cell		Expression profiling by array	Total RNA	human cellline	Peripheral blood; Myeloid dendritic cell	/	control(wildtype)	GSM857129; GSM857130; GSM857131	co-cultured with conidia (con) of Aspergillus fumigatus knockout (rodA) for 6h	GSM857123; GSM857124; GSM857125	treated	GPL15090:Operon Oligonucleotide Set Innate Immunity and Aspergillosis 7MM
HBEXP000078	HERB006364	YAN QU MEI;烟曲霉;NA;Aspergillus fumigatus	Herb	GSE34884	Homo sapiens		Peripheral blood	Myeloid dendritic cell		Expression profiling by array	Total RNA	human cellline	Peripheral blood; Myeloid dendritic cell	/	control(wildtype)	GSM857132; GSM857133; GSM857134	co-cultured with germlings (ks) of Aspergillus fumigatus knockout (mitA) for 6h	GSM857117; GSM857118; GSM857119	treated	GPL15090:Operon Oligonucleotide Set Innate Immunity and Aspergillosis 7MM
HBEXP000079	HERB006364	YAN QU MEI;烟曲霉;NA;Aspergillus fumigatus	Herb	GSE34884	Homo sapiens		Peripheral blood	Myeloid dendritic cell		Expression profiling by array	Total RNA	human cellline	Peripheral blood; Myeloid dendritic cell	/	control(wildtype)	GSM857132; GSM857133; GSM857134	co-cultured with germlings (ks) of Aspergillus fumigatus knockout (mnt1) for 6h	GSM857120; GSM857121; GSM857122	treated	GPL15090:Operon Oligonucleotide Set Innate Immunity and Aspergillosis 7MM
HBEXP000080	HERB006364	YAN QU MEI;烟曲霉;NA;Aspergillus fumigatus	Herb	GSE34884	Homo sapiens		Peripheral blood	Myeloid dendritic cell		Expression profiling by array	Total RNA	human cellline	Peripheral blood; Myeloid dendritic cell	/	control(wildtype)	GSM857132; GSM857133; GSM857134	co-cultured with germlings (ks) of Aspergillus fumigatus knockout (rodA) for 6h	GSM857126; GSM857127; GSM857128	treated	GPL15090:Operon Oligonucleotide Set Innate Immunity and Aspergillosis 7MM
HBEXP000081	HERB006364	YAN QU MEI;烟曲霉;NA;Aspergillus fumigatus	Herb	GSE55467	Homo sapiens		Peripheral blood	pDC		Expression profiling by array	Total RNA	human cellline	Peripheral blood; pDC	/	control	GSM1337398; GSM1337399; GSM1337400	Aspergillus fumigatus for 2h	GSM1337401; GSM1337402; GSM1337403	treated	GPL16686:[HuGene-2_0-st] Affymetrix Human Gene 2.0 ST Array [transcript (gene) version]
HBEXP000082	HERB006364	YAN QU MEI;烟曲霉;NA;Aspergillus fumigatus	Herb	GSE55467	Homo sapiens		Peripheral blood	pDC		Expression profiling by array	Total RNA	human cellline	Peripheral blood; pDC	/	control	GSM1337398; GSM1337399; GSM1337400	Aspergillus fumigatus for 4h	GSM1337404; GSM1337405; GSM1337406	treated	GPL16686:[HuGene-2_0-st] Affymetrix Human Gene 2.0 ST Array [transcript (gene) version]
HBEXP000083	HERB006364	YAN QU MEI;烟曲霉;NA;Aspergillus fumigatus	Herb	GSE60729	Homo sapiens		Peripheral blood	Dendritic cell		Expression profiling by array	Total RNA	human cellline	Peripheral blood; Dendritic cell	/	control	GSM1486351; GSM1486352; GSM1486353	Aspergillus fumigatus	GSM1846354; GSM1846355; GSM1846356	cultivated	GPL13667:[HG-U219] Affymetrix Human Genome U219 Array
HBEXP000084	HERB006364	YAN QU MEI;烟曲霉;NA;Aspergillus fumigatus	Herb	GSE61955	Homo sapiens		Lung	NHBE		Expression profiling by high throughput sequencing	Total RNA	human cellline	Lung; NHBE	/	control	GSM1517651; GSM1517652	Aspergillus fumigatus infection 2h	GSM1517657; GSM1517658	treated	GPL11154:Illumina HiSeq 2000 (Homo sapiens)
HBEXP000085	HERB006364	YAN QU MEI;烟曲霉;NA;Aspergillus fumigatus	Herb	GSE69723	Homo sapiens		Peripheral blood	Dendritic cell		Expression profiling by array	Total RNA	human cellline	Peripheral blood; Dendritic cell	/	control	GSM1707882; GSM1707886; GSM1707890; GSM1707894	co-cultivated with Aspergillus fumigatus 46645 germ tubes for 6h	GSM1707885; GSM1707889; GSM1707893; GSM1707897	cultivated	GPL13667:[HG-U219] Affymetrix Human Genome U219 Array
HBEXP000086	HERB006364	YAN QU MEI;烟曲霉;NA;Aspergillus fumigatus	Herb	GSE74924	Homo sapiens		Peripheral blood	Macrophage		Expression profiling by high throughput sequencing	mRNA	human cellline	Peripheral blood; Macrophage	/	control	GSM1937826; GSM1937827; GSM1937828; GSM1937829; GSM1937830	1 hour stimulation with live Aspergillus fumigatus with FK506 pre-treatment	GSM1937838; GSM1937839; GSM1937840; GSM1937841; GSM1937842	treated	GPL11154:Illumina HiSeq 2000 (Homo sapiens)
HBEXP000087	HERB006364	YAN QU MEI;烟曲霉;NA;Aspergillus fumigatus	Herb	GSE74924	Homo sapiens		Peripheral blood	Macrophage		Expression profiling by high throughput sequencing	mRNA	human cellline	Peripheral blood; Macrophage	/	control	GSM1937826; GSM1937827; GSM1937828; GSM1937829; GSM1937830	6 hour stimulation with live Aspergillus fumigatus	GSM1937850; GSM1937851; GSM1937852; GSM1937853; GSM1937854	treated	GPL11154:Illumina HiSeq 2000 (Homo sapiens)
HBEXP000088	HERB006364	YAN QU MEI;烟曲霉;NA;Aspergillus fumigatus	Herb	GSE77969	Homo sapiens		Peripheral blood	Dendritic cell		Expression profiling by array	Total RNA	human cellline	Peripheral blood; Dendritic cell	/	control	GSM2062979; GSM2062983; GSM2062987; GSM2062990	Aspergillus fumigatus 46645 germ tubes for 12h	GSM2062982; GSM2062986; GSM2062989; GSM2062993	treated	GPL13667:[HG-U219] Affymetrix Human Genome U219 Array
HBEXP000089	HERB006364	YAN QU MEI;烟曲霉;NA;Aspergillus fumigatus	Herb	GSE78000	Homo sapiens		Peripheral blood			Expression profiling by array	Total RNA	human cellline	Peripheral blood	/	control	GSM2064427; GSM2064428; GSM2064429; GSM2064430; GSM2064431; GSM2064432; GSM2064433; GSM2064434; GSM2064435	invasive aspergillosis (IA) was compared to patients	GSM2064391; GSM2064392; GSM2064393; GSM2064394; GSM2064395; GSM2064396; GSM2064397; GSM2064398; GSM2064399; GSM2064400; GSM2064401; GSM2064402; GSM2064403; GSM2064404; GSM2064405; GSM2064406; GSM2064407; GSM2064408; GSM2064409; GSM2064410; GSM2064411; GSM2064412; GSM2064413	treated	GPL21464:[HG-U219_Hs_ENTREZG_19] Affymetrix Human Genome U219 Array [CDF: Brainarray HGU219_Hs_ENTREZG_19.0.0]
HBEXP000090	HERB006364	YAN QU MEI;烟曲霉;NA;Aspergillus fumigatus	Herb	GSE84921	Homo sapiens		Peripheral blood	Dendritic cell		Expression profiling by array	Total RNA	human cellline	Peripheral blood; Dendritic cell	/	control	GSM2254220; GSM2254228; GSM2254236	after 6h of co-cultivation with Aspergillus fumigatus	GSM2254222; GSM2254230; GSM2254238	treated	GPL13667:[HG-U219] Affymetrix Human Genome U219 Array
HBEXP000091	HERB006364	YAN QU MEI;烟曲霉;NA;Aspergillus fumigatus	Herb	GSE84921	Homo sapiens		Peripheral blood	Macrophage		Expression profiling by array	Total RNA	human cellline	Peripheral blood; Macrophage	/	control	GSM2254224; GSM2254232; GSM2254240	after 6h of co-cultivation with Aspergillus fumigatus	GSM2254226; GSM2254234; GSM2254242	treated	GPL13667:[HG-U219] Affymetrix Human Genome U219 Array
HBEXP000092	HERB006666	YONG CHONG CAO;蛹虫草;Scarlet Caterpillar Fung us Equivalent plant: REN GONG YONG CHONG CAO;Cordyceps militaris	Herb	GSE81389	Mus musculus		Spleen			Expression profiling by array	Total RNA	mouse	Spleen	fed under the conditions with a relative humidity of 40-70%, at 20±1℃ and in a sterile environment for 1week	control	GSM2151620; GSM2151621; GSM2151622	Cordyceps militaris polypeptide were orally given 800 mg/kg once daily continuously for 45 days	GSM2151623; GSM2151624; GSM2151625	oral	GPL11202:Agilent-026655 Whole Mouse Genome Microarray 4x44K v2 (Probe Name version)
HBEXP000093	HERB006700	YOU ZONG;油棕;Oilpalm;Elaeis guineensis	Herb	GSE28824	Mus musculus	BALB/c	Liver			Expression profiling by array	Total RNA	mouse	BALB/c; Liver	/	distilled water and a normal diet for 6 weeks	GSM714006; GSM714007; GSM714008; GSM714009	oil palm phenolics and a normal diet for 6 weeks	GSM714010; GSM714011; GSM714012	given	GPL6422:Sentrix MouseRef-8 Expression BeadChip
HBEXP000094	HERB006700	YOU ZONG;油棕;Oilpalm;Elaeis guineensis	Herb	GSE28824	Mus musculus	BALB/c	Spleen			Expression profiling by array	Total RNA	mouse	BALB/c; Spleen	/	distilled water and a normal diet for 6 weeks	GSM714013; GSM714014; GSM714015; GSM714016	oil palm phenolics and a normal diet for 6 weeks	GSM714017; GSM714018; GSM714019; GSM714020	given	GPL6422:Sentrix MouseRef-8 Expression BeadChip
HBEXP000095	HERB006700	YOU ZONG;油棕;Oilpalm;Elaeis guineensis	Herb	GSE28824	Mus musculus	BALB/c	Heart			Expression profiling by array	Total RNA	mouse	BALB/c; Heart	/	distilled water and a normal diet for 6 weeks	GSM714021; GSM714022; GSM714023; GSM714024	oil palm phenolics and a normal diet for 6 weeks	GSM714025; GSM714026; GSM714027; GSM714028	given	GPL6422:Sentrix MouseRef-8 Expression BeadChip
HBEXP000096	HERB006700	YOU ZONG;油棕;Oilpalm;Elaeis guineensis	Herb	GSE30907	Mus musculus	BALB/c	Liver			Expression profiling by array	Total RNA	mouse	BALB/c; Liver	/	distilled water and an atherogenic diet for 6 weeks	GSM766273; GSM766274; GSM766275; GSM766276	oil palm phenolics and an atherogenic diet for 6 weeks	GSM766277; GSM766278; GSM766279	treated	GPL6422:Sentrix MouseRef-8 Expression BeadChip
HBEXP000097	HERB006700	YOU ZONG;油棕;Oilpalm;Elaeis guineensis	Herb	GSE30907	Mus musculus	BALB/c	Spleen			Expression profiling by array	Total RNA	mouse	BALB/c; Spleen	/	distilled water and an atherogenic diet for 6 weeks	GSM766280; GSM766281; GSM766282	oil palm phenolics and an atherogenic diet for 6 weeks	GSM766283; GSM766284; GSM766285	treated	GPL6422:Sentrix MouseRef-8 Expression BeadChip
HBEXP000098	HERB006700	YOU ZONG;油棕;Oilpalm;Elaeis guineensis	Herb	GSE30907	Mus musculus	BALB/c	Heart			Expression profiling by array	Total RNA	mouse	BALB/c; Heart	/	distilled water and an atherogenic diet for 6 weeks	GSM766286; GSM766287; GSM766288	oil palm phenolics and an atherogenic diet for 6 weeks	GSM766289; GSM766290; GSM766291	treated	GPL6422:Sentrix MouseRef-8 Expression BeadChip
HBEXP000099	HERB006700	YOU ZONG;油棕;Oilpalm;Elaeis guineensis	Herb	GSE36576	Mus musculus	BALB/c	Spleen			Expression profiling by array	Total RNA	mouse	BALB/c; Spleen	/	control	GSM897033; GSM897034; GSM897035	oil palm phenolics for 18h 	GSM897036; GSM897037; GSM897038	treated	GPL6422:Sentrix MouseRef-8 Expression BeadChip
HBEXP000100	HERB006700	YOU ZONG;油棕;Oilpalm;Elaeis guineensis	Herb	GSE36576	Mus musculus	BALB/c	Spleen			Expression profiling by array	Total RNA	mouse	BALB/c; Spleen	/	control	GSM897039; GSM897040; GSM897041	oil palm phenolics for 1 week	GSM897042; GSM897043; GSM897044	treated	GPL6422:Sentrix MouseRef-8 Expression BeadChip
HBEXP000101	HERB006700	YOU ZONG;油棕;Oilpalm;Elaeis guineensis	Herb	GSE36576	Mus musculus	BALB/c	Spleen			Expression profiling by array	Total RNA	mouse	BALB/c; Spleen	/	control	GSM897045; GSM897046; GSM897047	oil palm phenolics for 4 weeks	GSM897048; GSM897049; GSM897050	treated	GPL6422:Sentrix MouseRef-8 Expression BeadChip
HBEXP000102	HERB006700	YOU ZONG;油棕;Oilpalm;Elaeis guineensis	Herb	GSE36576	Mus musculus	BALB/c	Liver			Expression profiling by array	Total RNA	mouse	BALB/c; Liver	/	control	GSM897051; GSM897052; GSM897053	oil palm phenolics for 18h 	GSM897054; GSM897055; GSM897056	treated	GPL6422:Sentrix MouseRef-8 Expression BeadChip
HBEXP000103	HERB006700	YOU ZONG;油棕;Oilpalm;Elaeis guineensis	Herb	GSE36576	Mus musculus	BALB/c	Liver			Expression profiling by array	Total RNA	mouse	BALB/c; Liver	/	control	GSM897057; GSM897058; GSM897059	oil palm phenolics for 1 week	GSM897060; GSM897061; GSM897062	treated	GPL6422:Sentrix MouseRef-8 Expression BeadChip
HBEXP000104	HERB006700	YOU ZONG;油棕;Oilpalm;Elaeis guineensis	Herb	GSE36576	Mus musculus	BALB/c	Liver			Expression profiling by array	Total RNA	mouse	BALB/c; Liver	/	control	GSM897063; GSM897064; GSM897065	oil palm phenolics for 4 weeks	GSM897066; GSM897067; GSM897068	treated	GPL6422:Sentrix MouseRef-8 Expression BeadChip
HBEXP000105	HERB006700	YOU ZONG;油棕;Oilpalm;Elaeis guineensis	Herb	GSE40030	Mus musculus	BALB/c	Brain			Expression profiling by array	Total RNA	mouse	BALB/c; Brain	/	distilled water	GSM983937; GSM983938; GSM983939	oil palm phenolics	GSM983940; GSM983941; GSM983942	given	GPL6422:Sentrix MouseRef-8 Expression BeadChip
HBEXP000106	HERB006931	ZHANG NAO;樟脑;Camphorar;Camphora	Herb	GSE117557	Mus musculus	FVB/NJ	Epidermis			Expression profiling by high throughput sequencing	mRNA	mouse	FVB/NJ; Epidermis 	/	24 hours after acetone vehicle	GSM3303884; GSM3303885; GSM3303886	24h after camphor white oil 	GSM3303887; GSM3303888; GSM3303889	treated	GPL13112:Illumina HiSeq 2000 (Mus musculus)
HBEXP000107	HERB006931	ZHANG NAO;樟脑;Camphorar;Camphora	Herb	GSE117557	Mus musculus	FVB/NJ	Papilloma			Expression profiling by high throughput sequencing	mRNA	mouse	FVB/NJ; Papilloma	/	24 hours after acetone vehicle	GSM3303890; GSM3303891; GSM3303892	24h after camphor white oil 	GSM3303893; GSM3303894; GSM3303895	treated	GPL13112:Illumina HiSeq 2000 (Mus musculus)
HBEXP000108	HERB007181	ZI HUA SONG GUO JU;紫花松果菊;Purple Conedaisy;Echinacea purpurea	Herb	GSE117902	Homo sapiens			Acute monocytic leukemia	THP1	Expression profiling by array	Total RNA	human cellline	Acute monocytic leukemia; THP1	/	ethanol (control)	GSM3314799; GSM3314800; GSM3314801; GSM3314802; GSM3314803; GSM3314804	echinaforce	GSM3314805; GSM3314806; GSM3314807; GSM3314808; GSM3314809; GSM3314810	treated	GPL10558:Illumina HumanHT-12 V4.0 expression beadchip
HBEXP000109	HBIN003410	20-hydroxyecdysone	Ingredient	GSE23121	Mus musculus	C57BL/6J	Triceps brachii			Expression profiling by array	Total RNA	mouse	C57BL/6J; Triceps brachii	/	saline	GSM569782; GSM569783; GSM569784	20E (5 mg/kg/day) for 5 days 	GSM569779; GSM569780; GSM569781	infusion 	GPL6887:Illumina MouseWG-6 v2.0 expression beadchip
HBEXP000110	HBIN003410	20-hydroxyecdysone	Ingredient	GSE23121	Mus musculus	C57BL/6J	Triceps brachii			Expression profiling by array	Total RNA	mouse	C57BL/6J; Triceps brachii	/	saline	GSM569782; GSM569783; GSM569784	20E (5 mg/kg/day) for 15 days	GSM569785; GSM569786; GSM569787	infusion 	GPL6887:Illumina MouseWG-6 v2.0 expression beadchip
HBEXP000111	HBIN007532	3,5,3'-triiodothyronine	Ingredient	GSE39634	Mus musculus	C57BL/6	Enteric nervous system			Expression profiling by array	Total RNA	mouse	C57BL/6; Enteric nervous system	/	no treatment	GSM973467; GSM973468; GSM973469	100 nM T3 for 1 day	GSM973464; GSM973465; GSM973466	treated	GPL6246:[MoGene-1_0-st] Affymetrix Mouse Gene 1.0 ST Array [transcript (gene) version]
HBEXP000112	HBIN012366	6-gingerol	Ingredient	GSE85871	Homo sapiens			Breast cancer	MCF-7	Expression profiling by array	Total RNA	human cellline	Breast cancer; MCF-7	/	vehicle control (DMSO)	GSM2286248; GSM2286249; GSM2286316; GSM2286317; GSM2286398; GSM2286399	10uM 6-gingerol for 12h	GSM2286372; GSM2286373	treated	GPL571:[HG-U133A_2] Affymetrix Human Genome U133A 2.90 Array
HBEXP000113	HBIN012818	6-shogaol	Ingredient	GSE39573	Mus musculus	BALB/c	Small intestinal smooth muscle			Expression profiling by array	Total RNA	mouse	BALB/c; Small intestinal smooth muscle	/	no treatment	GSM971858; GSM971859; GSM971860; GSM971861; GSM971862; GSM971863	6-shogaol for 24hours	GSM971864; GSM971865; GSM971866; GSM971867; GSM971868; GSM971869	treated	GPL4134:Agilent-014868 Whole Mouse Genome Microarray 4x44K G4122F (Feature Number version)
HBEXP000114	HBIN012818	6-shogaol	Ingredient	GSE57006	Homo sapiens			Colon cancer	HCT116	Expression profiling by array	Total RNA	human cellline	Colon cancer; HCT116	/	DMSO control	GSM1372844; GSM1372845; GSM1372846; GSM1372847	20uM for 24h	GSM1372848; GSM1372849; GSM1372850; GSM1372851	treated	GPL17077:Agilent-039494 SurePrint G3 Human GE v2 8x60K Microarray 039381 (Probe Name version)
HBEXP000115	HBIN014582	Aconitine	Ingredient	GSE85871	Homo sapiens			Breast cancer	MCF-7	Expression profiling by array	Total RNA	human cellline	Breast cancer; MCF-7	/	vehicle control (DMSO)	GSM2286248; GSM2286249; GSM2286316; GSM2286317; GSM2286398; GSM2286399	10uM Aconitine for 12h	GSM2286200; GSM2286201	treated	GPL571:[HG-U133A_2] Affymetrix Human Genome U133A 2.6 Array
HBEXP000116	HBIN014630	Acteoside	Ingredient	GSE85871	Homo sapiens			Breast cancer	MCF-7	Expression profiling by array	Total RNA	human cellline	Breast cancer; MCF-7	/	vehicle control (DMSO)	GSM2286248; GSM2286249; GSM2286316; GSM2286317; GSM2286398; GSM2286399	10uM Acteoside for 12h	GSM2286240; GSM2286241	treated	GPL571:[HG-U133A_2] Affymetrix Human Genome U133A 2.26 Array
HBEXP000117	HBIN014776	aflatoxin b1	Ingredient	GSE11382	Mus musculus	C3H/HeN	Liver			Expression profiling by array	Total RNA	C3H/HeN 10-day female mouse	C3H/HeN; Liver	/	control	GSM287531; GSM287532	7 ug/g BW AFB1 at 10 days of age	GSM287533; GSM287534	intra-peritoneal injection	GPL1261:[Mouse430_2] Affymetrix Mouse Genome 430 2.0 Array
HBEXP000118	HBIN014776	aflatoxin b1	Ingredient	GSE127791	Homo sapiens			Hepatocyte	iPSC	Expression profiling by array	Total RNA	human cellline	Hepatocyte; iPSC	/	control	GSM3638784; GSM3638785; GSM3638786	treated with 0.2uM AFB1 for 7 days	GSM3638787; GSM3638788; GSM3638789	exposed	GPL20844:Agilent-072363 SurePrint G3 Human GE v3 8x60K Microarray 039494 [Feature Number Version]
HBEXP000119	HBIN014776	aflatoxin b1	Ingredient	GSE25844	Homo sapiens			Hepatocyte	HepaRG	Expression profiling by array	Total RNA	human cellline	Hepatocyte; HepaRG	/	control	GSM634815; GSM634816	0.05uM AFB1 for 24h 	GSM634817; GSM634818	exposed	GPL4133:Agilent-014850 Whole Human Genome Microarray 4x44K G4112F (Feature Number version)
HBEXP000120	HBIN014776	aflatoxin b1	Ingredient	GSE25844	Homo sapiens			Hepatocyte	HepaRG	Expression profiling by array	Total RNA	human cellline	Hepatocyte; HepaRG	/	control	GSM634815; GSM634816	0.25uM AFB1 for 24h	GSM634821; GSM634822	exposed	GPL4133:Agilent-014850 Whole Human Genome Microarray 4x44K G4112F (Feature Number version)
HBEXP000121	HBIN014776	aflatoxin b1	Ingredient	GSE25844	Homo sapiens			Hepatocyte	HepaRG	Expression profiling by array	Total RNA	human cellline	Hepatocyte; HepaRG	/	control	GSM634823; GSM634824; GSM634829; GSM634830; GSM634833; GSM634834	0.05uM AFB1 for 24h 	GSM634825; GSM634826; GSM634831; GSM634835	exposed	GPL4133:Agilent-014850 Whole Human Genome Microarray 4x44K G4112F (Feature Number version)
HBEXP000122	HBIN014776	aflatoxin b1	Ingredient	GSE25844	Homo sapiens			Hepatocyte	HepaRG	Expression profiling by array	Total RNA	human cellline	Hepatocyte; HepaRG	/	control	GSM634823; GSM634824; GSM634829; GSM634830; GSM634833; GSM634834	0.25uM AFB1 for 24h	GSM634827; GSM634828; GSM634832; GSM634826	exposed	GPL4133:Agilent-014850 Whole Human Genome Microarray 4x44K G4112F (Feature Number version)
HBEXP000123	HBIN014776	aflatoxin b1	Ingredient	GSE26838	Mus musculus	C57BL/6J	Liver			Expression profiling by array	Total RNA	C57BL/6J mouse 	C57BL/6J; Liver	/	15 ul/g bw of tricaprylin	GSM660462; GSM660463; GSM660464; GSM660465	6 ug/g bw of AFB1 for 12 months WT	GSM660466; GSM660467; GSM660468; GSM660469; GSM660470; GSM660471	intra-peritoneal injection	GPL6466:Agilent-011978 Mouse Microarray G4121A (Probe Name version)
HBEXP000124	HBIN014776	aflatoxin b1	Ingredient	GSE26838	Mus musculus	C57BL/6J	Liver			Expression profiling by array	Total RNA	C57BL/6J mouse 	C57BL/6J; Liver	/	15 ul/g bw of tricaprylin	GSM660462; GSM660463; GSM660464; GSM660465	6 ug/g bw of AFB1 for 12 months WT HCV	GSM660476; GSM660477; GSM660478; GSM660479; GSM660480; GSM660481	intra-peritoneal injection	GPL6466:Agilent-011978 Mouse Microarray G4121A (Probe Name version)
HBEXP000125	HBIN014776	aflatoxin b1	Ingredient	GSE4740	Mus musculus	B6C3F1	Liver			Expression profiling by array	Total RNA	4-day mouse	B6C3F1; Liver	/	same volume DMSO of experiemt	GSM105831; GSM105832; GSM105833	AFB1 (6 mg/kg body weight) in DMSO (10 ml/kg body weight) for 4h 	GSM105768; GSM105769; GSM105770	intra-peritoneal injection	GPL81:[MG_U74Av2] Affymetrix Murine Genome U74A Version 2 Array
HBEXP000126	HBIN014776	aflatoxin b1	Ingredient	GSE4740	Mus musculus	B6C3F1	Liver			Expression profiling by array	Total RNA	4-day mouse	B6C3F1; Liver	/	same volume DMSO of experiemt	GSM105831; GSM105832; GSM105833	AFB1 (6 mg/kg body weight) in DMSO (10 ml/kg body weight) for 24h	GSM105791; GSM105792; GSM105793	intra-peritoneal injection	GPL81:[MG_U74Av2] Affymetrix Murine Genome U74A Version 2 Array
HBEXP000127	HBIN014776	aflatoxin b1	Ingredient	GSE4740	Mus musculus	B6C3F1	Liver			Expression profiling by array	Total RNA	adult mouse	B6C3F1; Liver	/	same volume DMSO of experiemt	GSM105843; GSM105849; GSM105850	AFB1 (6 mg/kg body weight) in DMSO (10 ml/kg body weight) for 4h 	GSM105837; GSM105838; GSM105839	intra-peritoneal injection	GPL81:[MG_U74Av2] Affymetrix Murine Genome U74A Version 2 Array
HBEXP000128	HBIN014776	aflatoxin b1	Ingredient	GSE4740	Mus musculus	B6C3F1	Liver			Expression profiling by array	Total RNA	adult mouse	B6C3F1; Liver	/	same volume DMSO of experiemt	GSM105843; GSM105849; GSM105850	AFB1 (6 mg/kg body weight) in DMSO (10 ml/kg body weight) for 24h	GSM105840; GSM105841; GSM105842	intra-peritoneal injection	GPL81:[MG_U74Av2] Affymetrix Murine Genome U74A Version 2 Array
HBEXP000129	HBIN014776	aflatoxin b1	Ingredient	GSE4740	Mus musculus	B6C3F1	Liver			Expression profiling by array	Total RNA	adult male mouse	B6C3F1; Liver	/	same volume DMSO of experiemt	GSM106984; GSM106985; GSM106986	same (6 mg/kg) dose of AFB in lower (5 ml/kg) volume for 4h	GSM106978; GSM106979; GSM106980	intra-peritoneal injection	GPL81:[MG_U74Av2] Affymetrix Murine Genome U74A Version 2 Array
HBEXP000130	HBIN014776	aflatoxin b1	Ingredient	GSE4740	Mus musculus	B6C3F1	Liver			Expression profiling by array	Total RNA	adult male mouse	B6C3F1; Liver	/	same volume DMSO of experiemt	GSM106984; GSM106985; GSM106986	same (6 mg/kg) dose of AFB in lower (5 ml/kg) volume for 24h	GSM106981; GSM106982; GSM106983	intra-peritoneal injection	GPL81:[MG_U74Av2] Affymetrix Murine Genome U74A Version 2 Array
HBEXP000131	HBIN014776	aflatoxin b1	Ingredient	GSE57129	Mus musculus	C57BL/6	Primary hepatocyte			Expression profiling by array	Total RNA	human cellline	C57BL/6; Primary hepatocyte	/	0.5% DMSO	GSM1375687; GSM1375688	15uM AFB1 for 24h 	GSM1375663; GSM1375664; GSM1375665	exposed	GPL18615:[Mouse430_2] Affymetrix Mouse Genome 430 2.0 Array [CDF: Mouse4302_Mm_ENTREZG.cdf Brainarray version 17.0.0]
HBEXP000132	HBIN014776	aflatoxin b1	Ingredient	GSE57129	Mus musculus	C57BL/6	Primary hepatocyte			Expression profiling by array	Total RNA	human cellline	C57BL/6; Primary hepatocyte	/	0.5% DMSO	GSM1375687; GSM1375688	15uM AFB1 for 48h	GSM1375666; GSM1375667; GSM1375668	exposed	GPL18615:[Mouse430_2] Affymetrix Mouse Genome 430 2.0 Array [CDF: Mouse4302_Mm_ENTREZG.cdf Brainarray version 17.0.0]
HBEXP000133	HBIN014776	aflatoxin b1	Ingredient	GSE67002	Homo sapiens		Primary hepatocyte			Expression profiling by array	Total RNA	human cellline	Primary hepatocyte	/	DMSO	GSM1635851; GSM1635852	low(1uM) dose of aflatoxin B1 for 5 days	GSM1635853; GSM1635854; GSM1635855	exposed	GPL17996:[HG-U133_Plus_2] Affymetrix Human Genome U133 Plus 2.0 Array (custom CDF: HGU133Plus2_Hs_ENTREZG.cdf version 15.1.0)
HBEXP000134	HBIN014776	aflatoxin b1	Ingredient	GSE67002	Homo sapiens		Primary hepatocyte			Expression profiling by array	Total RNA	human cellline	Primary hepatocyte	/	DMSO	GSM1635851; GSM1635852	moderate(0.3uM) dose of aflatoxin B1 for 5 days	GSM1635848; GSM1635849; GSM1635850	exposed	GPL17996:[HG-U133_Plus_2] Affymetrix Human Genome U133 Plus 2.0 Array (custom CDF: HGU133Plus2_Hs_ENTREZG.cdf version 15.1.0)
HBEXP000135	HBIN014776	aflatoxin b1	Ingredient	GSE71542	Homo sapiens		Primary hepatocyte			Expression profiling by array	Total RNA	human cellline	Primary hepatocyte	/	1uM of DMSO	GSM1836771; GSM1836772; GSM1836773	1uM of aflatoxin B1 for 5 days	GSM1836774; GSM1836775; GSM1836776	exposed	GPL17996:[HG-U133_Plus_2] Affymetrix Human Genome U133 Plus 2.0 Array (custom CDF: HGU133Plus2_Hs_ENTREZG.cdf version 15.1.0)
HBEXP000136	HBIN014776	aflatoxin b1	Ingredient	GSE71547	Homo sapiens		Primary hepatocyte			Expression profiling by array	mRNA	human cellline	Primary hepatocyte	/	DMSO	GSM1836786; GSM1836787; GSM1836788	0.3uM aflatoxin B1 for 5 days	GSM1836789; GSM1836790; GSM1836791	exposed	GPL17996:[HG-U133_Plus_2] Affymetrix Human Genome U133 Plus 2.0 Array (custom CDF: HGU133Plus2_Hs_ENTREZG.cdf version 15.1.0)
HBEXP000137	HBIN014776	aflatoxin b1	Ingredient	GSE75934	Homo sapiens			Colon carcinoma	Caco-2	Expression profiling by array	Total RNA	human cellline	Colon carcinoma; Caco-2	/	control	GSM1970392; GSM1970393; GSM1970394; GSM1970395	1uM AFB1 for 24h	GSM1970403; GSM1970404; GSM1970405	exposed	GPL17077:Agilent-039494 SurePrint G3 Human GE v2 8x60K Microarray 039381 (Probe Name version)
HBEXP000138	HBIN014776	aflatoxin b1	Ingredient	GSE87028	Homo sapiens			Hepatocyte	HepaRG	Expression profiling by array	Total RNA	human cellline	Hepatocyte; HepaRG	/	control	GSM3068380; GSM3068381; GSM3068382; GSM3068383	AFB1 at doses 5uM(IC10)	GSM3068384; GSM3068385; GSM3068386	exposed	GPL16699:Agilent-039494 SurePrint G3 Human GE v2 8x60K Microarray 039381 (Feature Number version)
HBEXP000139	HBIN014776	aflatoxin b1	Ingredient	GSE87028	Homo sapiens			Hepatocyte	HepaRG	Expression profiling by array	Total RNA	human cellline	Hepatocyte; HepaRG	/	control	GSM3068380; GSM3068381; GSM3068382; GSM3068383	AFB1 at 25uM(IC25)	GSM3068387; GSM3068388; GSM3068389	exposed	GPL16699:Agilent-039494 SurePrint G3 Human GE v2 8x60K Microarray 039381 (Feature Number version)
HBEXP000140	HBIN014776	aflatoxin b1	Ingredient	GSE93840	Homo sapiens		Liver	Primary human hepatocyte 3D spheroid		Expression profiling by array	Total RNA	human	Liver; Primary human hepatocyte 3D spheroid	/	0.4% DMSO	GSM2463714; GSM2463715; GSM2463716	aflatoxin B1 (0.002uM) for 48h	GSM2463720; GSM2463721; GSM2463722	exposed	GPL17077:Agilent-039494 SurePrint G3 Human GE v2 8x60K Microarray 039381 (Probe Name version)
HBEXP000141	HBIN014776	aflatoxin b1	Ingredient	GSE93840	Homo sapiens		Liver	Primary human hepatocyte 3D spheroid		Expression profiling by array	Total RNA	human	Liver; Primary human hepatocyte 3D spheroid	/	0.4% DMSO	GSM2463714; GSM2463715; GSM2463716	aflatoxin B1 (0.002uM) for 7d	GSM2463732; GSM2463733; GSM2463734	exposed	GPL17077:Agilent-039494 SurePrint G3 Human GE v2 8x60K Microarray 039381 (Probe Name version)
HBEXP000142	HBIN014776	aflatoxin b1	Ingredient	GSE93840	Homo sapiens		Liver	Primary human hepatocyte 3D spheroid		Expression profiling by array	Total RNA	human	Liver; Primary human hepatocyte 3D spheroid	/	0.4% DMSO	GSM2463714; GSM2463715; GSM2463716	aflatoxin B1 (0.002uM) for 14d 	GSM2463744; GSM2463745; GSM2463746	exposed	GPL17077:Agilent-039494 SurePrint G3 Human GE v2 8x60K Microarray 039381 (Probe Name version)
HBEXP000143	HBIN014872	agmatine	Ingredient	GSE80633	Mus musculus	C57BL/6N	Cortex			Expression profiling by array	Total RNA	mouse	C57BL/6N; Cortex	/	WT control	GSM2131941; GSM2131942; GSM2131943; GSM2131944; GSM2131945	The molecular basis of the behavioral phenotype of Crtc1-/- mice was further examined using microarray analysis. We characterized Agmat expression in the prefrontal cortex (PFC) and hippocampus (HIP) by quantitative polymerase chain reaction (qPCR), Western blot (WB) analysis, and confocal immunofluorescence microscopy. The antidepressant effect of agmatine was assessed by the forced swim test (FST).	GSM2131946; GSM2131947; GSM2131948; GSM2131949; GSM2131950	treated	GPL1261:[Mouse430_2] Affymetrix Mouse Genome 430 2.0 Array
HBEXP000144	HBIN015037	Alantolactone	Ingredient	GSE85871	Homo sapiens			Breast cancer	MCF-7	Expression profiling by array	Total RNA	human cellline	Breast cancer; MCF-7	/	vehicle control (DMSO)	GSM2286248; GSM2286249; GSM2286316; GSM2286317; GSM2286398; GSM2286399	10uM Alantolactone for 12h	GSM2286298; GSM2286299	treated	GPL571:[HG-U133A_2] Affymetrix Human Genome U133A 2.54 Array
HBEXP000145	HBIN015074	albiflorin	Ingredient	GSE9632	Mus musculus			Macrophage	RAW 264.7	Expression profiling by array	Total RNA	mouse	Macrophage; RAW 264.7	/	LPS (1ug/ml)	GSM243432; GSM243433; GSM243434	LPS (1ug/ml)+(1ug/ml) albiflorin for 6h	GSM243435; GSM243436; GSM243437	treated	GPL2995:ABI Mouse Genome Survey Microarray
HBEXP000146	HBIN015074	albiflorin	Ingredient	GSE9632	Mus musculus			Macrophage	RAW 264.7	Expression profiling by array	Total RNA	mouse	Macrophage; RAW 264.7	/	LPS (1ug/ml)	GSM243432; GSM243433; GSM243434	LPS (1ug/ml)+(10ug/ml) albiflorin for 6h	GSM243438; GSM243439; GSM243440	treated	GPL2995:ABI Mouse Genome Survey Microarray
HBEXP000147	HBIN015074	albiflorin	Ingredient	GSE9632	Mus musculus			Macrophage	RAW 264.7	Expression profiling by array	Total RNA	mouse	Macrophage; RAW 264.7	/	LPS (1ug/ml)	GSM243432; GSM243433; GSM243434	LPS (1ug/ml)+(100 ug/ml) albiflorin for 6h	GSM243441; GSM243442; GSM243443	treated	GPL2995:ABI Mouse Genome Survey Microarray
HBEXP000148	HBIN015105	aldosterone	Ingredient	GSE113659	Homo sapiens		Pulmonary artery	Endothelial cell		Expression profiling by high throughput sequencing	mRNA	human cellline	Pulmonary artery; Endothelial cell	/	vehicle control	GSM3132085; GSM3132086; GSM3132087; GSM3132088; GSM3132089; GSM3132090	10-7mol/L aldosterone for 24h	GSM3132091; GSM3132092; GSM3132093; GSM3132094; GSM3132095; GSM3132096	exposed	GPL11154:Illumina HiSeq 2000 (Homo sapiens)
HBEXP000149	HBIN015105	aldosterone	Ingredient	GSE23566	Mus musculus	C57BL/6	Aorta			Expression profiling by array	Total RNA	mouse strain: C57Bl/6	C57BL/6; Aorta	/	vehicle control	GSM578113; GSM578114; GSM578115	100 nM aldosterone for 2h	GSM578116; GSM578117; GSM578118	treated	GPL8321:[Mouse430A_2] Affymetrix Mouse Genome 430A 2.0 Array
HBEXP000150	HBIN015105	aldosterone	Ingredient	GSE23566	Mus musculus	C57BL/6	Aorta			Expression profiling by array	Total RNA	mouse strain: C57Bl/6	C57BL/6; Aorta	/	vehicle control	GSM578113; GSM578114; GSM578115	100 nM aldosterone for 4h	GSM578122; GSM578123; GSM578124	treated	GPL8321:[Mouse430A_2] Affymetrix Mouse Genome 430A 2.0 Array
HBEXP000151	HBIN015105	aldosterone	Ingredient	GSE23566	Mus musculus	C57BL/6	Aorta			Expression profiling by array	Total RNA	mouse strain: C57Bl/6	C57BL/6; Aorta	/	vehicle control	GSM578113; GSM578114; GSM578115	100 nM aldosterone for 8h	GSM578128; GSM578129; GSM578130	treated	GPL8321:[Mouse430A_2] Affymetrix Mouse Genome 430A 2.0 Array
HBEXP000152	HBIN015105	aldosterone	Ingredient	GSE28009	Homo sapiens			Endothelial cell	MR-Eahy	Expression profiling by array	Total RNA	human cellline	Endothelial cell; MR-Eahy	MR-EAhy were serum-deprived for 24h with 0.2% dextran-coated charcoal-treated FBS	no treatment	GSM692748; GSM692749; GSM692750	aldosterone (10-9 M) for 6h	GSM692751; GSM692752; GSM692753	treated	GPL6480:Agilent-014850 Whole Human Genome Microarray 4x44K G4112F (Probe Name version)
HBEXP000153	HBIN015105	aldosterone	Ingredient	GSE34049	Mus musculus		Heart			Expression profiling by array	Total RNA	mouse	Heart	/	no treatment	GSM818510; GSM818511; GSM818512; GSM818513; GSM818514	aldosterone for 7 days 	GSM818515; GSM818516; GSM818517; GSM818518; GSM818519	treated	GPL11202:Agilent-026655 Whole Mouse Genome Microarray 4x44K v2 (Probe Name version)
HBEXP000154	HBIN015105	aldosterone	Ingredient	GSE50709	Mus musculus		Heart ventricle			Expression profiling by array	Total RNA	mouse	Heart ventricle	/	no treatment	GSM1227011; GSM1227012; GSM1227013; GSM1227014; GSM1227015	treated for 7 days with aldosterone	GSM1227016; GSM1227017; GSM1227018; GSM1227019; GSM1227020	treated	GPL11202:Agilent-026655 Whole Mouse Genome Microarray 4x44K v2 (Probe Name version)
HBEXP000155	HBIN015105	aldosterone	Ingredient	GSE70822	Homo sapiens		Primary myotube			Expression profiling by array	Total RNA	human cellline	Primary myotube	/	vehicle control	GSM1820077; GSM1820078; GSM1820079	aldosterone (10uM) for 48h	GSM1820071; GSM1820072; GSM1820073	treated	GPL17586:[HTA-2_0] Affymetrix Human Transcriptome Array 2.0 [transcript (gene) version]
HBEXP000156	HBIN015105	aldosterone	Ingredient	GSE78281	Mus musculus	C57BL/6J	Striatum	Astrocyte		Expression profiling by array	Total RNA	human cellline	C57BL/6J; Striatum; Astrocyte	/	vehicle control	GSM2071172; GSM2071173; GSM2071174; GSM2071175	aldosterone (200 nM) for 4h	GSM2071164; GSM2071165; GSM2071166; GSM2071167	treated	GPL17543:Illumina MouseWG-6 v2.0 R2 expression beadchip
HBEXP000157	HBIN015105	aldosterone	Ingredient	GSE78281	Mus musculus	C57BL/6J	Striatum	Neuron		Expression profiling by array	Total RNA	human cellline	C57BL/6J; Striatum; Neuron	/	vehicle control	GSM2071176; GSM2071177; GSM2071178; GSM2071179	aldosterone (200 nM) for 4h	GSM2071168; GSM2071169; GSM2071170; GSM2071171	treated	GPL17543:Illumina MouseWG-6 v2.0 R2 expression beadchip
HBEXP000158	HBIN015105	aldosterone	Ingredient	GSE84990	Homo sapiens		Primary myotube			Expression profiling by array	Total RNA	human cellline	Primary myotube	/	vehicle control	GSM2255610; GSM2255611; GSM2255612	10uM aldosterone for 48h	GSM2255604; GSM2255605; GSM2255606	treated	GPL17586:[HTA-2_0] Affymetrix Human Transcriptome Array 2.0 [transcript (gene) version]
HBEXP000159	HBIN016019	Andrographolide	Ingredient	GSE85871	Homo sapiens			Breast cancer	MCF-7	Expression profiling by array	Total RNA	human cellline	Breast cancer; MCF-7	/	vehicle control (DMSO)	GSM2286248; GSM2286249; GSM2286316; GSM2286317; GSM2286398; GSM2286399	10uM Andrographolide for 12h	GSM2286212; GSM2286213	treated	GPL571:[HG-U133A_2] Affymetrix Human Genome U133A 2.12 Array
HBEXP000160	HBIN016163	Anhydroicaritin	Ingredient	GSE85871	Homo sapiens			Breast cancer	MCF-7	Expression profiling by array	Total RNA	human cellline	Breast cancer; MCF-7	/	vehicle control (DMSO)	GSM2286248; GSM2286249; GSM2286316; GSM2286317; GSM2286398; GSM2286399	10uM Anhydroicaritin for 12h	GSM2286192; GSM2286193	treated	GPL571:[HG-U133A_2] Affymetrix Human Genome U133A 2.2 Array
HBEXP000161	HBIN016408	apigenin	Ingredient	GSE120550	Homo sapiens			Mammary gland/breast	MDA-MB-231	Expression profiling by array	Total RNA	human cellline	Mammary gland/breast; MDA-MB-231	/	control	GSM3402891; GSM3402892; GSM3402893	40uM for 24 hour	GSM3402897; GSM3402898; GSM3402899	treated	GPL17692:[HuGene-2_1-st] Affymetrix Human Gene 2.1 ST Array [transcript (gene) version]
HBEXP000162	HBIN016408	apigenin	Ingredient	GSE128097	Homo sapiens			Osteosarcoma	U2OS	Expression profiling by high throughput sequencing	mRNA	human cellline	Osteosarcoma; U2OS	/	DMSO	GSM3664874; GSM3664875	75uM apigenin for 24h 	GSM3664876; GSM3664877	treated	GPL18573:Illumina NextSeq 500 (Homo sapiens)
HBEXP000163	HBIN016408	apigenin	Ingredient	GSE133968	Homo sapiens			Mammary gland/breast	MDA-MB-468	Expression profiling by array	Total RNA	human cellline	Mammary gland/breast; MDA-MB-468	/	control	GSM3931453; GSM3931454; GSM3931455	40uM for 24h	GSM3931459; GSM3931460	treated	GPL17692:[HuGene-2_1-st] Affymetrix Human Gene 2.1 ST Array [transcript (gene) version]
HBEXP000164	HBIN016572	arachidonic acid	Ingredient	GSE3737	Homo sapiens			Prostate cancer	PC-3	Expression profiling by array	Total RNA	human cellline	Prostate cancer; PC-3	containing 0.25 mg/mL albumin for 2hr	no treatment	GSM86079; GSM86080; GSM86081; GSM86082	5 ug/mL AA for 2h	GSM86083; GSM86084; GSM86085; GSM86086	treated	GPL96:[HG-U133A] Affymetrix Human Genome U133A Array
HBEXP000165	HBIN016609	arctigenin	Ingredient	GSE134327	Mus musculus	C57BL/6J	Kidney glomerulus			Expression profiling by high throughput sequencing	mRNA	mouse	C57BL/6J; Kidney glomerulus	/	5% DMSO	GSM3942312; GSM3942320; GSM3942321	ATG (Cayman Chemicals) dissolved in 5% DMSO by oral gavage at a dose of 40mg/kg body weight/day for 8 weeks	GSM3942313; GSM3942322; GSM3942323	oral gavage	GPL17021:Illumina HiSeq 2500 (Mus musculus)
HBEXP000166	HBIN016609	arctigenin	Ingredient	GSE134327	Mus musculus	C57BL/6J	Kidney glomerulus			Expression profiling by high throughput sequencing	mRNA	mouse	C57BL/6J; Kidney glomerulus	intraperitoneal administration of streptozotocin (STZ, Sigma S0130, dissolved in 0.1 M citrate buffer, PH 4.5) at 50mg/kg after 4-6 hours of food deprivation each day for 5 consecutive days.	5% DMSO	GSM3942314; GSM3942315; GSM3942316	ATG (Cayman Chemicals) dissolved in 5% DMSO by oral gavage at a dose of 40mg/kg body weight/day for 8 weeks	GSM3942317; GSM3942318; GSM3942319	oral gavage	GPL17021:Illumina HiSeq 2500 (Mus musculus)
HBEXP000167	HBIN016708	Arenobufagin	Ingredient	GSE85871	Homo sapiens			Breast cancer	MCF-7	Expression profiling by array	Total RNA	human cellline	Breast cancer; MCF-7	/	vehicle control (DMSO)	GSM2286248; GSM2286249; GSM2286316; GSM2286317; GSM2286398; GSM2286399	1uM Arenobufagin for 12h	GSM2286308; GSM2286309	treated	GPL571:[HG-U133A_2] Affymetrix Human Genome U133A 2.59 Array
HBEXP000168	HBIN016960	Artemisinin	Ingredient	GSE85871	Homo sapiens			Breast cancer	MCF-7	Expression profiling by array	Total RNA	human cellline	Breast cancer; MCF-7	/	vehicle control (DMSO)	GSM2286248; GSM2286249; GSM2286316; GSM2286317; GSM2286398; GSM2286399	10uM Artemisinin for 12h	GSM2286244; GSM2286245	treated	GPL571:[HG-U133A_2] Affymetrix Human Genome U133A 2.28 Array
HBEXP000169	HBIN017178	astaxanthin	Ingredient	GSE107314	Mus musculus	C57BL/6J	Hippocampus			Expression profiling by array	Total RNA	mouse C57BL/6J	C57BL/6J; Hippocampus	/	sedentary;mild_exercise	GSM2864737; GSM2864741	sedentary with AX	GSM2864739; GSM2864743	feed	GPL13912:Agilent-028005 SurePrint G3 Mouse GE 8x60K Microarray (Feature Number version)
HBEXP000170	HBIN017178	astaxanthin	Ingredient	GSE107314	Mus musculus	C57BL/6J	Hippocampus			Expression profiling by array	Total RNA	mouse C57BL/6J	C57BL/6J; Hippocampus	/	sedentary;mild_exercise	GSM2864737; GSM2864741	mild exercise with AX	GSM2864740; GSM2864744	feed	GPL13912:Agilent-028005 SurePrint G3 Mouse GE 8x60K Microarray (Feature Number version)
HBEXP000171	HBIN017178	astaxanthin	Ingredient	GSE93819	Mus musculus	C57BL/6J	Liver			Expression profiling by array	Total RNA	7-week-old C57BL/6J male	C57BL/6J; Liver	/	CL diet (60% calories from fat, 1.25% cholesterol, and 0.5% sodium cholate)	GSM2462953; GSM2462954; GSM2462955; GSM2462956; GSM2462957	0.02% astaxanthin for 12 weeks	GSM2462958; GSM2462959; GSM2462960; GSM2462961; GSM2462962	feed	GPL1261:[Mouse430_2] Affymetrix Mouse Genome 430 2.0 Array
HBEXP000172	HBIN017230	Astragaloside IV	Ingredient	GSE85871	Homo sapiens			Breast cancer	MCF-7	Expression profiling by array	Total RNA	human cellline	Breast cancer; MCF-7	/	vehicle control (DMSO)	GSM2286248; GSM2286249; GSM2286316; GSM2286317; GSM2286398; GSM2286399	10uM Astragaloside IV for 12h	GSM2286226; GSM2286227	treated	GPL571:[HG-U133A_2] Affymetrix Human Genome U133A 2.19 Array
HBEXP000173	HBIN017495	Bacopaside I	Ingredient	GSE85871	Homo sapiens			Breast cancer	MCF-7	Expression profiling by array	Total RNA	human cellline	Breast cancer; MCF-7	/	vehicle control (DMSO)	GSM2286248; GSM2286249; GSM2286316; GSM2286317; GSM2286398; GSM2286399	10uM Bacopaside I for 12h	GSM2286290; GSM2286291	treated	GPL571:[HG-U133A_2] Affymetrix Human Genome U133A 2.50 Array
HBEXP000174	HBIN017508	baicalein	Ingredient	GSE95504	Homo sapiens			Hepatocellular carcinoma	Bel-7402	Expression profiling by array	lncRNA	human cellline	Hepatocellular carcinoma; Bel-7402	/	DMSO(0 uM)	GSM2515567; GSM2515568; GSM2515569	baicalein (40uM) for 24h 	GSM2515570; GSM2515571; GSM2515572	treated	GPL17586:[HTA-2_0] Affymetrix Human Transcriptome Array 2.0 [transcript (gene) version]
HBEXP000175	HBIN017508	baicalein	Ingredient	GSE95504	Homo sapiens			Hepatocellular carcinoma	Bel-7402	Expression profiling by array	lncRNA	human cellline	Hepatocellular carcinoma; Bel-7402	/	DMSO(0 uM)	GSM2515567; GSM2515568; GSM2515569	baicalein (80uM) for 24h	GSM2515573; GSM2515574; GSM2515575	treated	GPL17586:[HTA-2_0] Affymetrix Human Transcriptome Array 2.0 [transcript (gene) version]
HBEXP000176	HBIN017811	Benzoylaconitine	Ingredient	GSE85871	Homo sapiens			Breast cancer	MCF-7	Expression profiling by array	Total RNA	human cellline	Breast cancer; MCF-7	/	vehicle control (DMSO)	GSM2286248; GSM2286249; GSM2286316; GSM2286317; GSM2286398; GSM2286399	10uM Benzoylaconitine for 12h	GSM2286364; GSM2286365	treated	GPL571:[HG-U133A_2] Affymetrix Human Genome U133A 2.86 Array
HBEXP000177	HBIN017844	benzyl alcohol	Ingredient	GSE29743	Mus musculus			Melanoma	B16-F10	Expression profiling by array	Total RNA	mouse	Melanoma; B16-F10	/	no treatment	GSM737424; GSM737425; GSM737426; GSM737427; GSM737428	40mM benzyl alcohol for 30min	GSM737435; GSM737436; GSM737437	treated	GPL339:[MOE430A] Affymetrix Mouse Expression 430A Array
HBEXP000178	HBIN017853	Benzyl benzoate	Ingredient	GSE85871	Homo sapiens			Breast cancer	MCF-7	Expression profiling by array	Total RNA	human cellline	Breast cancer; MCF-7	/	vehicle control (DMSO)	GSM2286248; GSM2286249; GSM2286316; GSM2286317; GSM2286398; GSM2286399	10uM Benzyl benzoate for 12h	GSM2286270; GSM2286271	treated	GPL571:[HG-U133A_2] Affymetrix Human Genome U133A 2.40 Array
HBEXP000179	HBIN017893	berberine	Ingredient	GSE53415	Homo sapiens		Primary hepatocyte			Expression profiling by array	Total RNA	human cellline	Primary hepatocyte	/	DMSO	GSM1291094; GSM1291096; GSM1291098	40uM berberine for 2h	GSM1291095; GSM1291097; GSM1291099	treated	GPL14550:Agilent-028004 SurePrint G3 Human GE 8x60K Microarray (Probe Name Version)
HBEXP000180	HBIN017893	berberine	Ingredient	GSE53415	Homo sapiens		Primary hepatocyte			Expression profiling by array	Total RNA	human cellline	Primary hepatocyte	/	DMSO	GSM1291094; GSM1291096; GSM1291098	40uM berberine for 4h	GSM1291101; GSM1291103; GSM1291105	treated	GPL14550:Agilent-028004 SurePrint G3 Human GE 8x60K Microarray (Probe Name Version)
HBEXP000181	HBIN017893	berberine	Ingredient	GSE53415	Homo sapiens		Primary hepatocyte			Expression profiling by array	Total RNA	human cellline	Primary hepatocyte	/	DMSO	GSM1291094; GSM1291096; GSM1291098	40uM berberine for 8h	GSM1291107; GSM1291109; GSM1291111	treated	GPL14550:Agilent-028004 SurePrint G3 Human GE 8x60K Microarray (Probe Name Version)
HBEXP000182	HBIN017893	berberine	Ingredient	GSE56440	Mus musculus			Adipocyte	3T3-L1	Expression profiling by array	Total RNA	mouse	Adipocyte; 3T3-L1	/	DMSO	GSM1361598; GSM1361599; GSM1361600	5uM berberine for 3h	GSM1361604; GSM1361605; GSM1361606	treated	GPL1261:[Mouse430_2] Affymetrix Mouse Genome 430 2.0 Array
HBEXP000183	HBIN017893	berberine	Ingredient	GSE56440	Mus musculus			Adipocyte	3T3-L1	Expression profiling by array	Total RNA	mouse	Adipocyte; 3T3-L1	/	DMSO	GSM1361598; GSM1361599; GSM1361600	5uM berberine for 6h	GSM1361607; GSM1361608; GSM1361609	treated	GPL1261:[Mouse430_2] Affymetrix Mouse Genome 430 2.0 Array
HBEXP000184	HBIN017893	berberine	Ingredient	GSE56440	Mus musculus			Adipocyte	3T3-L1	Expression profiling by array	Total RNA	mouse	Adipocyte; 3T3-L1	/	DMSO	GSM1361598; GSM1361599; GSM1361600	5uM berberine for 12h	GSM1361601; GSM1361602; GSM1361603	treated	GPL1261:[Mouse430_2] Affymetrix Mouse Genome 430 2.0 Array
HBEXP000185	HBIN017895	Berberine hydrochloride	Ingredient	GSE85871	Homo sapiens			Breast cancer	MCF-7	Expression profiling by array	Total RNA	human cellline	Breast cancer; MCF-7	/	vehicle control (DMSO)	GSM2286248; GSM2286249; GSM2286316; GSM2286317; GSM2286398; GSM2286399	10uM Berberine hydrochloride for 12h	GSM2286206; GSM2286207	treated	GPL571:[HG-U133A_2] Affymetrix Human Genome U133A 2.9 Array
HBEXP000186	HBIN018091	β-ecdysterone	Ingredient	GSE85871	Homo sapiens			Breast cancer	MCF-7	Expression profiling by array	Total RNA	human cellline	Breast cancer; MCF-7	/	vehicle control (DMSO)	GSM2286248; GSM2286249; GSM2286316; GSM2286317; GSM2286398; GSM2286399	10uM β-ecdysterone for 12h	GSM2286342; GSM2286343	treated	GPL571:[HG-U133A_2] Affymetrix Human Genome U133A 2.75 Array
HBEXP000187	HBIN018510	bilirubin	Ingredient	GSE16656	Homo sapiens			Neuroblastoma	SHSY5Y	Expression profiling by array	Total RNA	human cellline	Neuroblastoma; SHSY5Y	/	DMSO	GSM417817; GSM417818; GSM417819	140nM bilirubin for 24h	GSM417814; GSM417815; GSM417816	treated	GPL571:[HG-U133A_2] Affymetrix Human Genome U133A 2.0 Array
HBEXP000188	HBIN018510	bilirubin	Ingredient	GSE16766	Homo sapiens			Neuroblastoma	SHSY5Y	Expression profiling by array	Total RNA	human cellline	Neuroblastoma; SHSY5Y	/	DMSO	GSM420247; GSM420248; GSM420249	140nM bilirubin for 1h	GSM420244; GSM420245; GSM420246	treated	GPL571:[HG-U133A_2] Affymetrix Human Genome U133A 2.0 Array
HBEXP000189	HBIN018510	bilirubin	Ingredient	GSE16767	Homo sapiens			Neuroblastoma	SHSY5Y	Expression profiling by array	Total RNA	human cellline	Neuroblastoma; SHSY5Y	/	DMSO	GSM420253; GSM420254; GSM420255	140nM bilirubin for 4h	GSM420250; GSM420251; GSM420252	treated	GPL571:[HG-U133A_2] Affymetrix Human Genome U133A 2.0 Array
HBEXP000190	HBIN018512	Bilobalide	Ingredient	GSE85871	Homo sapiens			Breast cancer	MCF-7	Expression profiling by array	Total RNA	human cellline	Breast cancer; MCF-7	/	vehicle control (DMSO)	GSM2286248; GSM2286249; GSM2286316; GSM2286317; GSM2286398; GSM2286399	10uM Bilobalide for 12h	GSM2286210; GSM2286211	treated	GPL571:[HG-U133A_2] Affymetrix Human Genome U133A 2.11 Array
HBEXP000191	HBIN018727	Borneol	Ingredient	GSE85871	Homo sapiens			Breast cancer	MCF-7	Expression profiling by array	Total RNA	human cellline	Breast cancer; MCF-7	/	vehicle control (DMSO)	GSM2286248; GSM2286249; GSM2286316; GSM2286317; GSM2286398; GSM2286399	10uM Borneol for 12h	GSM2286268; GSM2286269	treated	GPL571:[HG-U133A_2] Affymetrix Human Genome U133A 2.39 Array
HBEXP000192	HBIN018821	brefeldin a	Ingredient	GSE103022	Mus musculus	FVB/NJ	TSC1 cell			Expression profiling by array	Total RNA	mouse cellline	FVB/NJ; TSC1 cell	/	DMSO	GSM2752566; GSM2752567; GSM2752568	BFA (1uM) for 16h	GSM2752572; GSM2752573; GSM2752574	treated	GPL23038:[Clariom_S_Mouse] Affymetrix Clariom S Assay, Mouse (Includes Pico Assay)
HBEXP000193	HBIN018821	brefeldin a	Ingredient	GSE63252	Homo sapiens			Colon cancer	HCT116	Expression profiling by array	Total RNA	human cellline	Colon cancer; HCT116	/	no treatment	GSM1544474; GSM1544475; GSM1544476	0.5 mg/ml of BFA for 24h	GSM1544480; GSM1544481; GSM1544482	treated	GPL570:[HG-U133_Plus_2] Affymetrix Human Genome U133 Plus 2.0 Array
HBEXP000194	HBIN018821	brefeldin a	Ingredient	GSE63252	Homo sapiens			Colon cancer	HCT116	Expression profiling by array	Total RNA	human cellline	Colon cancer; HCT116	p53 knockout 	no treatment	GSM1544483; GSM1544484; GSM1544485	0.5 mg/ml of BFA for 24h	GSM1544489; GSM1544490; GSM1544491	treated	GPL570:[HG-U133_Plus_2] Affymetrix Human Genome U133 Plus 2.0 Array
HBEXP000195	HBIN018821	brefeldin a	Ingredient	GSE63252	Homo sapiens			Colon cancer	HCT116	Expression profiling by array	Total RNA	human cellline	Colon cancer; HCT116	HCT116 DICEREX5/EX5 cells	no treatment	GSM1544492; GSM1544493; GSM1544494	0.5 mg/ml of BFA for 24h	GSM1544498; GSM1544499; GSM1544500	treated	GPL570:[HG-U133_Plus_2] Affymetrix Human Genome U133 Plus 2.0 Array
HBEXP000196	HBIN018821	brefeldin a	Ingredient	GSE94861	Homo sapiens			Hepatocellular carcinoma	HepG2	Expression profiling by array	Total RNA	human cellline	Hepatocellular carcinoma; HepG2	/	DMSO	GSM2486638; GSM2486639; GSM2486640	Brefeldin A (300 nM) for 24h	GSM2486641; GSM2486642; GSM2486643	treated	GPL17077:Agilent-039494 SurePrint G3 Human GE v2 8x60K Microarray 039381 (Probe Name version)
HBEXP000197	HBIN018848	Britanin	Ingredient	GSE85871	Homo sapiens			Breast cancer	MCF-7	Expression profiling by array	Total RNA	human cellline	Breast cancer; MCF-7	/	vehicle control (DMSO)	GSM2286248; GSM2286249; GSM2286316; GSM2286317; GSM2286398; GSM2286399	10uM Britanin for 12h	GSM2286286; GSM2286287	treated	GPL571:[HG-U133A_2] Affymetrix Human Genome U133A 2.48 Array
HBEXP000198	HBIN018908	Bruceine D	Ingredient	GSE85871	Homo sapiens			Breast cancer	MCF-7	Expression profiling by array	Total RNA	human cellline	Breast cancer; MCF-7	/	vehicle control (DMSO)	GSM2286248; GSM2286249; GSM2286316; GSM2286317; GSM2286398; GSM2286399	10uM Bruceine D for 12h	GSM2286384; GSM2286385	treated	GPL571:[HG-U133A_2] Affymetrix Human Genome U133A 2.96 Array
HBEXP000199	HBIN018981	Bufalin	Ingredient	GSE85871	Homo sapiens			Breast cancer	MCF-7	Expression profiling by array	Total RNA	human cellline	Breast cancer; MCF-7	/	vehicle control (DMSO)	GSM2286248; GSM2286249; GSM2286316; GSM2286317; GSM2286398; GSM2286399	1uM Bufalin for 12h	GSM2286302; GSM2286303	treated	GPL571:[HG-U133A_2] Affymetrix Human Genome U133A 2.56 Array
HBEXP000200	HBIN019298	caffeic acid	Ingredient	GSE35382	Homo sapiens			Colorectal cancer	HT29	Expression profiling by array	Total RNA	human cellline	Colorectal cancer; HT29	/	no treatment	GSM867162; GSM867173; GSM867174	CA (1.68 ug/mL) for 24h	GSM867175; GSM867176; GSM867177	treated	GPL570:[HG-U133_Plus_2] Affymetrix Human Genome U133 Plus 2.0 Array
HBEXP000201	HBIN019307	caffeine	Ingredient	GSE100489	Mus musculus	C57BL/6	Heart			Expression profiling by array	Total RNA	mouse	C57BL/6; Heart	/	water	GSM2684954; GSM2684955; GSM2684956	caffeine in drinking water for 10 days	GSM2684957; GSM2684958; GSM2684959	treated	GPL23624:BMFZ-GTL_Mmu_40K_v3
HBEXP000202	HBIN019307	caffeine	Ingredient	GSE100489	Mus musculus	C57BL/6	Heart			Expression profiling by array	Total RNA	mouse	C57BL/6; Heart	p27 knockout 	water	GSM2684960; GSM2684961	0.05% caffeinefor 10 days	GSM2684962; GSM2684963; GSM2684964	treated	GPL23624:BMFZ-GTL_Mmu_40K_v3
HBEXP000203	HBIN019307	caffeine	Ingredient	GSE56902	Mus musculus	CD-1	Heart ventricle			Expression profiling by high throughput sequencing	mRNA	mouse CD-1	CD-1; Heart ventricle	/	vehicle (normal saline)	GSM1370921; GSM1370922	20 mg/kg caffeine once daily during embryonic day (E) 6.5-9.5	GSM1370923; GSM1370924; GSM1370925	injection	GPL13112:Illumina HiSeq 2000 (Mus musculus)
HBEXP000204	HBIN019307	caffeine	Ingredient	GSE79013	Mus musculus	CD-1	Left ventricle			Expression profiling by high throughput sequencing	mRNA	mouse CD-1	CD-1; Left ventricle	/	vehicle (normal saline)	GSM2083594; GSM2083595; GSM2083596	20 mg/kg caffeine once daily during embryonic day (E) 6.5-9.5	GSM2083597; GSM2083598; GSM2083599	injection	GPL19057:Illumina NextSeq 500 (Mus musculus)
HBEXP000205	HBIN019558	cannabidiol	Ingredient	GSE131565	Homo sapiens		Epidermis	Keratinocyte		Expression profiling by high throughput sequencing	mRNA	human cellline	Epidermis; Keratinocyte	/	DMSO	GSM3788533; GSM3788534; GSM3788535	CBD (10uM) for 24h	GSM3788536; GSM3788537; GSM3788538	treated	GPL16791:Illumina HiSeq 2500 (Homo sapiens)
HBEXP000206	HBIN019558	cannabidiol	Ingredient	GSE57978	Homo sapiens		Glioblastoma	Glioma stem cell		Expression profiling by array	Total RNA	human cellline	Glioblastoma; Glioma stem cell	/	vehicle control	GSM1399027; GSM1399029; GSM1399031	2uM CBD for 48h	GSM1399028; GSM1399030; GSM1399032	treated	GPL6244:[HuGene-1_0-st] Affymetrix Human Gene 1.0 ST Array [transcript (gene) version]
HBEXP000207	HBIN019558	cannabidiol	Ingredient	GSE70689	Mus musculus			Microglial cell	BV-2	Expression profiling by array	Total RNA	mouse	Microglial cell; BV-2	/	control	GSM1816475; GSM1816482; GSM1816483; GSM1816487; GSM1816496; GSM1816497	CBD	GSM1816486; GSM1816490	treated	GPL7868:VUmc/Illumina Sentrix MouseRef8 v1.1
HBEXP000208	HBIN019558	cannabidiol	Ingredient	GSE70689	Mus musculus			Microglial cell	BV-2	Expression profiling by array	Total RNA	mouse	Microglial cell; BV-2	lipopolysaccharide (LPS) to activate BV-2 microglial cells	control	GSM1816476; GSM1816478; GSM1816485; GSM1816489; GSM1816491; GSM1816492	CBD	GSM1816481; GSM1816494	treated	GPL7868:VUmc/Illumina Sentrix MouseRef8 v1.1
HBEXP000209	HBIN019690	capsaicin	Ingredient	GSE57759	Homo sapiens		Gingiva	Epithelial cell		Expression profiling by array	Total RNA	human cellline	Gingiva; Epithelial cell	/	no treatment	GSM1388156; GSM1388157; GSM1388158; GSM1388159	1uM capsaicin for 4h	GSM1388160; GSM1388161; GSM1388162; GSM1388163	treated	GPL6480:Agilent-014850 Whole Human Genome Microarray 4x44K G4112F (Probe Name version)
HBEXP000210	HBIN019690	capsaicin	Ingredient	GSE64155	Homo sapiens			Breast cancer	MCF-7	Expression profiling by array	Total RNA	human cellline	Breast cancer; MCF-7	/	no treatment	GSM1565338; GSM1565339; GSM1565340	capsaicin	GSM1565344; GSM1565345; GSM1565346	treated	GPL13699:AIST Human EstrArray 2
HBEXP000211	HBIN019758	carnosine	Ingredient	GSE110767	Homo sapiens			Glioblastoma	U87	Expression profiling by high throughput sequencing	mRNA	human cellline	Glioblastoma; U87	/	control	GSM3016415; GSM3016416	Glioblastoma cells treated with carnosine	GSM3016417; GSM3016418	treated	GPL16791:Illumina HiSeq 2500 (Homo sapiens)
HBEXP000212	HBIN019758	carnosine	Ingredient	GSE111123	Homo sapiens			Umbilical vein endothelial cell	HUVEC	Expression profiling by array	Total RNA	human cellline	Umbilical vein endothelial cell; HUVEC	/	control	GSM3022509; GSM3022515; GSM3022521	treated with MGO400, biological	GSM3022513; GSM3022519; GSM3022525	treated	GPL21970:[HuGene-2_0-st] Affymetrix Human Gene 2.0 ST Array [CDF: hugene20st_Hs_ENTREZG.cdf, Brainarray version 20.0.0]
HBEXP000213	HBIN019758	carnosine	Ingredient	GSE111123	Homo sapiens			Umbilical vein endothelial cell	HUVEC	Expression profiling by array	Total RNA	human cellline	Umbilical vein endothelial cell; HUVEC	/	control	GSM3022509; GSM3022515; GSM3022521	treated with MGO800, biological	GSM3022514; GSM3022520; GSM3022526	treated	GPL21970:[HuGene-2_0-st] Affymetrix Human Gene 2.0 ST Array [CDF: hugene20st_Hs_ENTREZG.cdf, Brainarray version 20.0.0]
HBEXP000214	HBIN019758	carnosine	Ingredient	GSE115769	Mus musculus		Midbrain			Expression profiling by high throughput sequencing	mRNA	mouse	Midbrain	/	control	GSM3189038; GSM3189039; GSM3189040	treated with 2 mg of carnosine intranasally,treated with 10 mM carnosine in drinking water	GSM3189041; GSM3189042; GSM3189043	treated	GPL13112:Illumina HiSeq 2000 (Mus musculus)
HBEXP000215	HBIN019758	carnosine	Ingredient	GSE115769	Mus musculus		Midbrain			Expression profiling by high throughput sequencing	mRNA	mouse	Midbrain	transgenic Thy1-aSyn mice	control	GSM3189044; GSM3189045; GSM3189046	treated with 2 mg of carnosine intranasally,treated with 10 mM carnosine in drinking water	GSM3189047; GSM3189048; GSM3189049	treated	GPL13112:Illumina HiSeq 2000 (Mus musculus)
HBEXP000216	HBIN019758	carnosine	Ingredient	GSE61455	Homo sapiens			Colon carcinoma	Caco-2	Expression profiling by array	Total RNA	human cellline	Colon carcinoma; Caco-2	/	control	GSM1505215; GSM1505217; GSM1505219	treated with 1 mM carnosine for 3 days	GSM1505216; GSM1505218; GSM1505220	treated	GPL13497:Agilent-026652 Whole Human Genome Microarray 4x44K v2 (Probe Name version)
HBEXP000217	HBIN020031	celastrol	Ingredient	GSE110391	Mus musculus	C57BL/6	Liver			Expression profiling by high throughput sequencing	mRNA	mouse	C57BL/6; Liver	alpha-naphthylisothiocyanate (ANIT)-induced cholestasis	no treatment	GSM2990586; GSM2990587; GSM2990588	celastrol (10 mg/kg dissolved in 1% DMSO + 2% Tween 80 + 97% water) for 5 consecutive days	GSM2990589; GSM2990590; GSM2990591	oral	GPL13112:Illumina HiSeq 2000 (Mus musculus)
HBEXP000218	HBIN020031	celastrol	Ingredient	GSE124353	Mus musculus	C57BL/6J	Hypothalamus			Expression profiling by array	Total RNA	mouse C57BL/8J	C57BL/6J; Hypothalamus	diet-induced obese (DIO) 	DMSO	GSM3530309; GSM3530310; GSM3530311	250ug/kgcelastrol for 6h	GSM3530318; GSM3530319; GSM3530320; GSM3530321	injection	GPL6246:[MoGene-1_0-st] Affymetrix Mouse Gene 1.0 ST Array [transcript (gene) version]
HBEXP000219	HBIN020031	celastrol	Ingredient	GSE124353	Mus musculus	C57BL/6J	Hypothalamus			Expression profiling by array	Total RNA	mouse C57BL/8J	C57BL/6J; Hypothalamus	diet-induced obese (DIO) 	DMSO	GSM3530309; GSM3530310; GSM3530311	250ug/kgcelastrol for 1day	GSM3530322; GSM3530323; GSM3530324; GSM3530325	injection	GPL6246:[MoGene-1_0-st] Affymetrix Mouse Gene 1.0 ST Array [transcript (gene) version]
HBEXP000220	HBIN020031	celastrol	Ingredient	GSE124353	Mus musculus	C57BL/6J	Hypothalamus			Expression profiling by array	Total RNA	mouse C57BL/8J	C57BL/6J; Hypothalamus	diet-induced obese (DIO) 	DMSO	GSM3530309; GSM3530310; GSM3530311	250ug/kgcelastrol for 4 days	GSM3530326; GSM3530327; GSM3530328	injection	GPL6246:[MoGene-1_0-st] Affymetrix Mouse Gene 1.0 ST Array [transcript (gene) version]
HBEXP000221	HBIN020031	celastrol	Ingredient	GSE124355	Mus musculus		Hypothalamus			Expression profiling by array	Total RNA	mouse C57BL/7J	Hypothalamus	db/db mice	DMSO	GSM3530335; GSM3530336; GSM3530337; GSM3530338	250ug/kgcelastrol for 6h	GSM3530347; GSM3530348; GSM3530349	injection	GPL6246:[MoGene-1_0-st] Affymetrix Mouse Gene 1.0 ST Array [transcript (gene) version]
HBEXP000222	HBIN020031	celastrol	Ingredient	GSE124355	Mus musculus		Hypothalamus			Expression profiling by array	Total RNA	mouse C57BL/7J	Hypothalamus	db/db mice	DMSO	GSM3530335; GSM3530336; GSM3530337; GSM3530338	250ug/kgcelastrol for 1day	GSM3530350; GSM3530351; GSM3530352; GSM3530353	injection	GPL6246:[MoGene-1_0-st] Affymetrix Mouse Gene 1.0 ST Array [transcript (gene) version]
HBEXP000223	HBIN020031	celastrol	Ingredient	GSE124355	Mus musculus		Hypothalamus			Expression profiling by array	Total RNA	mouse C57BL/7J	Hypothalamus	db/db mice	DMSO	GSM3530335; GSM3530336; GSM3530337; GSM3530338	250ug/kgcelastrol for 4 days	GSM3530354; GSM3530355; GSM3530356; GSM3530357	injection	GPL6246:[MoGene-1_0-st] Affymetrix Mouse Gene 1.0 ST Array [transcript (gene) version]
HBEXP000224	HBIN020031	celastrol	Ingredient	GSE124356	Mus musculus	C57BL/6J	Hypothalamus			Expression profiling by array	Total RNA	mouse C57BL/6J	C57BL/6J; Hypothalamus	/	DMSO	GSM3530358; GSM3530359; GSM3530360; GSM3530361	250ug/kgcelastrol for 6h	GSM3530370; GSM3530371; GSM3530372; GSM3530373	injection	GPL6246:[MoGene-1_0-st] Affymetrix Mouse Gene 1.0 ST Array [transcript (gene) version]
HBEXP000225	HBIN020031	celastrol	Ingredient	GSE124356	Mus musculus	C57BL/6J	Hypothalamus			Expression profiling by array	Total RNA	mouse C57BL/6J	C57BL/6J; Hypothalamus	/	DMSO	GSM3530358; GSM3530359; GSM3530360; GSM3530361	250ug/kgcelastrol for 1day	GSM3530374; GSM3530375; GSM3530376	injection	GPL6246:[MoGene-1_0-st] Affymetrix Mouse Gene 1.0 ST Array [transcript (gene) version]
HBEXP000226	HBIN020031	celastrol	Ingredient	GSE124356	Mus musculus	C57BL/6J	Hypothalamus			Expression profiling by array	Total RNA	mouse C57BL/6J	C57BL/6J; Hypothalamus	/	DMSO	GSM3530358; GSM3530359; GSM3530360; GSM3530361	250ug/kgcelastrol for 4 days	GSM3530377; GSM3530378; GSM3530379	injection	GPL6246:[MoGene-1_0-st] Affymetrix Mouse Gene 1.0 ST Array [transcript (gene) version]
HBEXP000227	HBIN020031	celastrol	Ingredient	GSE5505	Homo sapiens			Prostate cancer	LNCaP	Expression profiling by array	Total RNA	human cellline	Prostate cancer; LNCaP	/	DMSO	GSM127017; GSM127018; GSM127019	1.25uM celastrol for 6h	GSM127015; GSM127016	treated	GPL3921:[HT_HG-U133A] Affymetrix HT Human Genome U133A Array
HBEXP000228	HBIN020031	celastrol	Ingredient	GSE84156	Mus musculus	C57BL/6J	Hypothalamus			Expression profiling by array	Total RNA	mouse C57BL/6J	C57BL/6J; Hypothalamus	fed with 45% high fat diet for 20 weeks	DMSO	GSM2228303; GSM2228304; GSM2228305; GSM2228306	Celastrol (100 ug/kg) for 4 days	GSM2228307; GSM2228308; GSM2228309; GSM2228310	feed	GPL6246:[MoGene-1_0-st] Affymetrix Mouse Gene 1.0 ST Array [transcript (gene) version]
HBEXP000229	HBIN020031	celastrol	Ingredient	GSE96869	Homo sapiens			Leukemia	K562	Expression profiling by high throughput sequencing	mRNA	human cellline	Leukemia; K562	/	DMSO	GSM2545324; GSM2545325	3uM celastrol for 10min	GSM2545326; GSM2545327	treated	GPL18573:Illumina NextSeq 500 (Homo sapiens)
HBEXP000230	HBIN020031	celastrol	Ingredient	GSE96869	Homo sapiens			Leukemia	K562	Expression profiling by high throughput sequencing	mRNA	human cellline	Leukemia; K562	/	DMSO	GSM2545324; GSM2545325	3uM celastrol for 20min	GSM2545328; GSM2545329	treated	GPL18573:Illumina NextSeq 500 (Homo sapiens)
HBEXP000231	HBIN020031	celastrol	Ingredient	GSE96869	Homo sapiens			Leukemia	K562	Expression profiling by high throughput sequencing	mRNA	human cellline	Leukemia; K562	/	DMSO	GSM2545324; GSM2545325	3uM celastrol for 40min	GSM2545330; GSM2545331	treated	GPL18573:Illumina NextSeq 500 (Homo sapiens)
HBEXP000232	HBIN020031	celastrol	Ingredient	GSE96869	Homo sapiens			Leukemia	K562	Expression profiling by high throughput sequencing	mRNA	human cellline	Leukemia; K562	/	DMSO	GSM2545324; GSM2545325	3uM celastrol for 60min	GSM2545332; GSM2545333	treated	GPL18573:Illumina NextSeq 500 (Homo sapiens)
HBEXP000233	HBIN020031	celastrol	Ingredient	GSE96869	Homo sapiens			Leukemia	K562	Expression profiling by high throughput sequencing	mRNA	human cellline	Leukemia; K562	/	DMSO	GSM2545324; GSM2545325	3uM celastrol for 160min	GSM2545334; GSM2545335	treated	GPL18573:Illumina NextSeq 500 (Homo sapiens)
HBEXP000234	HBIN020270	Chelerythrine	Ingredient	GSE80752	Homo sapiens			Cervical cancer	HeLa	Expression profiling by array	Total RNA	human cellline	Cervical cancer; HeLa	/	no treatment	GSM2136539; GSM2136540; GSM2136541	10uM for 6h	GSM2136542; GSM2136543; GSM2136544	treated	GPL10558:Illumina HumanHT-12 V4.0 expression beadchip
HBEXP000235	HBIN020270	Chelerythrine	Ingredient	GSE85871	Homo sapiens			Breast cancer	MCF-7	Expression profiling by array	Total RNA	human cellline	Breast cancer; MCF-7	/	vehicle control (DMSO)	GSM2286248; GSM2286249; GSM2286316; GSM2286317; GSM2286398; GSM2286399	1uM Chelerythrine for 12h	GSM2286392; GSM2286393	treated	GPL571:[HG-U133A_2] Affymetrix Human Genome U133A 2.100 Array
HBEXP000236	HBIN020280	Chenodeoxycholic acid	Ingredient	GSE85871	Homo sapiens			Breast cancer	MCF-7	Expression profiling by array	Total RNA	human cellline	Breast cancer; MCF-7	/	vehicle control (DMSO)	GSM2286248; GSM2286249; GSM2286316; GSM2286317; GSM2286398; GSM2286399	10uM Chenodeoxycholic acid for 12h	GSM2286256; GSM2286257	treated	GPL571:[HG-U133A_2] Affymetrix Human Genome U133A 2.33 Array
HBEXP000237	HBIN020363	Chlorogenic acid	Ingredient	GSE85871	Homo sapiens			Breast cancer	MCF-7	Expression profiling by array	Total RNA	human cellline	Breast cancer; MCF-7	/	vehicle control (DMSO)	GSM2286248; GSM2286249; GSM2286316; GSM2286317; GSM2286398; GSM2286399	10uM Chlorogenic acid for 12h	GSM2286234; GSM2286235	treated	GPL571:[HG-U133A_2] Affymetrix Human Genome U133A 2.23 Array
HBEXP000238	HBIN020404	Cholic acid	Ingredient	GSE85871	Homo sapiens			Breast cancer	MCF-7	Expression profiling by array	Total RNA	human cellline	Breast cancer; MCF-7	/	vehicle control (DMSO)	GSM2286248; GSM2286249; GSM2286316; GSM2286317; GSM2286398; GSM2286399	10uM Cholic acid for 12h	GSM2286258; GSM2286259	treated	GPL571:[HG-U133A_2] Affymetrix Human Genome U133A 2.34 Array
HBEXP000239	HBIN020406	choline	Ingredient	GSE111294	Mus musculus	NSA	Placenta			Expression profiling by high throughput sequencing	mRNA	mouse	NSA; Placenta	/	1X control choline diet	GSM3028057; GSM3028058; GSM3028059	male mice; 4X control choline diet	GSM3028060; GSM3028061; GSM3028062	feed	GPL19057:Illumina NextSeq 500 (Mus musculus)
HBEXP000240	HBIN020406	choline	Ingredient	GSE111294	Mus musculus	NSA	Placenta			Expression profiling by high throughput sequencing	mRNA	mouse	NSA; Placenta	/	1X control choline diet	GSM3028057; GSM3028058; GSM3028059	female mice; 4X control choline diet	GSM3028066; GSM3028067; GSM3028068	feed	GPL19057:Illumina NextSeq 500 (Mus musculus)
HBEXP000241	HBIN020653	Cinnamaldehyde	Ingredient	GSE85871	Homo sapiens			Breast cancer	MCF-7	Expression profiling by array	Total RNA	human cellline	Breast cancer; MCF-7	/	vehicle control (DMSO)	GSM2286248; GSM2286249; GSM2286316; GSM2286317; GSM2286398; GSM2286399	10uM Cinnamaldehyde for 12h	GSM2286262; GSM2286263	treated	GPL571:[HG-U133A_2] Affymetrix Human Genome U133A 2.36 Array
HBEXP000242	HBIN020657	Cinnamic acid	Ingredient	GSE85871	Homo sapiens			Breast cancer	MCF-7	Expression profiling by array	Total RNA	human cellline	Breast cancer; MCF-7	/	vehicle control (DMSO)	GSM2286248; GSM2286249; GSM2286316; GSM2286317; GSM2286398; GSM2286399	10uM Cinnamic acid for 12h	GSM2286260; GSM2286261	treated	GPL571:[HG-U133A_2] Affymetrix Human Genome U133A 2.35 Array
HBEXP000243	HBIN020703	Cinobufotalin	Ingredient	GSE85871	Homo sapiens			Breast cancer	MCF-7	Expression profiling by array	Total RNA	human cellline	Breast cancer; MCF-7	/	vehicle control (DMSO)	GSM2286248; GSM2286249; GSM2286316; GSM2286317; GSM2286398; GSM2286399	1uM Cinobufotalin for 12h	GSM2286314; GSM2286315	treated	GPL571:[HG-U133A_2] Affymetrix Human Genome U133A 2.62 Array
HBEXP000244	HBIN021188	cocaine	Ingredient	GSE10869	Mus musculus	C57BL/6 and 129	Striatum			Expression profiling by array	Total RNA	Mixed background C57BL6 and 129	C57BL/6 and 129; Striatum	/	saline	GSM275523; GSM275524; GSM275525	25 mg/kg cocaine for 1 hour	GSM275517; GSM275518; GSM275519; GSM275520; GSM275521; GSM275522	intra-peritoneal injection	GPL8321:[Mouse430A_2] Affymetrix Mouse Genome 430A 2.0 Array
HBEXP000245	HBIN021188	cocaine	Ingredient	GSE10869	Mus musculus	C57BL/6 and 129	Striatum			Expression profiling by array	Total RNA	Mixed background C57BL6 and 129	C57BL/6 and 129; Striatum	D1Cre+, Camk4 flox/flox	saline	GSM275514; GSM275515; GSM275516	25 mg/kg cocaine for 1 hour	GSM275508; GSM275509; GSM275510; GSM275511; GSM275512; GSM275513	intra-peritoneal injection	GPL8321:[Mouse430A_2] Affymetrix Mouse Genome 430A 2.0 Array
HBEXP000246	HBIN021188	cocaine	Ingredient	GSE10870	Mus musculus	C57BL/6	Striatum			Expression profiling by array	Total RNA	mouse C57Bl6	C57BL/6; Striatum	/	saline	GSM275535; GSM275536; GSM275537	25 mg/kg cocaine for 1 hour	GSM275532; GSM275533; GSM275534	intra-peritoneal injection	GPL8321:[Mouse430A_2] Affymetrix Mouse Genome 430A 2.0 Array
HBEXP000247	HBIN021188	cocaine	Ingredient	GSE10870	Mus musculus	C57BL/6	Striatum			Expression profiling by array	Total RNA	mouse C57Bl6	C57BL/6; Striatum	D1Cre+, Srf flox/flox	saline	GSM275529; GSM275530; GSM275531	25 mg/kg cocaine for 1 hour	GSM275526; GSM275527; GSM275528	intra-peritoneal injection	GPL8321:[Mouse430A_2] Affymetrix Mouse Genome 430A 2.0 Array
HBEXP000248	HBIN021188	cocaine	Ingredient	GSE111600	Mus musculus	C57BL/6J	Nucleus accumbens			Expression profiling by high throughput sequencing	mRNA	mouse C57BL/6J	C57BL/6J; Nucleus accumbens	/	SALINE	GSM3034760; GSM3034761; GSM3034762; GSM3034763; GSM3034764	male mice;10 mg/kg/d on treatment days 1 and 7; and 20 mg/kg/d for days 2-6	GSM3034765; GSM3034766; GSM3034767; GSM3034768; GSM3034769	treated	GPL19057:Illumina NextSeq 500 (Mus musculus)
HBEXP000249	HBIN021188	cocaine	Ingredient	GSE111600	Mus musculus	C57BL/6J	Nucleus accumbens			Expression profiling by high throughput sequencing	mRNA	mouse C57BL/6J	C57BL/6J; Nucleus accumbens	/	SALINE	GSM3034760; GSM3034761; GSM3034762; GSM3034763; GSM3034764	female mice;10 mg/kg/d on treatment days 1 and 7; and 20 mg/kg/d for days 2-6	GSM3034775; GSM3034776; GSM3034777; GSM3034778; GSM3034779	treated	GPL19057:Illumina NextSeq 500 (Mus musculus)
HBEXP000250	HBIN021188	cocaine	Ingredient	GSE116484	Mus musculus	C57BL/6	Nucleus accumbens			Expression profiling by high throughput sequencing	mRNA	mouse C57BL/6	C57BL/6; Nucleus accumbens	/	SALINE	GSM3239987; GSM3239988; GSM3239989; GSM3239990; GSM3239991; GSM3239992; GSM3239993; GSM3239994; GSM3239995; GSM3239996	7.5mg/kg cocaine for 7 days	GSM3239997; GSM3239998; GSM3239999; GSM3240000; GSM3240001; GSM3240002; GSM3240003; GSM3240004; GSM3240005; GSM3240006	exposed	GPL13112:Illumina HiSeq 2000 (Mus musculus)
HBEXP000251	HBIN021188	cocaine	Ingredient	GSE141520	Mus musculus	C57BL/6	Nucleus accumbens			Expression profiling by high throughput sequencing	mRNA	mouse C57BL/6	C57BL/6; Nucleus accumbens	/	SALINE	GSM4205479; GSM4205480; GSM4205481; GSM4205482; GSM4205483; GSM4205484	cocaine self-administration for 1 day	GSM4205473; GSM4205474; GSM4205475; GSM4205476; GSM4205477; GSM4205478	treated	GPL21103:Illumina HiSeq 4000 (Mus musculus)
HBEXP000252	HBIN021188	cocaine	Ingredient	GSE141520	Mus musculus	C57BL/6	Nucleus accumbens			Expression profiling by high throughput sequencing	mRNA	mouse C57BL/6	C57BL/6; Nucleus accumbens	/	SALINE	GSM4205479; GSM4205480; GSM4205481; GSM4205482; GSM4205483; GSM4205484	cocaine self-administration for 28 days	GSM4205509; GSM4205510; GSM4205511; GSM4205512; GSM4205513; GSM4205514	treated	GPL21103:Illumina HiSeq 4000 (Mus musculus)
HBEXP000253	HBIN021188	cocaine	Ingredient	GSE141520	Mus musculus	C57BL/6	Ventral tegmental area			Expression profiling by high throughput sequencing	mRNA	mouse C57BL/6	C57BL/6; Ventral tegmental area	/	SALINE	GSM4205491; GSM4205492; GSM4205493; GSM4205494; GSM4205495; GSM4205496	cocaine self-administration for 1 day	GSM4205485; GSM4205486; GSM4205487; GSM4205488; GSM4205489; GSM4205490	treated	GPL21103:Illumina HiSeq 4000 (Mus musculus)
HBEXP000254	HBIN021188	cocaine	Ingredient	GSE141520	Mus musculus	C57BL/6	Ventral tegmental area			Expression profiling by high throughput sequencing	mRNA	mouse C57BL/6	C57BL/6; Ventral tegmental area	/	SALINE	GSM4205491; GSM4205492; GSM4205493; GSM4205494; GSM4205495; GSM4205496	cocaine self-administration for 28 days	GSM4205521; GSM4205522; GSM4205523; GSM4205524; GSM4205525; GSM4205526	treated	GPL21103:Illumina HiSeq 4000 (Mus musculus)
HBEXP000255	HBIN021188	cocaine	Ingredient	GSE141520	Mus musculus	C57BL/6	Prefrontal Cortex			Expression profiling by high throughput sequencing	mRNA	mouse C57BL/6	C57BL/6; Prefrontal Cortex	/	SALINE	GSM4205503; GSM4205504; GSM4205505; GSM4205506; GSM4205507; GSM4205508	cocaine self-administration for 1 day	GSM4205497; GSM4205498; GSM4205499; GSM4205500; GSM4205501; GSM4205502	treated	GPL21103:Illumina HiSeq 4000 (Mus musculus)
HBEXP000256	HBIN021188	cocaine	Ingredient	GSE141520	Mus musculus	C57BL/6	Prefrontal Cortex			Expression profiling by high throughput sequencing	mRNA	mouse C57BL/6	C57BL/6; Prefrontal Cortex	/	SALINE	GSM4205503; GSM4205504; GSM4205505; GSM4205506; GSM4205507; GSM4205508	cocaine self-administration for 28 days	GSM4205532; GSM4205533; GSM4205534; GSM4205535; GSM4205536; GSM4205537	treated	GPL21103:Illumina HiSeq 4000 (Mus musculus)
HBEXP000257	HBIN021188	cocaine	Ingredient	GSE18751	Mus musculus	C57BL/6J	Nucleus accumbens			Expression profiling by array	Total RNA	mouse C57BL/6J	C57BL/6J; Nucleus accumbens	14 treatments saline	saline	GSM465578; GSM465582; GSM465586	20 mg/kg cocaine-HCl for 1 day	GSM465579; GSM465583; GSM465587	intra-peritoneal injection	GPL6887:Illumina MouseWG-6 v2.0 expression beadchip
HBEXP000258	HBIN021188	cocaine	Ingredient	GSE42805	Mus musculus	C57BL/6	Nucleus accumbens			Expression profiling by high throughput sequencing	mRNA	mouse C57BL/6	C57BL/6; Nucleus accumbens	/	saline	GSM1050257; GSM1050258; GSM1050259	20 mg/kg cocaine for 7 days	GSM1050254; GSM1050255; GSM1050256	intra-peritoneal injection	GPL13112:Illumina HiSeq 2000 (Mus musculus)
HBEXP000259	HBIN021188	cocaine	Ingredient	GSE42805	Mus musculus	C57BL/6	Nucleus accumbens			Expression profiling by high throughput sequencing	mRNA	mouse C57BL/6	C57BL/6; Nucleus accumbens	/	saline	GSM1050257; GSM1050258; GSM1050259	20 mg/kg cocaine for 1 day	GSM1277962; GSM1277963; GSM1277964	intra-peritoneal injection	GPL13112:Illumina HiSeq 2000 (Mus musculus)
HBEXP000260	HBIN021188	cocaine	Ingredient	GSE43410	Mus musculus	C57BL/6	Nucleus accumbens			Expression profiling by high throughput sequencing	Total RNA	mouse C57BL/6	C57BL/6; Nucleus accumbens	/	Saline 	GSM1062208; GSM1062211; GSM1062214	Cocaine (10 or 20mg/kg/day) intraperitoneally for 7 days	GSM1062209; GSM1062212; GSM1062215	injection	GPL11002:Illumina Genome Analyzer IIx (Mus musculus)
HBEXP000261	HBIN021188	cocaine	Ingredient	GSE48365	Mus musculus	C57BL/6	Nucleus accumbens			Expression profiling by array	Total RNA	mouse  C57BL/6 male	C57BL/6; Nucleus accumbens	for 7 days intraperitoneally (i.p.) with sterile saline (0.1 mL/10 g body weight)	saline 	GSM1176475; GSM1176476; GSM1176477; GSM1176478	10 mg/kg for 8 days	GSM1176483; GSM1176484; GSM1176485; GSM1176486	intra-peritoneal injection	GPL6885:Illumina MouseRef-8 v2.0 expression beadchip
HBEXP000262	HBIN021188	cocaine	Ingredient	GSE71939	Homo sapiens			Neuroblastoma	SHSY5Y	Expression profiling by array	Total RNA	human	Neuroblastoma; SHSY5Y	/	control	GSM1847671; GSM1847672; GSM1847673	1uM cocaine for 6h	GSM1847674; GSM1847675; GSM1847676	exposed	GPL570:[HG-U133_Plus_2] Affymetrix Human Genome U133 Plus 2.0 Array
HBEXP000263	HBIN021188	cocaine	Ingredient	GSE71939	Homo sapiens			Neuroblastoma	SHSY5Y	Expression profiling by array	Total RNA	human	Neuroblastoma; SHSY5Y	/	control	GSM1847671; GSM1847672; GSM1847673	5uM cocaine for 6h	GSM1847677; GSM1847678; GSM1847679	exposed	GPL570:[HG-U133_Plus_2] Affymetrix Human Genome U133 Plus 2.0 Array
HBEXP000264	HBIN021188	cocaine	Ingredient	GSE71939	Homo sapiens			Neuroblastoma	SHSY5Y	Expression profiling by array	Total RNA	human	Neuroblastoma; SHSY5Y	/	no treatment	GSM1847680; GSM1847681; GSM1847682	1uM cocaine for 24h	GSM1847683; GSM1847684; GSM1847685	exposed	GPL570:[HG-U133_Plus_2] Affymetrix Human Genome U133 Plus 2.0 Array
HBEXP000265	HBIN021188	cocaine	Ingredient	GSE71939	Homo sapiens			Neuroblastoma	SHSY5Y	Expression profiling by array	Total RNA	human	Neuroblastoma; SHSY5Y	/	no treatment	GSM1847680; GSM1847681; GSM1847682	5uM cocaine for 24h	GSM1847676; GSM1847677; GSM1847678	exposed	GPL570:[HG-U133_Plus_2] Affymetrix Human Genome U133 Plus 2.0 Array
HBEXP000266	HBIN021188	cocaine	Ingredient	GSE76868	Mus musculus	C57BL/6	Brain			Expression profiling by high throughput sequencing	mRNA	mouse C57BL/6	C57BL/6; Brain	/	saline (0.9%)	GSM2039165; GSM2039166; GSM2039167	cocaine (20 mg/kg dissolved in 0.9% saline) for 7-days consecutive days	GSM2039162; GSM2039163; GSM2039164	injection	GPL9250:Illumina Genome Analyzer II (Mus musculus)
HBEXP000267	HBIN021188	cocaine	Ingredient	GSE85936	Mus musculus	C57BL/6	Nucleus accumbens			Expression profiling by high throughput sequencing	mRNA	mouse C57BL/6	C57BL/6; Nucleus accumbens	viral-mediated overexpression of GFP	SALINE	GSM2288037; GSM2288038; GSM2288039	cocaine	GSM2288040; GSM2288041; GSM2288042; GSM2288043	treated	GPL17021:Illumina HiSeq 2500 (Mus musculus)
HBEXP000268	HBIN021188	cocaine	Ingredient	GSE8948	Mus musculus	C57BL/6 and 129	Striatum			Expression profiling by array	Total RNA	mixed background C57Bl6 and 129	C57BL/6 and 129; Striatum	/	saline	GSM226807; GSM226808; GSM226809	25 mg/kg cocaine for 1h	GSM226810; GSM226811; GSM226812; GSM226813; GSM226814	intra-peritoneal injection	GPL81:[MG_U74Av2] Affymetrix Murine Genome U74A Version 2 Array;GPL82:[MG_U74Bv2] Affymetrix Murine Genome U74B Version 2 Array;GPL83:[MG_U74Cv2] Affymetrix Murine Genome U74 Version 2 Array;GPL8321:[Mouse430A_2] Affymetrix Mouse Genome 430A 2.0 Array
HBEXP000269	HBIN021188	cocaine	Ingredient	GSE8948	Mus musculus	C57BL/6 and 129	Striatum			Expression profiling by array	Total RNA	mixed background C57Bl6 and 129	C57BL/6 and 129; Striatum	Cre+, Creb1 flox/flox, Crem -/-	saline	GSM226815; GSM226816; GSM226817	25 mg/kg cocaine for 1h	GSM226818; GSM226819; GSM226820; GSM226821; GSM226822	intra-peritoneal injection	GPL81:[MG_U74Av2] Affymetrix Murine Genome U74A Version 2 Array;GPL82:[MG_U74Bv2] Affymetrix Murine Genome U74B Version 2 Array;GPL83:[MG_U74Cv2] Affymetrix Murine Genome U74 Version 2 Array;GPL8321:[Mouse430A_2] Affymetrix Mouse Genome 430A 2.0 Array
HBEXP000270	HBIN021188	cocaine	Ingredient	GSE89572	Mus musculus	C57BL/6	Prefrontal cortex			Expression profiling by high throughput sequencing	mRNA	mouse C57BL/6	C57BL/6; Prefrontal cortex	/	control	GSM2384772; GSM2384773	cocaine for 24h	GSM2384774; GSM2384775	injection	GPL13112:Illumina HiSeq 2000 (Mus musculus)
HBEXP000271	HBIN021188	cocaine	Ingredient	GSE89572	Mus musculus	C57BL/6	Prefrontal cortex			Expression profiling by high throughput sequencing	mRNA	mouse C57BL/6	C57BL/6; Prefrontal cortex	/	control	GSM2384772; GSM2384773	cocaine for 2h	GSM2384776; GSM2384777	injection	GPL13112:Illumina HiSeq 2000 (Mus musculus)
HBEXP000272	HBIN021188	cocaine	Ingredient	GSE89572	Mus musculus	C57BL/6	Prefrontal cortex			Expression profiling by high throughput sequencing	mRNA	mouse C57BL/6	C57BL/6; Prefrontal cortex	/	control	GSM2384772; GSM2384773	cocaine for 7 days	GSM2384780; GSM2384781	injection	GPL13112:Illumina HiSeq 2000 (Mus musculus)
HBEXP000273	HBIN021188	cocaine	Ingredient	GSE9134	Mus musculus		Nucleus accumbens			Expression profiling by array	Total RNA	mouse	Nucleus accumbens	wildtype	saline	GSM231028; GSM231034; GSM231038; GSM231040; GSM231044; GSM231046; GSM231052	20 mg/kg cocaine for 7 days	GSM231030; GSM231032; GSM231036; GSM231047; GSM231050; GSM231055; GSM231057	intra-peritoneal injection	GPL4234:Sentrix Mouse-6 Expression BeadChip
HBEXP000274	HBIN021188	cocaine	Ingredient	GSE9134	Mus musculus		Nucleus accumbens			Expression profiling by array	Total RNA	mouse	Nucleus accumbens	HDAC5 knockout mice	saline	GSM231029; GSM231035; GSM231039; GSM231042; GSM231045; GSM231048; GSM231053	20 mg/kg cocaine for 7 days	GSM231031; GSM231033; GSM231037; GSM231043; GSM231049; GSM231051; GSM231054; GSM231056	intra-peritoneal injection	GPL4234:Sentrix Mouse-6 Expression BeadChip
HBEXP000275	HBIN021260	colchicine	Ingredient	GSE4090	Homo sapiens			Umbilical vein endothelial cell	HUVEC	Expression profiling by array	Total RNA	human cellline	Umbilical vein endothelial cell; HUVEC	/	no treatment	GSM93635; GSM93638; GSM93649	1 ug/ml colchicine for 30min	GSM93642; GSM93643	exposed	GPL3386:SHGB
HBEXP000276	HBIN021260	colchicine	Ingredient	GSE4090	Homo sapiens			Umbilical vein endothelial cell	HUVEC	Expression profiling by array	Total RNA	human cellline	Umbilical vein endothelial cell; HUVEC	/	no treatment	GSM93635; GSM93638; GSM93649	1 ug/ml colchicine for 120min	GSM93639; GSM93647	exposed	GPL3386:SHGB
HBEXP000277	HBIN021260	colchicine	Ingredient	GSE4090	Homo sapiens			Umbilical vein endothelial cell	HUVEC	Expression profiling by array	Total RNA	human cellline	Umbilical vein endothelial cell; HUVEC	/	no treatment	GSM93641; GSM93644	1 ug/ml colchicine for 12h	GSM93637; GSM93640	exposed	GPL3386:SHGB
HBEXP000278	HBIN021460	cordycepin	Ingredient	GSE112513	Mus musculus			Leydig tumor cell	MA-10	Expression profiling by array	Total RNA	mouse	Leydig tumor cell; MA-10	/	vehicle control	GSM3071967; GSM3071968	Cordycepin 100uM for 3h	GSM3071969; GSM3071970	treated	GPL13692:Phalanx Mouse OneArray® v2
HBEXP000279	HBIN021460	cordycepin	Ingredient	GSE126157	Mus musculus			Macrophage	RAW 264.7	Expression profiling by array	Total RNA	muuse	Macrophage; RAW 264.7	/	DMSO	GSM3592415; GSM3592416; GSM3592417; GSM3592418	20uM cordycepin for 120min	GSM3592419; GSM3592420; GSM3592421; GSM3592422	treated	GPL13912:Agilent-028005 SurePrint G3 Mouse GE 8x60K Microarray (Feature Number version)
HBEXP000280	HBIN021531	corticosterone	Ingredient	GSE128148	Mus musculus	C57BL/6J	Hypothalamic arcuate nucleus			Expression profiling by high throughput sequencing	mRNA	mouse	C57BL/6J; Hypothalamic arcuate nucleus	/	1% ethanol	GSM3665795; GSM3665796; GSM3665797; GSM3665798; GSM3665799	corticosterone (75ug/ml) for 2 days or 4 weeks	GSM3665800; GSM3665801; GSM3665802; GSM3665803; GSM3665804	oral administration	GPL21103:Illumina HiSeq 4000 (Mus musculus);GPL17021:Illumina HiSeq 2500 (Mus musculus)
HBEXP000281	HBIN021531	corticosterone	Ingredient	GSE128148	Mus musculus	C57BL/6J	Hypothalamic arcuate nucleus			Expression profiling by high throughput sequencing	mRNA	mouse	C57BL/6J; Hypothalamic arcuate nucleus	/	1% ethanol	GSM3665805; GSM3665806; GSM3665807; GSM3665808; GSM3665809	corticosterone (75ug/ml) for 2 days or 4 weeks	GSM3665810; GSM3665811; GSM3665812; GSM3665813; GSM3665814	oral administration	GPL21103:Illumina HiSeq 4000 (Mus musculus);GPL17021:Illumina HiSeq 2500 (Mus musculus)
HBEXP000282	HBIN021531	corticosterone	Ingredient	GSE33022	Mus musculus		Heart			Expression profiling by array	Total RNA	mouse	Heart	/	no treatment	GSM818510; GSM818511; GSM818512; GSM818513; GSM818514	corticosterone for 7 days	GSM818520; GSM818521; GSM818522; GSM818523; GSM818524	treated	GPL11202:Agilent-026655 Whole Mouse Genome Microarray 4x44K v2 (Probe Name version)
HBEXP000283	HBIN021531	corticosterone	Ingredient	GSE39270	Mus musculus	C57BL/6	Brain	Cortical astrocyte		Expression profiling by array	Total RNA	mouse cellline	C57BL/6; Brain; Cortical astrocyte	/	vehicle control	GSM959222; GSM959223; GSM959224	100nM corticosterone for 2h	GSM959219; GSM959220; GSM959221	treated	GPL6887:Illumina MouseWG-6 v2.0 expression beadchip
HBEXP000284	HBIN021531	corticosterone	Ingredient	GSE39270	Mus musculus	C57BL/6	Brain	Cortical astrocyte		Expression profiling by array	Total RNA	mouse cellline	C57BL/6; Brain; Cortical astrocyte	/	vehicle control	GSM959222; GSM959223; GSM959224	100nM corticosterone for 4h	GSM959231; GSM959232; GSM959233	treated	GPL6887:Illumina MouseWG-6 v2.0 expression beadchip
HBEXP000285	HBIN021531	corticosterone	Ingredient	GSE39270	Mus musculus	C57BL/6	Brain	Cortical astrocyte		Expression profiling by array	Total RNA	mouse cellline	C57BL/6; Brain; Cortical astrocyte	/	vehicle control	GSM959222; GSM959223; GSM959224	100nM corticosterone for 6h	GSM959243; GSM959244; GSM959245	treated	GPL6887:Illumina MouseWG-6 v2.0 expression beadchip
HBEXP000286	HBIN021663	creatine	Ingredient	GSE42356	Mus musculus			Fibroblast	3T3	Expression profiling by array	Total RNA	mouse	Fibroblast; 3T3	/	no treatment	GSM1038285; GSM1038287; GSM1038289	5mM creatine monohydrate	GSM1038286; GSM1038288; GSM1038290	treated	GPL6887:Illumina MouseWG-6 v2.0 expression beadchip
HBEXP000287	HBIN021663	creatine	Ingredient	GSE5140	Mus musculus	C3HeB/FeJ	Hemisphere			Expression profiling by array	Total RNA	mouse C3HeB/FeJ	C3HeB/FeJ; Hemisphere	/	equicaloric pellets	GSM115532; GSM115533; GSM115534; GSM115535; GSM115536; GSM115537; GSM115538	1% creatine supplemented pellets for 6 months	GSM115526; GSM115527; GSM115528; GSM115529; GSM115530; GSM115531	feed	GPL1261:[Mouse430_2] Affymetrix Mouse Genome 430 2.0 Array
HBEXP000288	HBIN021964	Curculigoside	Ingredient	GSE85871	Homo sapiens			Breast cancer	MCF-7	Expression profiling by array	Total RNA	human cellline	Breast cancer; MCF-7	/	vehicle control (DMSO)	GSM2286248; GSM2286249; GSM2286316; GSM2286317; GSM2286398; GSM2286399	10uM Curculigoside for 12h	GSM2286338; GSM2286339	treated	GPL571:[HG-U133A_2] Affymetrix Human Genome U133A 2.73 Array
HBEXP000289	HBIN021985	curcumin	Ingredient	GSE100388	Mus musculus	C57BL/6J	Epididymal adipose			Expression profiling by array	Total RNA	mouse	C57BL/6J; Epididymal adipose	/	control	GSM2680043; GSM2680044; GSM2680045; GSM2680046; GSM2680047	0.1% curcumin for 16 weeks	GSM2680053; GSM2680054; GSM2680055; GSM2680056; GSM2680057	feed	GPL1261:[Mouse430_2] Affymetrix Mouse Genome 430 2.0 Array
HBEXP000290	HBIN021985	curcumin	Ingredient	GSE10896	Homo sapiens			Lymphoma	U937	Expression profiling by array	Total RNA	human cellline	Lymphoma; U937	PMA-differentiated U937 cells	no treatment	GSM276209; GSM276217; GSM276225	naive_curcumin for 4h 	GSM276210; GSM276218; GSM276226	treated	GPL570:[HG-U133_Plus_2] Affymetrix Human Genome U133 Plus 2.0 Array
HBEXP000291	HBIN021985	curcumin	Ingredient	GSE10896	Homo sapiens			Lymphoma	U937	Expression profiling by array	Total RNA	human cellline	Lymphoma; U937	PMA-differentiated U937 cells	no treatment	GSM276209; GSM276217; GSM276225	naive_curcumin for 18h	GSM276214; GSM276222; GSM276230	treated	GPL570:[HG-U133_Plus_2] Affymetrix Human Genome U133 Plus 2.0 Array
HBEXP000292	HBIN021985	curcumin	Ingredient	GSE10896	Homo sapiens			Lymphoma	U937	Expression profiling by array	Total RNA	human cellline	Lymphoma; U937	PMA-differentiated U937 cells;exposed to oxidative stress (100mM H2O2) 	no treatment	GSM276211; GSM276219; GSM276227	ROS_curcumin for 4h	GSM276212; GSM276220; GSM276228	treated	GPL570:[HG-U133_Plus_2] Affymetrix Human Genome U133 Plus 2.0 Array
HBEXP000293	HBIN021985	curcumin	Ingredient	GSE10896	Homo sapiens			Lymphoma	U937	Expression profiling by array	Total RNA	human cellline	Lymphoma; U937	PMA-differentiated U937 cells;exposed to oxidative stress (100mM H2O2) 	no treatment	GSM276211; GSM276219; GSM276227	ROS_curcumin for 18h	GSM276216; GSM276224; GSM276232	treated	GPL570:[HG-U133_Plus_2] Affymetrix Human Genome U133 Plus 2.0 Array
HBEXP000294	HBIN021985	curcumin	Ingredient	GSE126191	Homo sapiens			Head and neck cancer	H157	Expression profiling by array	Total RNA	human cellline	Head and neck cancer; H157	/	vehicle control	GSM3593136; GSM3593137	curcumin-PEC for 48h	GSM3593138; GSM3593139	treated	GPL17585:[HTA-2_0] Affymetrix Human Transcriptome Array 2.0 [probe set (exon) version]
HBEXP000295	HBIN021985	curcumin	Ingredient	GSE13705	Mus musculus	BALB/c	Colon			Expression profiling by array	Total RNA	mouse  BALB/c	BALB/c; Colon	/	Standard diet	GSM344602; GSM344603; GSM344604	standard diet + 2% curcumin	GSM344608; GSM344609; GSM344610	feed	GPL339:[MOE430A] Affymetrix Mouse Expression 430A Array
HBEXP000296	HBIN021985	curcumin	Ingredient	GSE13705	Mus musculus	BALB/c	Colon			Expression profiling by array	Total RNA	mouse  BALB/c	BALB/c; Colon	/	Standard diet	GSM344614; GSM344615; GSM344616	standard diet + 2% curcumin	GSM344620; GSM344621; GSM344622	feed	GPL340:[MOE430B] Affymetrix Mouse Expression 430B Array
HBEXP000297	HBIN021985	curcumin	Ingredient	GSE16160	Homo sapiens			Promyelocytic leukemia cell	HL-60	Expression profiling by array	Total RNA	human cellline	Promyelocytic leukemia cell; HL-60	/	no treatment	GSM405501; GSM405502	100uM curcumin for 24h	GSM405497; GSM405498	treated	GPL571:[HG-U133A_2] Affymetrix Human Genome U133A 2.0 Array
HBEXP000298	HBIN021985	curcumin	Ingredient	GSE23639	Mus musculus			Microglial cell	BV-2	Expression profiling by array	Total RNA	mouse cellline	Microglial cell; BV-2	/	no treatment	GSM579953; GSM579957; GSM579961	20uM curcumin for 6h	GSM579954; GSM579958; GSM579962	treated	GPL4134:Agilent-014868 Whole Mouse Genome Microarray 4x44K G4122F (Feature Number version)
HBEXP000299	HBIN021985	curcumin	Ingredient	GSE59713	Homo sapiens			Hepatoma	KMCH	Expression profiling by array	Total RNA	human cellline	Hepatoma; KMCH	/	control	GSM1444129; GSM1444130; GSM1444131	25uM curcmumin for 72h 	GSM1444132; GSM1444133; GSM1444134	treated	GPL10558:Illumina HumanHT-12 V4.0 expression beadchip
HBEXP000300	HBIN021985	curcumin	Ingredient	GSE59713	Homo sapiens			Hepatoma	WRL68	Expression profiling by array	Total RNA	human cellline	Hepatoma; WRL68	/	control	GSM1444135; GSM1444136; GSM1444137	25uM curcmumin for 72h 	GSM1444138; GSM1444139; GSM1444140	treated	GPL10558:Illumina HumanHT-12 V4.0 expression beadchip
HBEXP000301	HBIN021985	curcumin	Ingredient	GSE59713	Homo sapiens			Hepatoma	Huh7	Expression profiling by array	Total RNA	human cellline	Hepatoma; Huh7	/	control	GSM1444141; GSM1444142; GSM1444143	25uM curcmumin for 72h 	GSM1444144; GSM1444145; GSM1444146	treated	GPL10558:Illumina HumanHT-12 V4.0 expression beadchip
HBEXP000302	HBIN021985	curcumin	Ingredient	GSE59713	Homo sapiens			Hepatoma	PLC	Expression profiling by array	Total RNA	human cellline	Hepatoma; PLC	/	control	GSM1444147; GSM1444148; GSM1444149	25uM curcmumin for 72h 	GSM1444150; GSM1444151; GSM1444152	treated	GPL10558:Illumina HumanHT-12 V4.0 expression beadchip
HBEXP000303	HBIN021985	curcumin	Ingredient	GSE59713	Homo sapiens			Hepatoma	Pitts1	Expression profiling by array	Total RNA	human cellline	Hepatoma; Pitts1	/	control	GSM1444153; GSM1444154; GSM1444155	25uM curcmumin for 72h 	GSM1444156; GSM1444157; GSM1444158	treated	GPL10558:Illumina HumanHT-12 V4.0 expression beadchip
HBEXP000304	HBIN021985	curcumin	Ingredient	GSE76092	Homo sapiens			Colorectal cancer	HT29	Expression profiling by array	Total RNA	human cellline	Colorectal cancer; HT29	/	OXA alone	GSM1974071; GSM1974072; GSM1974073	10uM OXA plus 10uM Curcumin for 24h	GSM1974068; GSM1974069; GSM1974070	treated	GPL21253:HumanV2 GE 8x60K Microarrays, Agilent design ID: 039494 (original references: GPL19775 and GPL19773)
HBEXP000305	HBIN021985	curcumin	Ingredient	GSE94592	Mus musculus	C57BL/6	Liver	Dendritic cell		Expression profiling by high throughput sequencing	mRNA	mouse	C57BL/6; Liver; Dendritic cell	Female C57BL/6 mice	DiI labelled empty liposomes	GSM2478982; GSM2478983; GSM2478984; GSM2478988; GSM2478989; GSM2478990; GSM2478994; GSM2478995; GSM2478996	fed with methioinine and choline deficient diet for 2 weeks	GSM2478985; GSM2478986; GSM2478987; GSM2478991; GSM2478992; GSM2478993; GSM2478997; GSM2478998; GSM2478999	feed	GPL21103:Illumina HiSeq 4000 (Mus musculus)
HBEXP000306	HBIN021985	curcumin	Ingredient	GSE94593	Mus musculus	C57BL/6	Liver			Expression profiling by high throughput sequencing	mRNA	mouse	C57BL/6; Liver	/	control	GSM2479006; GSM2479007; GSM2479008	injected with either curcumin liposomes	GSM2479009; GSM2479010; GSM2479011	injection	GPL21103:Illumina HiSeq 4000 (Mus musculus)
HBEXP000307	HBIN021985	curcumin	Ingredient	GSE97013	Mus musculus	C57BL/6	Colon			Expression profiling by high throughput sequencing	mRNA	mouse	C57BL/6; Colon	/	control	GSM2549934; GSM2549935	2% CUR for 22 weeks	GSM2549940; GSM2549941	feed	GPL19057:Illumina NextSeq 500 (Mus musculus)
HBEXP000308	HBIN022330	Cyclopamine	Ingredient	GSE98336	Mus musculus	C57BL/6J	FNP and ventral prosencephalon			Expression profiling by array	Total RNA	mouse	C57BL/6J; FNP and ventral prosencephalon	/	vehicle control	GSM2592388; GSM2592389; GSM2592390; GSM2592391; GSM2592392; GSM2592393	120 mg /kg cyclopamine	GSM2592394; GSM2592395; GSM2592396; GSM2592397; GSM2592398; GSM2592399	treated	GPL16570:[MoGene-2_0-st] Affymetrix Mouse Gene 2.0 ST Array [transcript (gene) version]
HBEXP000309	HBIN022577	daidzein	Ingredient	GSE43692	Homo sapiens			Fibroblast	HDFa	Expression profiling by array	Total RNA	human cellline	Fibroblast; HDFa	/	0.05%DMSO	GSM1068337; GSM1068401; GSM1068417	60uM daidzein for 24h	GSM1068334; GSM1068398; GSM1068414	treated	GPL10558:Illumina HumanHT-12 V4.0 expression beadchip
HBEXP000310	HBIN022577	daidzein	Ingredient	GSE43692	Homo sapiens			Fibroblast	HDFa	Expression profiling by array	Total RNA	human cellline	Fibroblast; HDFa	/	0.05%DMSO	GSM1068337; GSM1068401; GSM1068417	60uM daidzein for 48h	GSM1068335; GSM1068399; GSM1068415	treated	GPL10558:Illumina HumanHT-12 V4.0 expression beadchip
HBEXP000311	HBIN022577	daidzein	Ingredient	GSE43692	Homo sapiens			Fibroblast	HDFa	Expression profiling by array	Total RNA	human cellline	Fibroblast; HDFa	/	0.05%DMSO	GSM1068337; GSM1068401; GSM1068417	100uM daidzein for 24h	GSM1068342; GSM1068406; GSM1068422	treated	GPL10558:Illumina HumanHT-12 V4.0 expression beadchip
HBEXP000312	HBIN022577	daidzein	Ingredient	GSE43692	Homo sapiens			Fibroblast	HDFa	Expression profiling by array	Total RNA	human cellline	Fibroblast; HDFa	/	0.05%DMSO	GSM1068337; GSM1068401; GSM1068417	100uM daidzein for 48h	GSM1068343; GSM1068407; GSM1068423	treated	GPL10558:Illumina HumanHT-12 V4.0 expression beadchip
HBEXP000313	HBIN022582	Daidzin	Ingredient	GSE85871	Homo sapiens			Breast cancer	MCF-7	Expression profiling by array	Total RNA	human cellline	Breast cancer; MCF-7	/	vehicle control (DMSO)	GSM2286248; GSM2286249; GSM2286316; GSM2286317; GSM2286398; GSM2286399	10uM Daidzin for 12h	GSM2286320; GSM2286321	treated	GPL571:[HG-U133A_2] Affymetrix Human Genome U133A 2.64 Array
HBEXP000314	HBIN023356	Deoxycholic Acid	Ingredient	GSE13376	Homo sapiens			Esophageal epithelium	SKGT4	Expression profiling by array	Total RNA	human cellline	Esophageal epithelium; SKGT4	/	control	GSM337722; GSM337723	300um DCA for 4h	GSM337733; GSM337734	exposed	GPL570:[HG-U133_Plus_2] Affymetrix Human Genome U133 Plus 2.0 Array
HBEXP000315	HBIN023356	Deoxycholic Acid	Ingredient	GSE13376	Homo sapiens			Esophageal epithelium	SKGT4	Expression profiling by array	Total RNA	human cellline	Esophageal epithelium; SKGT4	/	control	GSM337722; GSM337723	300um DCA for 8h	GSM337735; GSM337736	exposed	GPL570:[HG-U133_Plus_2] Affymetrix Human Genome U133 Plus 2.0 Array
HBEXP000316	HBIN023356	Deoxycholic Acid	Ingredient	GSE13376	Homo sapiens			Esophageal epithelium	SKGT4	Expression profiling by array	Total RNA	human cellline	Esophageal epithelium; SKGT4	/	control	GSM337722; GSM337723	300um DCA for 12h	GSM337737; GSM337738	exposed	GPL570:[HG-U133_Plus_2] Affymetrix Human Genome U133 Plus 2.0 Array
HBEXP000317	HBIN023356	Deoxycholic Acid	Ingredient	GSE13376	Homo sapiens			Esophageal epithelium	SKGT4	Expression profiling by array	Total RNA	human cellline	Esophageal epithelium; SKGT4	/	control	GSM337722; GSM337723	300um DCA for 24h	GSM337739; GSM337740	exposed	GPL570:[HG-U133_Plus_2] Affymetrix Human Genome U133 Plus 2.0 Array
HBEXP000318	HBIN023356	Deoxycholic Acid	Ingredient	GSE13378	Homo sapiens			Squamous esophageal epithelium	HET-1A	Expression profiling by array	Total RNA	human cellline	Squamous esophageal epithelium; HET-1A	/	control	GSM312550; GSM313007	300um DCA for 4h	GSM336634; GSM336635	exposed	GPL570:[HG-U133_Plus_2] Affymetrix Human Genome U133 Plus 2.0 Array
HBEXP000319	HBIN023356	Deoxycholic Acid	Ingredient	GSE13378	Homo sapiens			Squamous esophageal epithelium	HET-1A	Expression profiling by array	Total RNA	human cellline	Squamous esophageal epithelium; HET-1A	/	control	GSM312550; GSM313007	300um DCA for 8h	GSM336632; GSM336633	exposed	GPL570:[HG-U133_Plus_2] Affymetrix Human Genome U133 Plus 2.0 Array
HBEXP000320	HBIN023356	Deoxycholic Acid	Ingredient	GSE13378	Homo sapiens			Squamous esophageal epithelium	HET-1A	Expression profiling by array	Total RNA	human cellline	Squamous esophageal epithelium; HET-1A	/	control	GSM312550; GSM313007	300um DCA for 12h	GSM336630; GSM336631	exposed	GPL570:[HG-U133_Plus_2] Affymetrix Human Genome U133 Plus 2.0 Array
HBEXP000321	HBIN023356	Deoxycholic Acid	Ingredient	GSE13378	Homo sapiens			Squamous esophageal epithelium	HET-1A	Expression profiling by array	Total RNA	human cellline	Squamous esophageal epithelium; HET-1A	/	control	GSM312550; GSM313007	300um DCA for 24h	GSM336627; GSM336629	exposed	GPL570:[HG-U133_Plus_2] Affymetrix Human Genome U133 Plus 2.0 Array
HBEXP000322	HBIN023356	Deoxycholic acid	Ingredient	GSE85871	Homo sapiens			Breast cancer	MCF-7	Expression profiling by array	Total RNA	human cellline	Breast cancer; MCF-7	/	vehicle control (DMSO)	GSM2286248; GSM2286249; GSM2286316; GSM2286317; GSM2286398; GSM2286399	10uM Deoxycholic acid for 12h	GSM2286252; GSM2286253	treated	GPL571:[HG-U133A_2] Affymetrix Human Genome U133A 2.31 Array
HBEXP000323	HBIN023356	Deoxycholic Acid	Ingredient	GSE9768	Homo sapiens			Barrett's oesophagus cell	hTERT	Expression profiling by array	Total RNA	human cellline	Barrett's oesophagus cell; hTERT	/	no treatment	GSM246409; GSM246412	deoxycholic acid (pH 4.5) for 2h 	GSM246400; GSM246402	treated	GPL570:[HG-U133_Plus_2] Affymetrix Human Genome U133 Plus 2.0 Array
HBEXP000324	HBIN023356	Deoxycholic Acid	Ingredient	GSE9768	Homo sapiens			Barrett's oesophagus cell	hTERT	Expression profiling by array	Total RNA	human cellline	Barrett's oesophagus cell; hTERT	/	no treatment	GSM246409; GSM246412	deoxycholic acid (pH 4.5) fo 6h	GSM246401; GSM246403	treated	GPL570:[HG-U133_Plus_2] Affymetrix Human Genome U133 Plus 2.0 Array
HBEXP000325	HBIN023789	digoxin	Ingredient	GSE115542	Homo sapiens		Brain	Medulloblastoma		Expression profiling by high throughput sequencing	mRNA	human	Brain; Medulloblastoma	/	control	GSM3181745; GSM3181746; GSM3181747; GSM3181748	digoxin intermittent (2 cycles of daily treatment for 14 days, separated by 21 days)	GSM3181749; GSM3181750; GSM3181751; GSM3181752	treated	GPL16791:Illumina HiSeq 2500 (Homo sapiens)
HBEXP000326	HBIN023789	digoxin	Ingredient	GSE115542	Homo sapiens		Brain	Medulloblastoma		Expression profiling by high throughput sequencing	mRNA	human	Brain; Medulloblastoma	/	control	GSM3181753; GSM3181754; GSM3181755; GSM3181756; GSM3181757; GSM3181758; GSM3181759; GSM3181760	digoxin intermittent (2 cycles of daily treatment for 14 days, separated by 21 days)	GSM3181761; GSM3181762; GSM3181763; GSM3181764; GSM3181765; GSM3181766; GSM3181767; GSM3181768	treated	GPL16791:Illumina HiSeq 2500 (Homo sapiens)
HBEXP000327	HBIN023789	digoxin	Ingredient	GSE122079	Homo sapiens			Lung fibroblast	IMR90	Expression profiling by high throughput sequencing	mRNA	human cellline	Lung fibroblast; IMR90	days after treated with 4OHT to induce senescence:6 + treatment time	control	GSM3454500; GSM3454501; GSM3454502	Digoxin for 16h	GSM3454473; GSM3454474; GSM3454475	treated	GPL16791:Illumina HiSeq 2500 (Homo sapiens)
HBEXP000328	HBIN023789	digoxin	Ingredient	GSE122079	Homo sapiens			Lung fibroblast	IMR90	Expression profiling by high throughput sequencing	mRNA	human cellline	Lung fibroblast; IMR90	days after treated with 4OHT to induce senescence:6 + treatment time	control	GSM3454500; GSM3454501; GSM3454502	Digoxin for 36h	GSM3454479; GSM3454480; GSM3454481	treated	GPL16791:Illumina HiSeq 2500 (Homo sapiens)
HBEXP000329	HBIN023789	digoxin	Ingredient	GSE27241	Mus musculus	C57BL/6	Peripheral blood	CD4+ T cell		Expression profiling by array	Total RNA	mouse	C57BL/6; Peripheral blood; CD4+ T cell	/	DMSO	GSM673622; GSM673624	digoxin-treated	GSM673626; GSM673628	treated	GPL1261:[Mouse430_2] Affymetrix Mouse Genome 430 2.0 Array
HBEXP000330	HBIN023789	digoxin	Ingredient	GSE27241	Mus musculus	C57BL/6	Peripheral blood	CD4+ T cell		Expression profiling by array	Total RNA	mouse	C57BL/6; Peripheral blood; CD4+ T cell	RORγt-deficient cells	DMSO	GSM673623; GSM673625	digoxin-treated	GSM673627; GSM673629	treated	GPL1261:[Mouse430_2] Affymetrix Mouse Genome 430 2.0 Array
HBEXP000331	HBIN023789	digoxin	Ingredient	GSE99944	Homo sapiens			Embryonic stem cell	VUB01	Expression profiling by high throughput sequencing	mRNA	human	Embryonic stem cell; VUB01	/	no treatment	GSM2665630; GSM2665632; GSM2665634	50nM digoxin for 48h	GSM2665631; GSM2665633; GSM2665635	treated	GPL11154:Illumina HiSeq 2000 (Homo sapiens)
HBEXP000332	HBIN024134	Dioscin	Ingredient	GSE85871	Homo sapiens			Breast cancer	MCF-7	Expression profiling by array	Total RNA	human cellline	Breast cancer; MCF-7	/	vehicle control (DMSO)	GSM2286248; GSM2286249; GSM2286316; GSM2286317; GSM2286398; GSM2286399	1uM Dioscin for 12h	GSM2286380; GSM2286381	treated	GPL571:[HG-U133A_2] Affymetrix Human Genome U133A 2.94 Array
HBEXP000333	HBIN024419	dopa	Ingredient	GSE137968	Mus musculus	C57BL/6	Spleen	CD4+ T cell		Expression profiling by high throughput sequencing	mRNA	mouse C57BL/6 	C57BL/6; Spleen; CD4+ T cell	/	control	GSM4095356; GSM4095358	dopamine treatment for 4 days	GSM4095357; GSM4095359	treated	GPL17021:Illumina HiSeq 2500 (Mus musculus)
HBEXP000334	HBIN024961	elaidic acid	Ingredient	GSE34045	Homo sapiens			Hepatocellular carcinoma	HepG2	Expression profiling by array	Total RNA	human cellline	Hepatocellular carcinoma; HepG2	/	no treatment	GSM840936; GSM840937; GSM840938; GSM840939	100uM elaidic acid for 7 days	GSM840944; GSM840945; GSM840946; GSM840947	treated	GPL6254:Phalanx Human OneArray
HBEXP000335	HBIN025026	Embelin	Ingredient	GSE39827	Mus musculus			Myoblast	C2C12	Expression profiling by array	Total RNA	mouse	Myoblast; C2C12	/	DMSO	GSM979916; GSM979922	10uM embelin  for 24h	GSM979917; GSM979923	treated	GPL6887:Illumina MouseWG-6 v2.0 expression beadchip
HBEXP000336	HBIN025026	Embelin	Ingredient	GSE39827	Mus musculus			Myoblast	C2C12	Expression profiling by array	Total RNA	mouse	Myoblast; C2C12	/	DMSO	GSM979916; GSM979922	10uM embelin  for  48h	GSM979919; GSM979925	treated	GPL6887:Illumina MouseWG-6 v2.0 expression beadchip
HBEXP000337	HBIN025026	Embelin	Ingredient	GSE39828	Homo sapiens			Embryo kidney cell	HEK293T	Expression profiling by array	Total RNA	human cellline	Embryo kidney cell; HEK293T	/	DMSO	GSM979926; GSM979928	20uM embelin for 24h	GSM979927; GSM979929	treated	GPL6480:Agilent-014850 Whole Human Genome Microarray 4x44K G4112F (Probe Name version)
HBEXP000338	HBIN025026	Embelin	Ingredient	GSE50545	Homo sapiens			Lung cancer	A549	Expression profiling by array	Total RNA	human cellline	Lung cancer; A549	/	no treatment	GSM1220994; GSM1220995	embelin (15uM) for 4h	GSM1220996; GSM1220997	treated	GPL13252:Agilent-027114 Genotypic Technology designed Custom Human Whole Genome 8x60k Microarray
HBEXP000339	HBIN025041	emodin	Ingredient	GSE73309	Mus musculus	C57BL/6	Peritoneal	Macrophage		Expression profiling by array	Total RNA	mouse	C57BL/6; Peritoneal; Macrophage	IL4 induced	no treatment	GSM1890565; GSM1890566; GSM1890567; GSM1890568	emodin (50uM) overnight	GSM1890569; GSM1890570; GSM1890571; GSM1890572	treated	GPL10787:Agilent-028005 SurePrint G3 Mouse GE 8x60K Microarray (Probe Name version)
HBEXP000340	HBIN025041	emodin	Ingredient	GSE73310	Mus musculus	C57BL/6	Peritoneal	Macrophage		Expression profiling by array	Total RNA	mouse	C57BL/6; Peritoneal; Macrophage	IFNg/LPS induced	no treatment	GSM1890577; GSM1890578; GSM1890579; GSM1890580	emodin (50uM) overnight	GSM1890573; GSM1890574; GSM1890575; GSM1890576	treated	GPL10787:Agilent-028005 SurePrint G3 Mouse GE 8x60K Microarray (Probe Name version)
HBEXP000341	HBIN025041	Emodin	Ingredient	GSE85871	Homo sapiens			Breast cancer	MCF-7	Expression profiling by array	Total RNA	human cellline	Breast cancer; MCF-7	/	vehicle control (DMSO)	GSM2286248; GSM2286249; GSM2286316; GSM2286317; GSM2286398; GSM2286399	10uM Emodin for 12h	GSM2286220; GSM2286221	treated	GPL571:[HG-U133A_2] Affymetrix Human Genome U133A 2.16 Array
HBEXP000342	HBIN025242	Ephedrine hydrochloride	Ingredient	GSE85871	Homo sapiens			Breast cancer	MCF-7	Expression profiling by array	Total RNA	human cellline	Breast cancer; MCF-7	/	vehicle control (DMSO)	GSM2286248; GSM2286249; GSM2286316; GSM2286317; GSM2286398; GSM2286399	10uM Ephedrine hydrochloride for 12h	GSM2286204; GSM2286205	treated	GPL571:[HG-U133A_2] Affymetrix Human Genome U133A 2.8 Array
HBEXP000343	HBIN025287	epicatechin	Ingredient	GSE84453	Homo sapiens		Peripheral blood	PBMC		Expression profiling by array	Total RNA	human	Peripheral blood; PBMC	/	placebo	GSM2236470; GSM2236476; GSM2236478; GSM2236484; GSM2236488; GSM2236490; GSM2236494; GSM2236500; GSM2236502; GSM2236508; GSM2236512; GSM2236514; GSM2236518; GSM2236522; GSM2236528; GSM2236532; GSM2236534; GSM2236538; GSM2236544; GSM2236546; GSM2236552; GSM2236554; GSM2236560; GSM2236564; GSM2236568; GSM2236570; GSM2236574; GSM2236580; GSM2236582; GSM2236586; GSM2236590; GSM2236596	100mg/day epicatechin for 4 weeks	GSM2236472; GSM2236474; GSM2236480; GSM2236482; GSM2236486; GSM2236492; GSM2236496; GSM2236498; GSM2236504; GSM2236506; GSM2236510; GSM2236516; GSM2236520; GSM2236524; GSM2236526; GSM2236530; GSM2236536; GSM2236540; GSM2236542; GSM2236548; GSM2236550; GSM2236556; GSM2236558; GSM2236562; GSM2236566; GSM2236572; GSM2236576; GSM2236578; GSM2236584; GSM2236588; GSM2236592; GSM2236594	oral gavage	GPL11532:[HuGene-1_1-st] Affymetrix Human Gene 1.1 ST Array [transcript (gene) version]
HBEXP000344	HBIN025347	epigallocatechin 3-gallate	Ingredient	GSE21320	Mus musculus			Macrophage	RAW 264.7	Expression profiling by array	Total RNA	mouse	Macrophage; RAW 264.7	/	control	GSM532795; GSM532796; GSM532797	1 micro M EGCG for 1h	GSM532798; GSM532799; GSM532800	treated	GPL10321:ARIM-GX
HBEXP000345	HBIN025347	epigallocatechin 3-gallate	Ingredient	GSE22996	Mus musculus	Swiss Albino	Primary cortical neuron			Expression profiling by array	Total RNA	mouse	Swiss Albino; Primary cortical neuron	/	vehicle control	GSM567521; GSM567522; GSM567523; GSM567524	1uM EGCG for 24h	GSM567525; GSM567526; GSM567527	treated	GPL6103:Illumina mouseRef-8 v1.1 expression beadchip
HBEXP000346	HBIN025347	epigallocatechin 3-gallate	Ingredient	GSE4140	Mus musculus			Breast cancer	NF639	Expression profiling by array	Total RNA	mouse	Breast cancer; NF639	/	original NF639 cells	GSM94743; GSM94746	resistant NF639 cells 	GSM94748; GSM94749	treated	GPL339:[MOE430A] Affymetrix Mouse Expression 430A Array
HBEXP000347	HBIN025820	Estriol	Ingredient	GSE94875	Mus musculus	CD-1	Uterus			Expression profiling by array	Total RNA	mouse	CD-1; Uterus	/	vehicle control	GSM2487571; GSM2487572; GSM2487573	E3 treated for 2h	GSM2487580; GSM2487581; GSM2487582	treated	GPL4134:Agilent-014868 Whole Mouse Genome Microarray 4x44K G4122F (Feature Number version)
HBEXP000348	HBIN025820	Estriol	Ingredient	GSE94875	Mus musculus	CD-1	Uterus			Expression profiling by array	Total RNA	mouse	CD-1; Uterus	/	vehicle control	GSM2487571; GSM2487572; GSM2487573	E3 treated for 24h	GSM2487583; GSM2487584; GSM2487585	treated	GPL4134:Agilent-014868 Whole Mouse Genome Microarray 4x44K G4122F (Feature Number version)
HBEXP000349	HBIN026385	farnesol	Ingredient	GSE46670	Homo sapiens			T lymphoblastic leukemia	Molt4	Expression profiling by array	Total RNA	human cellline	T lymphoblastic leukemia; Molt4	/	vehicle control	GSM1133716; GSM1133717; GSM1133718	75uM farnesol for 4h	GSM1133719; GSM1133720; GSM1133721	treated	GPL4133:Agilent-014850 Whole Human Genome Microarray 4x44K G4112F (Feature Number version)
HBEXP000350	HBIN026465	ferulic acid	Ingredient	GSE23610	Homo sapiens			Breast cancer	MCF-7	Expression profiling by array	Total RNA	human cellline	Breast cancer; MCF-7	/	DMSO	GSM578941; GSM578942; GSM578943	10uM of ferulic acid (equivalent to 0.0194, 0.194, and 1.94 mg/ml)for 6h	GSM578947; GSM578948; GSM578949	treated	GPL570:[HG-U133_Plus_2] Affymetrix Human Genome U133 Plus 2.0 Array
HBEXP000351	HBIN026465	ferulic acid	Ingredient	GSE23610	Homo sapiens			Breast cancer	MCF-7	Expression profiling by array	Total RNA	human cellline	Breast cancer; MCF-7	/	DMSO	GSM578941; GSM578942; GSM578943	0.1uM of ferulic acid (equivalent to 0.0194, 0.194, and 1.94uMguMl)for 6h	GSM578950; GSM578951; GSM578952	treated	GPL570:[HG-U133_Plus_2] Affymetrix Human Genome U133 Plus 2.0 Array
HBEXP000352	HBIN026465	ferulic acid	Ingredient	GSE23610	Homo sapiens			Breast cancer	MCF-7	Expression profiling by array	Total RNA	human cellline	Breast cancer; MCF-7	/	DMSO	GSM578941; GSM578942; GSM578943	1uM of ferulic acid (equivalent to 0.0194, 0.194, and 1.94 mg/ml)for 6h	GSM578953; GSM578954; GSM578955	treated	GPL570:[HG-U133_Plus_2] Affymetrix Human Genome U133 Plus 2.0 Array
HBEXP000353	HBIN026465	Ferulic acid	Ingredient	GSE85871	Homo sapiens			Breast cancer	MCF-7	Expression profiling by array	Total RNA	human cellline	Breast cancer; MCF-7	/	vehicle control (DMSO)	GSM2286248; GSM2286249; GSM2286316; GSM2286317; GSM2286398; GSM2286399	10uM Ferulic acid for 12h	GSM2286236; GSM2286237	treated	GPL571:[HG-U133A_2] Affymetrix Human Genome U133A 2.24 Array
HBEXP000354	HBIN026658	formaldehyde	Ingredient	GSE21477	Homo sapiens		Nasal	Epithelial cell		Expression profiling by array	Total RNA	human cellline	Nasal; Epithelial cell	/	control	GSM536404; GSM536408; GSM536412	a single treatment with FA (50uM) for 4h	GSM536401; GSM536405; GSM536409	treated	GPL570:[HG-U133_Plus_2] Affymetrix Human Genome U133 Plus 2.0 Array
HBEXP000355	HBIN026658	formaldehyde	Ingredient	GSE21477	Homo sapiens		Nasal	Epithelial cell		Expression profiling by array	Total RNA	human cellline	Nasal; Epithelial cell	/	control	GSM536404; GSM536408; GSM536412	a single treatment with FA (100uM) for 4h	GSM536413; GSM536419; GSM536425	treated	GPL570:[HG-U133_Plus_2] Affymetrix Human Genome U133 Plus 2.0 Array
HBEXP000356	HBIN026658	formaldehyde	Ingredient	GSE21477	Homo sapiens		Nasal	Epithelial cell		Expression profiling by array	Total RNA	human cellline	Nasal; Epithelial cell	/	control	GSM536404; GSM536408; GSM536412	a single treatment with FA (200uM) for 4h	GSM536415; GSM536421; GSM536427	treated	GPL570:[HG-U133_Plus_2] Affymetrix Human Genome U133 Plus 2.0 Array
HBEXP000357	HBIN026658	formaldehyde	Ingredient	GSE21477	Homo sapiens		Nasal	Epithelial cell		Expression profiling by array	Total RNA	human cellline	Nasal; Epithelial cell	/	control	GSM536404; GSM536408; GSM536412	a single treatment with FA (50uM) for 24h	GSM536402; GSM536406; GSM536410	treated	GPL570:[HG-U133_Plus_2] Affymetrix Human Genome U133 Plus 2.0 Array
HBEXP000358	HBIN026658	formaldehyde	Ingredient	GSE21477	Homo sapiens		Nasal	Epithelial cell		Expression profiling by array	Total RNA	human cellline	Nasal; Epithelial cell	/	control	GSM536404; GSM536408; GSM536412	a single treatment with FA (200uM) for 24h	GSM536414; GSM536420; GSM536426	treated	GPL570:[HG-U133_Plus_2] Affymetrix Human Genome U133 Plus 2.0 Array
HBEXP000359	HBIN026658	formaldehyde	Ingredient	GSE21477	Homo sapiens		Nasal	Epithelial cell		Expression profiling by array	Total RNA	human cellline	Nasal; Epithelial cell	/	control	GSM536404; GSM536408; GSM536412	a single treatment with FA (100uM) for 24h	GSM536416; GSM536422; GSM536428	treated	GPL570:[HG-U133_Plus_2] Affymetrix Human Genome U133 Plus 2.0 Array
HBEXP000360	HBIN026658	formaldehyde	Ingredient	GSE27263	Homo sapiens		Nasal			Expression profiling by array	Total RNA	human cellline	Nasal	/	control	GSM673930; GSM673932; GSM673934; GSM673936; GSM673938; GSM673940; GSM673942	nasal biopsies before and after inhalation of 0.7ppm formaldehyde (24 h before sampling), and of blood cells before and after exposure to 200uM formaldehyde for 4h	GSM673931; GSM673933; GSM673935; GSM673937; GSM673939; GSM673941; GSM673943	inhalation	GPL570:[HG-U133_Plus_2] Affymetrix Human Genome U133 Plus 2.0 Array
HBEXP000361	HBIN026658	formaldehyde	Ingredient	GSE27263	Homo sapiens		Nasal			Expression profiling by array	Total RNA	human cellline	Nasal	/	control	GSM673930; GSM673932; GSM673934; GSM673936; GSM673938; GSM673940; GSM673942	nasal biopsies before and after inhalation of 0.7ppm formaldehyde (72 h before sampling), and of blood cells before and after exposure to 200uM formaldehyde for 4h	GSM673921; GSM673923; GSM673925; GSM673927; GSM673929	inhalation	GPL570:[HG-U133_Plus_2] Affymetrix Human Genome U133 Plus 2.0 Array
HBEXP000362	HBIN026658	formaldehyde	Ingredient	GSE27263	Homo sapiens		Peripheral blood			Expression profiling by array	Total RNA	human cellline	Peripheral blood	/	control	GSM673972; GSM673974; GSM673976; GSM673978; GSM673980; GSM673982; GSM673984	blood samples before and after inhalation of 0.7ppm formaldehyde (24 h before sampling), and of blood cells before and after exposure to 200uM formaldehyde for 4h	GSM673973; GSM673975; GSM673977; GSM673979; GSM673981; GSM673983; GSM673985	inhalation	GPL570:[HG-U133_Plus_2] Affymetrix Human Genome U133 Plus 2.0 Array
HBEXP000363	HBIN026658	formaldehyde	Ingredient	GSE27263	Homo sapiens		Peripheral blood			Expression profiling by array	Total RNA	human cellline	Peripheral blood	/	control	GSM673972; GSM673974; GSM673976; GSM673978; GSM673980; GSM673982; GSM673984	blood samples before and after inhalation of 0.7ppm formaldehyde (72 h before sampling), and of blood cells before and after exposure to 200uM formaldehyde for 4h	GSM673961; GSM673963; GSM673965; GSM673967; GSM673969; GSM673971	inhalation	GPL570:[HG-U133_Plus_2] Affymetrix Human Genome U133 Plus 2.0 Array
HBEXP000364	HBIN026658	formaldehyde	Ingredient	GSE30592	Homo sapiens			Breast cancer	A1-2	Expression profiling by array	Total RNA	human cellline	Breast cancer; A1-2	/	ethanol	GSM758894; GSM758895; GSM758896	A1-2 cells treated with dexamethasone	GSM758897; GSM758898; GSM758899	treated	GPL4133:Agilent-014850 Whole Human Genome Microarray 4x44K G4112F (Feature Number version)
HBEXP000365	HBIN026658	formaldehyde	Ingredient	GSE41296	Homo sapiens			Lymphoblast	TK6	Expression profiling by array	Total RNA	human cellline	Lymphoblast; TK6	/	control	GSM1013943; GSM1013951; GSM1013959	TK6 cells treated with 50uM formaldehyde for 4h	GSM1013937; GSM1013945; GSM1013953	treated	GPL570:[HG-U133_Plus_2] Affymetrix Human Genome U133 Plus 2.0 Array
HBEXP000366	HBIN026658	formaldehyde	Ingredient	GSE41296	Homo sapiens			Lymphoblast	TK6	Expression profiling by array	Total RNA	human cellline	Lymphoblast; TK6	/	control	GSM1013943; GSM1013951; GSM1013959	TK6 cells treated with 100uM formaldehyde for 4h	GSM1013939; GSM1013947; GSM1013955	treated	GPL570:[HG-U133_Plus_2] Affymetrix Human Genome U133 Plus 2.0 Array
HBEXP000367	HBIN026658	formaldehyde	Ingredient	GSE41296	Homo sapiens			Lymphoblast	TK6	Expression profiling by array	Total RNA	human cellline	Lymphoblast; TK6	/	control	GSM1013943; GSM1013951; GSM1013959	TK6 cells treated with 200uM formaldehyde for 4h	GSM1013941; GSM1013949; GSM1013957	treated	GPL570:[HG-U133_Plus_2] Affymetrix Human Genome U133 Plus 2.0 Array
HBEXP000368	HBIN026658	formaldehyde	Ingredient	GSE41296	Homo sapiens			Lymphoblast	TK6	Expression profiling by array	Total RNA	human cellline	Lymphoblast; TK6	/	control	GSM1013944; GSM1013952; GSM1013960	TK6 cells treated with 50uM formaldehyde for 4h	GSM1013938; GSM1013946; GSM1013954	treated	GPL570:[HG-U133_Plus_2] Affymetrix Human Genome U133 Plus 2.0 Array
HBEXP000369	HBIN026658	formaldehyde	Ingredient	GSE41296	Homo sapiens			Lymphoblast	TK6	Expression profiling by array	Total RNA	human cellline	Lymphoblast; TK6	/	control	GSM1013944; GSM1013952; GSM1013960	TK6 cells treated with 100uM formaldehyde for 4h	GSM1013940; GSM1013948; GSM1013956	treated	GPL570:[HG-U133_Plus_2] Affymetrix Human Genome U133 Plus 2.0 Array
HBEXP000370	HBIN026658	formaldehyde	Ingredient	GSE41296	Homo sapiens			Lymphoblast	TK6	Expression profiling by array	Total RNA	human cellline	Lymphoblast; TK6	/	control	GSM1013944; GSM1013952; GSM1013960	TK6 cells treated with 200uM formaldehyde for 4h	GSM1013942; GSM1013950; GSM1013958	treated	GPL570:[HG-U133_Plus_2] Affymetrix Human Genome U133 Plus 2.0 Array
HBEXP000371	HBIN026658	formaldehyde	Ingredient	GSE58348	Homo sapiens		Peripheral blood	Leukocyte		Expression profiling by array	Total RNA	human cellline	Peripheral blood; Leukocyte	/	control	GSM1408100; GSM1408101; GSM1408102; GSM1408103; GSM1408104; GSM1408105	swallowed capsules with PME containing citrus pectin (6 g)	GSM1408106; GSM1408107; GSM1408108; GSM1408109; GSM1408110; GSM1408111	swallowed	GPL10558:Illumina HumanHT-12 V4.0 expression beadchip
HBEXP000372	HBIN026658	formaldehyde	Ingredient	GSE58349	Homo sapiens		Peripheral blood	Leukocyte		Expression profiling by array	Total RNA	human cellline	Peripheral blood; Leukocyte	/	control	GSM1408112; GSM1408113; GSM1408114; GSM1408115; GSM1408116; GSM1408117	swallowed capsules with PME containing citrus pectin (6 g)	GSM1408118; GSM1408119; GSM1408120; GSM1408121; GSM1408122; GSM1408123	swallowed	GPL10558:Illumina HumanHT-12 V4.0 expression beadchip
HBEXP000373	HBIN026658	formaldehyde	Ingredient	GSE58364	Homo sapiens		Peripheral blood	Leukocyte		Expression profiling by array	Total RNA	human cellline	Peripheral blood; Leukocyte	/	control	GSM1409223; GSM1409224; GSM1409225; GSM1409226; GSM1409227; GSM1409228	swallowed capsules with PME containing citrus pectin (6 g)	GSM1409229; GSM1409230; GSM1409231; GSM1409232; GSM1409233; GSM1409234	swallowed	GPL10558:Illumina HumanHT-12 V4.0 expression beadchip
HBEXP000374	HBIN026658	formaldehyde	Ingredient	GSE76446	Homo sapiens		Epidermis	Keratinocyte		Expression profiling by array	Total RNA	human cellline	Epidermis; Keratinocyte	/	vehicle treated	GSM2024775; GSM2024776	Normal human keratinocytes (NHKs) were stimulated with 200uM of formaldehyde for 24h	GSM2024777; GSM2024778	stimulated	GPL570:[HG-U133_Plus_2] Affymetrix Human Genome U133 Plus 2.0 Array
HBEXP000375	HBIN026658	formaldehyde	Ingredient	GSE76790	Homo sapiens			Lung cancer	A549	Expression profiling by array	Total RNA	human cellline	Lung cancer; A549	/	no formaldehyde(control)	GSM2037924; GSM2037926; GSM2037934	0.1 ppm (01 FA) in the exposure chamber and control cells in the reference chamber (co)	GSM2037927; GSM2037929; GSM2037937	treated	GPL570:[HG-U133_Plus_2] Affymetrix Human Genome U133 Plus 2.0 Array
HBEXP000376	HBIN026658	formaldehyde	Ingredient	GSE76790	Homo sapiens			Lung cancer	A549	Expression profiling by array	Total RNA	human cellline	Lung cancer; A549	/	no formaldehyde(control)	GSM2037924; GSM2037926; GSM2037934	0.5 ppm (05FA) in the exposure chamber and control cells in the reference chamber (co)	GSM2037928; GSM2037936; GSM2037938	treated	GPL570:[HG-U133_Plus_2] Affymetrix Human Genome U133 Plus 2.0 Array
HBEXP000377	HBIN026658	formaldehyde	Ingredient	GSE87541	Homo sapiens			Bronchial epithelial cell	BEAS-2B	Expression profiling by high throughput sequencing	mRNA	human cellline	Bronchial epithelial cell; BEAS-2B	/	control	GSM2333546; GSM2333547	generated by deep sequencing in duplicates using Ilumina HiSeq	GSM2333548; GSM2333549	treated	GPL16791:Illumina HiSeq 2500 (Homo sapiens)
HBEXP000378	HBIN026793	fructose	Ingredient	GSE108446	Mus musculus	C57BL/6	Hippocampus			Expression profiling by high throughput sequencing	mRNA	mouse C56BL/6 male	C57BL/6; Hippocampus	/	drinking water	GSM2898241; GSM2898242; GSM2898243; GSM2898244	fructose (15% w/v) in the drinking water for 6 weeks	GSM2898245; GSM2898246; GSM2898247; GSM2898248	treated	GPL17021:Illumina HiSeq 2500 (Mus musculus)
HBEXP000379	HBIN026793	fructose	Ingredient	GSE123875	Mus musculus	C57BL/6J	Mesenteric adipose			Expression profiling by high throughput sequencing	mRNA	mouse C57BL/6J	C57BL/6J; Mesenteric adipose	/	drinking water	GSM3514968; GSM3514969; GSM3514970; GSM3514971	8% w/v fructose in the drinking water for 14 weeks	GSM3514966; GSM3514967	treated	GPL21103:Illumina HiSeq 4000 (Mus musculus)
HBEXP000380	HBIN026793	fructose	Ingredient	GSE123875	Mus musculus	FVB/NJ	Mesenteric adipose			Expression profiling by high throughput sequencing	mRNA	mouse FVB/NJ	FVB/NJ; Mesenteric adipose	/	drinking water	GSM3514988; GSM3514989; GSM3514990	8% w/v fructose in the drinking water for 14 weeks	GSM3514983; GSM3514984; GSM3514985; GSM3514986; GSM3514987	treated	GPL21103:Illumina HiSeq 4000 (Mus musculus)
HBEXP000381	HBIN026793	fructose	Ingredient	GSE123893	Mus musculus	C57BL/6J	Hypothalamus			Expression profiling by high throughput sequencing	mRNA	mouse C57BL/6J	C57BL/6J; Hypothalamus	/	drinking water	GSM3515220; GSM3515221; GSM3515222; GSM3515223	8% w/v fructose in the drinking water for 14 weeks	GSM3515216; GSM3515217; GSM3515218; GSM3515219	treated	GPL21103:Illumina HiSeq 4000 (Mus musculus)
HBEXP000382	HBIN026793	fructose	Ingredient	GSE123893	Mus musculus	DBA/2J	Hypothalamus			Expression profiling by high throughput sequencing	mRNA	mouse DBA	DBA/2J; Hypothalamus	/	drinking water	GSM3515228; GSM3515229; GSM3515230; GSM3515231	8% w/v fructose in the drinking water for 14 weeks	GSM3515224; GSM3515225; GSM3515226; GSM3515227	treated	GPL21103:Illumina HiSeq 4000 (Mus musculus)
HBEXP000383	HBIN026793	fructose	Ingredient	GSE123893	Mus musculus	FVB/NJ	Hypothalamus			Expression profiling by high throughput sequencing	mRNA	mouse FVB/NJ	FVB/NJ; Hypothalamus	/	drinking water	GSM3515236; GSM3515237; GSM3515238; GSM3515239	8% w/v fructose in the drinking water for 14 weeks	GSM3515232; GSM3515233; GSM3515234; GSM3515235	treated	GPL21103:Illumina HiSeq 4000 (Mus musculus)
HBEXP000384	HBIN026793	fructose	Ingredient	GSE123894	Mus musculus	C57BL/6J	Liver			Expression profiling by high throughput sequencing	mRNA	mouse C57BL/6J	C57BL/6J; Liver	/	drinking water	GSM3515630; GSM3515631; GSM3515632; GSM3515633; GSM3515634; GSM3515635	8% w/v fructose in the drinking water for 14 weeks	GSM3515624; GSM3515625; GSM3515626; GSM3515627; GSM3515628; GSM3515629	treated	GPL21103:Illumina HiSeq 4000 (Mus musculus)
HBEXP000385	HBIN026793	fructose	Ingredient	GSE123894	Mus musculus	DBA/2J	Liver			Expression profiling by high throughput sequencing	mRNA	mouse DBA	DBA/2J; Liver	/	drinking water	GSM3515642; GSM3515643; GSM3515644; GSM3515645; GSM3515646; GSM3515647	8% w/v fructose in the drinking water for 14 weeks	GSM3515636; GSM3515637; GSM3515638; GSM3515639; GSM3515640; GSM3515641	treated	GPL21103:Illumina HiSeq 4000 (Mus musculus)
HBEXP000386	HBIN026793	fructose	Ingredient	GSE123894	Mus musculus	FVB/NJ	Liver			Expression profiling by high throughput sequencing	mRNA	mouse FVB/NJ	FVB/NJ; Liver	/	drinking water	GSM3515654; GSM3515655; GSM3515656; GSM3515657; GSM3515658; GSM3515659	8% w/v fructose in the drinking water for 14 weeks	GSM3515648; GSM3515649; GSM3515650; GSM3515651; GSM3515652; GSM3515653	treated	GPL21103:Illumina HiSeq 4000 (Mus musculus)
HBEXP000387	HBIN026793	fructose	Ingredient	GSE70218	Homo sapiens		Skeletal muscle			Expression profiling by array	Total RNA	human	Skeletal muscle	/	no treatment	GSM1720932; GSM1720935; GSM1720937; GSM1720939; GSM1720941; GSM1720943; GSM1720945; GSM1720947; GSM1720949	a high fructose diet during 7days	GSM1720933; GSM1720934; GSM1720936; GSM1720938; GSM1720940; GSM1720942; GSM1720944; GSM1720946; GSM1720948	oral gavage	GPL570:[HG-U133_Plus_2] Affymetrix Human Genome U133 Plus 2.0 Array
HBEXP000388	HBIN026793	fructose	Ingredient	GSE92502	Mus musculus	C57BL/6J	Liver			Expression profiling by array	Total RNA	mouse  C56BL/6 Male	C57BL/6J; Liver	/	a chow diet ad libitum	GSM2430786; GSM2430793; GSM2430796; GSM2430799; GSM2430803; GSM2430806	a chow diet ad libitum with Fructose for 24h	GSM2430788; GSM2430791; GSM2430794; GSM2430801; GSM2430805; GSM2430808	feed	GPL21163:Agilent-074809 SurePrint G3 Mouse GE v2 8x60K Microarray [Probe Name version]
HBEXP000389	HBIN027030	gallic acid	Ingredient	GSE17614	Mus musculus	BALB/c	J558 myeloma			Expression profiling by array	Total RNA	mouse	BALB/c; J558 myeloma	/	distilled water	GSM439861; GSM439862; GSM439863; GSM439864	OPP (1500 ppm GAE) as drinks ad libitum for 4 weeks	GSM439865; GSM439866; GSM439867	treated	GPL6422:Sentrix MouseRef-8 Expression BeadChip
HBEXP000390	HBIN027030	Gallic acid	Ingredient	GSE85871	Homo sapiens			Breast cancer	MCF-7	Expression profiling by array	Total RNA	human cellline	Breast cancer; MCF-7	/	vehicle control (DMSO)	GSM2286248; GSM2286249; GSM2286316; GSM2286317; GSM2286398; GSM2286399	10uM Gallic acid for 12h	GSM2286352; GSM2286353	treated	GPL571:[HG-U133A_2] Affymetrix Human Genome U133A 2.80 Array
HBEXP000391	HBIN027030	gallic acid	Ingredient	GSE86798	Homo sapiens		Dermal	Fibroblast		Expression profiling by array	Total RNA	human cellline	Dermal; Fibroblast	IL-1┑ (1ng/mL) were added and incubated for 4 h	no treatment	GSM2308867; GSM2308878	Gallic acid (0.3 ug/mL) for 30min	GSM2308869; GSM2308880	treated	GPL10558:Illumina HumanHT-12 V4.0 expression beadchip
HBEXP000392	HBIN027030	gallic acid	Ingredient	GSE86798	Homo sapiens		Dermal	Fibroblast		Expression profiling by array	Total RNA	human cellline	Dermal; Fibroblast	IL-1┑ (1ng/mL) were added and incubated for 4 h	no treatment	GSM2308867; GSM2308878	Gallic acid (1 ug/mL) for 30min	GSM2308870; GSM2308881	treated	GPL10558:Illumina HumanHT-12 V4.0 expression beadchip
HBEXP000393	HBIN027030	gallic acid	Ingredient	GSE86798	Homo sapiens		Dermal	Fibroblast		Expression profiling by array	Total RNA	human cellline	Dermal; Fibroblast	IL-1┑ (1ng/mL) were added and incubated for 4 h	no treatment	GSM2308867; GSM2308878	Gallic acid (3 ug/mL) for 30min	GSM2308871; GSM2308882	treated	GPL10558:Illumina HumanHT-12 V4.0 expression beadchip
HBEXP000394	HBIN027030	gallic acid	Ingredient	GSE99993	Homo sapiens			Non-small cell lung carcinoma	H1299	Expression profiling by array	Total RNA	human cellline	Non-small cell lung carcinoma; H1299	/	no treatment	GSM2667440; GSM2667441	10 mM GA for 120h	GSM2667438; GSM2667439	treated	GPL23159:[Clariom_S_Human] Affymetrix Clariom S Assay, Human (Includes Pico Assay)
HBEXP000395	HBIN027349	garcinol	Ingredient	GSE7818	Homo sapiens			Cervical cancer	HeLa	Expression profiling by array	Total RNA	human cellline	Cervical cancer; HeLa	/	DMSO	GSM189700; GSM189702	garcinol	GSM189703; GSM189704	treated	GPL5166:Genotypic/UHN Human ss-H19K8 cDNA Array
HBEXP000396	HBIN027384	Gastrodin	Ingredient	GSE85871	Homo sapiens			Breast cancer	MCF-7	Expression profiling by array	Total RNA	human cellline	Breast cancer; MCF-7	/	vehicle control (DMSO)	GSM2286248; GSM2286249; GSM2286316; GSM2286317; GSM2286398; GSM2286399	10uM Gastrodin for 12h	GSM2286238; GSM2286239	treated	GPL571:[HG-U133A_2] Affymetrix Human Genome U133A 2.25 Array
HBEXP000397	HBIN027407	gedunin	Ingredient	GSE5506	Homo sapiens			Prostate cancer	LNCaP	Expression profiling by array	Total RNA	human cellline	Prostate cancer; LNCaP	grown to 50% confluency	DMSO	GSM127023; GSM127024; GSM127025	20uM gedunin for 6h	GSM127020; GSM127021; GSM127022	treated	GPL3921:[HT_HG-U133A] Affymetrix HT Human Genome U133A Array
HBEXP000398	HBIN027450	Geniposide	Ingredient	GSE85871	Homo sapiens			Breast cancer	MCF-7	Expression profiling by array	Total RNA	human cellline	Breast cancer; MCF-7	/	vehicle control (DMSO)	GSM2286248; GSM2286249; GSM2286316; GSM2286317; GSM2286398; GSM2286399	10uM Geniposide for 12h	GSM2286350; GSM2286351	treated	GPL571:[HG-U133A_2] Affymetrix Human Genome U133A 2.79 Array
HBEXP000399	HBIN027456	genistein	Ingredient	GSE138500	Mus musculus	CD-1	Uterus			Expression profiling by array	Total RNA	CD-1 mice	CD-1; Uterus	/	corn oil 	GSM4109913; GSM4109914; GSM4109915	genistein (GEN) at a dose of 50 mg/kg/day on postnatal day 1.5	GSM4109916; GSM4109917; GSM4109918; GSM4109919	exposed	GPL4134:Agilent-014868 Whole Mouse Genome Microarray 4x44K G4122F (Feature Number version)
HBEXP000400	HBIN027456	genistein	Ingredient	GSE138500	Mus musculus	CD-1	Uterus			Expression profiling by array	Total RNA	CD-1 mice	CD-1; Uterus	/	corn oil 	GSM4109913; GSM4109914; GSM4109915	genistein (GEN) at a dose of 50 mg/kg/day on postnatal day 3.5	GSM4109923; GSM4109924; GSM4109925	exposed	GPL4134:Agilent-014868 Whole Mouse Genome Microarray 4x44K G4122F (Feature Number version)
HBEXP000401	HBIN027456	genistein	Ingredient	GSE138500	Mus musculus	CD-1	Uterus			Expression profiling by array	Total RNA	CD-1 mice	CD-1; Uterus	/	corn oil 	GSM4109913; GSM4109914; GSM4109915	genistein (GEN) at a dose of 50 mg/kg/day on postnatal day 4.5	GSM4109930; GSM4109931; GSM4109932; GSM4109933	exposed	GPL4134:Agilent-014868 Whole Mouse Genome Microarray 4x44K G4122F (Feature Number version)
HBEXP000402	HBIN027456	genistein	Ingredient	GSE138500	Mus musculus	CD-1	Uterus			Expression profiling by array	Total RNA	CD-1 mice	CD-1; Uterus	/	corn oil 	GSM4109913; GSM4109914; GSM4109915	genistein (GEN) at a dose of 50 mg/kg/day on postnatal day 5.5	GSM4109938; GSM4109939; GSM4109940; GSM4109941	exposed	GPL4134:Agilent-014868 Whole Mouse Genome Microarray 4x44K G4122F (Feature Number version)
HBEXP000403	HBIN027456	genistein	Ingredient	GSE1839	Mus musculus	APfCD-1	Uterus			Expression profiling by array	Total RNA	APfCD-1 mice	APfCD-1; Uterus	/	vehicle control	GSM32181; GSM32182; GSM32183	50mg/kg genistein for 3 days	GSM32184; GSM32185; GSM32186	subcutaneous injection	GPL81:[MG_U74Av2] Affymetrix Murine Genome U74A Version 2 Array
HBEXP000404	HBIN027456	genistein	Ingredient	GSE23523	Mus musculus		Liver			Expression profiling by array	Total RNA	mouse	Liver	/	DMSO	GSM576119; GSM576120	125mg/kg genistein	GSM576121; GSM576122	intra-peritoneal injection	GPL10569:Agilent Mouse 60K Genotypic Designed Array
HBEXP000405	HBIN027456	genistein	Ingredient	GSE23523	Mus musculus		Liver			Expression profiling by array	Total RNA	mouse	Liver	/	DMSO	GSM576119; GSM576120	250mg/kg genistein	GSM576123; GSM576124	intra-peritoneal injection	GPL10569:Agilent Mouse 60K Genotypic Designed Array
HBEXP000406	HBIN027456	genistein	Ingredient	GSE23523	Mus musculus		Liver			Expression profiling by array	Total RNA	mouse	Liver	/	DMSO	GSM576119; GSM576120	500mg/kg genistein	GSM576125; GSM576126	intra-peritoneal injection	GPL10569:Agilent Mouse 60K Genotypic Designed Array
HBEXP000407	HBIN027456	genistein	Ingredient	GSE27639	Mus musculus	CD-1	Oviduct			Expression profiling by array	Total RNA	mouse CD-1	CD-1; Oviduct	/	corn oil 	GSM684871; GSM684872; GSM684873; GSM684874	genistein 50 mg/kg/day in corn oil for 5 days	GSM684875; GSM684876; GSM684877; GSM684878	treated	GPL4134:Agilent-014868 Whole Mouse Genome Microarray 4x44K G4122F (Feature Number version)
HBEXP000408	HBIN027456	genistein	Ingredient	GSE2889	Mus musculus	C57BL/6	Thymuse			Expression profiling by array	Total RNA	mouse C57BL/6 female	C57BL/6; Thymuse	/	no treatment	GSM63205; GSM63206	Genistein for 2 days	GSM63214; GSM63215	feed	GPL339:[MOE430A] Affymetrix Mouse Expression 430A Array
HBEXP000409	HBIN027456	genistein	Ingredient	GSE2889	Mus musculus	C57BL/6	Thymuse			Expression profiling by array	Total RNA	mouse C57BL/6 female	C57BL/6; Thymuse	/	no treatment	GSM63205; GSM63206	Genistein for 3 days	GSM63216; GSM63217	feed	GPL339:[MOE430A] Affymetrix Mouse Expression 430A Array
HBEXP000410	HBIN027456	genistein	Ingredient	GSE2889	Mus musculus	C57BL/6	Thymuse			Expression profiling by array	Total RNA	mouse C57BL/6 female	C57BL/6; Thymuse	/	no treatment	GSM63205; GSM63206	Genistein for 6 days	GSM63218; GSM63220	feed	GPL339:[MOE430A] Affymetrix Mouse Expression 430A Array
HBEXP000411	HBIN027456	genistein	Ingredient	GSE34074	Homo sapiens			Fibroblast	HDFa	Expression profiling by array	Total RNA	human	Fibroblast; HDFa	/	0.05% DMSO	GSM841414; GSM841426	30uM genistein for 1h	GSM841412; GSM841424	treated	GPL6947:Illumina HumanHT-12 V3.0 expression beadchip;GPL10558:Illumina HumanHT-12 V4.0 expression beadchip
HBEXP000412	HBIN027456	genistein	Ingredient	GSE34074	Homo sapiens			Fibroblast	HDFa	Expression profiling by array	Total RNA	human	Fibroblast; HDFa	/	0.05% DMSO	GSM841414; GSM841426	100uM genistein for 1h	GSM841413; GSM841425	treated	GPL6947:Illumina HumanHT-12 V3.0 expression beadchip;GPL10558:Illumina HumanHT-12 V4.0 expression beadchip
HBEXP000413	HBIN027456	genistein	Ingredient	GSE34074	Homo sapiens			Fibroblast	HDFa	Expression profiling by array	Total RNA	human	Fibroblast; HDFa	/	0.05% DMSO	GSM841414; GSM841426	100uM genistein for 24h	GSM841417; GSM841429	treated	GPL6947:Illumina HumanHT-12 V3.0 expression beadchip;GPL10558:Illumina HumanHT-12 V4.0 expression beadchip
HBEXP000414	HBIN027456	genistein	Ingredient	GSE34074	Homo sapiens			Fibroblast	HDFa	Expression profiling by array	Total RNA	human	Fibroblast; HDFa	/	0.05% DMSO	GSM841414; GSM841426	100uM genistein for 48h	GSM841421; GSM841433	treated	GPL6947:Illumina HumanHT-12 V3.0 expression beadchip;GPL10558:Illumina HumanHT-12 V4.0 expression beadchip
HBEXP000415	HBIN027456	genistein	Ingredient	GSE34074	Homo sapiens			Fibroblast	HDFa	Expression profiling by array	Total RNA	human	Fibroblast; HDFa	/	0.05% DMSO	GSM841439; GSM841451; GSM841463	100uM genistein for 1h	GSM841438; GSM841450; GSM841462	treated	GPL6947:Illumina HumanHT-12 V3.0 expression beadchip;GPL10558:Illumina HumanHT-12 V4.0 expression beadchip
HBEXP000416	HBIN027456	genistein	Ingredient	GSE34074	Homo sapiens			Fibroblast	HDFa	Expression profiling by array	Total RNA	human	Fibroblast; HDFa	/	0.05% DMSO	GSM841439; GSM841451; GSM841463	100uM genistein for 24h	GSM841442; GSM841454; GSM841466	treated	GPL6947:Illumina HumanHT-12 V3.0 expression beadchip;GPL10558:Illumina HumanHT-12 V4.0 expression beadchip
HBEXP000417	HBIN027456	genistein	Ingredient	GSE34074	Homo sapiens			Fibroblast	HDFa	Expression profiling by array	Total RNA	human	Fibroblast; HDFa	/	0.05% DMSO	GSM841439; GSM841451; GSM841463	100uM genistein for 48h	GSM841446; GSM841458; GSM841470	treated	GPL6947:Illumina HumanHT-12 V3.0 expression beadchip;GPL10558:Illumina HumanHT-12 V4.0 expression beadchip
HBEXP000418	HBIN027456	genistein	Ingredient	GSE34074	Homo sapiens			Fibroblast	HDFa	Expression profiling by array	Total RNA	human	Fibroblast; HDFa	/	0.05% DMSO	GSM841414; GSM841426	30uM genistein for 24h	GSM841416; GSM841428	treated	GPL6947:Illumina HumanHT-12 V3.0 expression beadchip;GPL10558:Illumina HumanHT-12 V4.0 expression beadchip
HBEXP000419	HBIN027456	genistein	Ingredient	GSE34074	Homo sapiens			Fibroblast	HDFa	Expression profiling by array	Total RNA	human	Fibroblast; HDFa	/	0.05% DMSO	GSM841414; GSM841426	30uM genistein for 48h	GSM841420; GSM841432	treated	GPL6947:Illumina HumanHT-12 V3.0 expression beadchip;GPL10558:Illumina HumanHT-12 V4.0 expression beadchip
HBEXP000420	HBIN027456	genistein	Ingredient	GSE34074	Homo sapiens			Fibroblast	HDFa	Expression profiling by array	Total RNA	human	Fibroblast; HDFa	/	0.05% DMSO	GSM841439; GSM841451; GSM841463	30uM genistein for 1h	GSM841436; GSM841448; GSM841460	treated	GPL6947:Illumina HumanHT-12 V3.0 expression beadchip;GPL10558:Illumina HumanHT-12 V4.0 expression beadchip
HBEXP000421	HBIN027456	genistein	Ingredient	GSE34074	Homo sapiens			Fibroblast	HDFa	Expression profiling by array	Total RNA	human	Fibroblast; HDFa	/	0.05% DMSO	GSM841439; GSM841451; GSM841463	30uM genistein for 24h	GSM841440; GSM841452; GSM841464	treated	GPL6947:Illumina HumanHT-12 V3.0 expression beadchip;GPL10558:Illumina HumanHT-12 V4.0 expression beadchip
HBEXP000422	HBIN027456	genistein	Ingredient	GSE34074	Homo sapiens			Fibroblast	HDFa	Expression profiling by array	Total RNA	human	Fibroblast; HDFa	/	0.05% DMSO	GSM841439; GSM841451; GSM841463	30uM genistein for 48h	GSM841444; GSM841456; GSM841468	treated	GPL6947:Illumina HumanHT-12 V3.0 expression beadchip;GPL10558:Illumina HumanHT-12 V4.0 expression beadchip
HBEXP000423	HBIN027456	genistein	Ingredient	GSE34074	Homo sapiens			Fibroblast	HDFa	Expression profiling by array	Total RNA	human	Fibroblast; HDFa	/	0.05% DMSO	GSM841439; GSM841451; GSM841463	60uM genistein for 1h	GSM841437; GSM841449; GSM841461	treated	GPL6947:Illumina HumanHT-12 V3.0 expression beadchip;GPL10558:Illumina HumanHT-12 V4.0 expression beadchip
HBEXP000424	HBIN027456	genistein	Ingredient	GSE34074	Homo sapiens			Fibroblast	HDFa	Expression profiling by array	Total RNA	human	Fibroblast; HDFa	/	0.05% DMSO	GSM841439; GSM841451; GSM841463	60uM genistein for 24h	GSM841441; GSM841453; GSM841465	treated	GPL6947:Illumina HumanHT-12 V3.0 expression beadchip;GPL10558:Illumina HumanHT-12 V4.0 expression beadchip
HBEXP000425	HBIN027456	genistein	Ingredient	GSE34074	Homo sapiens			Fibroblast	HDFa	Expression profiling by array	Total RNA	human	Fibroblast; HDFa	/	0.05% DMSO	GSM841439; GSM841451; GSM841463	60uM genistein for 48h	GSM841445; GSM841457; GSM841469	treated	GPL6947:Illumina HumanHT-12 V3.0 expression beadchip;GPL10558:Illumina HumanHT-12 V4.0 expression beadchip
HBEXP000426	HBIN027456	genistein	Ingredient	GSE35242	Homo sapiens			Prostate cancer	ARCaP-M	Expression profiling by array	Total RNA	human cellline	Prostate cancer; ARCaP-M	/	DMSO	GSM864429; GSM864430; GSM864431	20uM genistein for 6 days	GSM864435; GSM864436; GSM864437	treated	GPL10558:Illumina HumanHT-12 V4.0 expression beadchip
HBEXP000427	HBIN027456	genistein	Ingredient	GSE35242	Homo sapiens			Prostate cancer	ARCaP-E	Expression profiling by array	Total RNA	human cellline	Prostate cancer; ARCaP-E	/	DMSO	GSM864432; GSM864433; GSM864434	20uM genistein for 6 days	GSM864438; GSM864439; GSM864440	treated	GPL10558:Illumina HumanHT-12 V4.0 expression beadchip
HBEXP000428	HBIN027456	genistein	Ingredient	GSE38234	Homo sapiens			Breast cancer	T47D	Expression profiling by high throughput sequencing	mRNA	human cellline	Breast cancer; T47D	/	0.02% DMSO	GSM937162; GSM937167	100 nM genistein for 8h	GSM937164; GSM937170	treated	GPL11154:Illumina HiSeq 2000 (Homo sapiens)
HBEXP000429	HBIN027456	genistein	Ingredient	GSE38234	Homo sapiens			Endometrial cancer	ECC-1	Expression profiling by high throughput sequencing	mRNA	human cellline	Endometrial cancer; ECC-1	/	0.02% DMSO	GSM937172; GSM937178	100 nM genistein for 8h	GSM937175; GSM937180	treated	GPL11154:Illumina HiSeq 2000 (Homo sapiens)
HBEXP000430	HBIN027456	genistein	Ingredient	GSE40069	Homo sapiens			Hepatocellular carcinoma	HepG2	Expression profiling by high throughput sequencing	mRNA	human cellline	Hepatocellular carcinoma; HepG2	/	DMSO 1%	GSM984644; GSM984645; GSM984646	genistein 10 micromolar for 18h	GSM984647; GSM984648; GSM984649	treated	GPL9115:Illumina Genome Analyzer II (Homo sapiens)
HBEXP000431	HBIN027456	genistein	Ingredient	GSE43146	Homo sapiens		LTL313 prostate cancer xenograft			Expression profiling by array	Total RNA	human	LTL313 prostate cancer xenograft	/	no treatment	GSM1057363; GSM1057364; GSM1057365	10mg genistein	GSM1057366; GSM1057367; GSM1057368	treated	GPL6480:Agilent-014850 Whole Human Genome Microarray 4x44K G4112F (Probe Name version)
HBEXP000432	HBIN027456	genistein	Ingredient	GSE5200	Homo sapiens			Breast cancer	MCF-7	Expression profiling by array	Total RNA	human	Breast cancer; MCF-7	/	vehicle control	GSM117360; GSM117361; GSM117362	3 micromolar genistein for 48h	GSM117366; GSM117367; GSM117368	exposed	GPL96:[HG-U133A] Affymetrix Human Genome U133A Array
HBEXP000433	HBIN027456	genistein	Ingredient	GSE5200	Homo sapiens			Breast cancer	MCF-7	Expression profiling by array	Total RNA	human	Breast cancer; MCF-7	/	vehicle control	GSM117360; GSM117361; GSM117362	10 micromolar genistein for 48h	GSM117369; GSM117370; GSM117371	exposed	GPL96:[HG-U133A] Affymetrix Human Genome U133A Array
HBEXP000434	HBIN027456	genistein	Ingredient	GSE71717	Homo sapiens			Endometrial cancer	Ishikawa	Expression profiling by array	Total RNA	human cellline	Endometrial cancer; Ishikawa	/	vehicle control	GSM1843559; GSM1843560; GSM1843561; GSM1843562	HighDose for 8h	GSM1843571; GSM1843572; GSM1843573; GSM1843574	treated	GPL570:[HG-U133_Plus_2] Affymetrix Human Genome U133 Plus 2.0 Array
HBEXP000435	HBIN027456	genistein	Ingredient	GSE71717	Homo sapiens			Endometrial cancer	Ishikawa	Expression profiling by array	Total RNA	human cellline	Endometrial cancer; Ishikawa	/	vehicle control	GSM1843559; GSM1843560; GSM1843561; GSM1843562	VeryLowDose for 8h	GSM1843607; GSM1843608; GSM1843609; GSM1843610	treated	GPL570:[HG-U133_Plus_2] Affymetrix Human Genome U133 Plus 2.0 Array
HBEXP000436	HBIN027456	genistein	Ingredient	GSE71717	Homo sapiens			Endometrial cancer	Ishikawa	Expression profiling by array	Total RNA	human cellline	Endometrial cancer; Ishikawa	/	vehicle control	GSM1843559; GSM1843560; GSM1843561; GSM1843562	VeryLowDose for 24h	GSM1843611; GSM1843612; GSM1843613; GSM1843614	treated	GPL570:[HG-U133_Plus_2] Affymetrix Human Genome U133 Plus 2.0 Array
HBEXP000437	HBIN027456	genistein	Ingredient	GSE71717	Homo sapiens			Endometrial cancer	Ishikawa	Expression profiling by array	Total RNA	human cellline	Endometrial cancer; Ishikawa	/	vehicle control	GSM1843559; GSM1843560; GSM1843561; GSM1843562	VeryLowDose for 48h	GSM1843615; GSM1843616; GSM1843617; GSM1843618	treated	GPL570:[HG-U133_Plus_2] Affymetrix Human Genome U133 Plus 2.0 Array
HBEXP000438	HBIN027456	genistein	Ingredient	GSE71717	Homo sapiens			Endometrial cancer	Ishikawa	Expression profiling by array	Total RNA	human cellline	Endometrial cancer; Ishikawa	/	vehicle control	GSM1843559; GSM1843560; GSM1843561; GSM1843562	HighDose for 24h	GSM1843575; GSM1843576; GSM1843577; GSM1843578	treated	GPL570:[HG-U133_Plus_2] Affymetrix Human Genome U133 Plus 2.0 Array
HBEXP000439	HBIN027456	genistein	Ingredient	GSE71717	Homo sapiens			Endometrial cancer	Ishikawa	Expression profiling by array	Total RNA	human cellline	Endometrial cancer; Ishikawa	/	vehicle control	GSM1843559; GSM1843560; GSM1843561; GSM1843562	HighDose for 48h	GSM1843579; GSM1843580; GSM1843581; GSM1843582	treated	GPL570:[HG-U133_Plus_2] Affymetrix Human Genome U133 Plus 2.0 Array
HBEXP000440	HBIN027456	genistein	Ingredient	GSE71717	Homo sapiens			Endometrial cancer	Ishikawa	Expression profiling by array	Total RNA	human cellline	Endometrial cancer; Ishikawa	/	vehicle control	GSM1843559; GSM1843560; GSM1843561; GSM1843562	LowDose for 8h	GSM1843583; GSM1843584; GSM1843585; GSM1843586	treated	GPL570:[HG-U133_Plus_2] Affymetrix Human Genome U133 Plus 2.0 Array
HBEXP000441	HBIN027456	genistein	Ingredient	GSE71717	Homo sapiens			Endometrial cancer	Ishikawa	Expression profiling by array	Total RNA	human cellline	Endometrial cancer; Ishikawa	/	vehicle control	GSM1843559; GSM1843560; GSM1843561; GSM1843562	LowDose for 24h	GSM1843587; GSM1843588; GSM1843589; GSM1843590	treated	GPL570:[HG-U133_Plus_2] Affymetrix Human Genome U133 Plus 2.0 Array
HBEXP000442	HBIN027456	genistein	Ingredient	GSE71717	Homo sapiens			Endometrial cancer	Ishikawa	Expression profiling by array	Total RNA	human cellline	Endometrial cancer; Ishikawa	/	vehicle control	GSM1843559; GSM1843560; GSM1843561; GSM1843562	LowDose for 48h	GSM1843591; GSM1843592; GSM1843593; GSM1843594	treated	GPL570:[HG-U133_Plus_2] Affymetrix Human Genome U133 Plus 2.0 Array
HBEXP000443	HBIN027456	genistein	Ingredient	GSE71717	Homo sapiens			Endometrial cancer	Ishikawa	Expression profiling by array	Total RNA	human cellline	Endometrial cancer; Ishikawa	/	vehicle control	GSM1843559; GSM1843560; GSM1843561; GSM1843562	VeryHighDose for 8h	GSM1843595; GSM1843596; GSM1843597; GSM1843598	treated	GPL570:[HG-U133_Plus_2] Affymetrix Human Genome U133 Plus 2.0 Array
HBEXP000444	HBIN027456	genistein	Ingredient	GSE71717	Homo sapiens			Endometrial cancer	Ishikawa	Expression profiling by array	Total RNA	human cellline	Endometrial cancer; Ishikawa	/	vehicle control	GSM1843559; GSM1843560; GSM1843561; GSM1843562	VeryHighDose for 24h	GSM1843599; GSM1843600; GSM1843601; GSM1843602	treated	GPL570:[HG-U133_Plus_2] Affymetrix Human Genome U133 Plus 2.0 Array
HBEXP000445	HBIN027456	genistein	Ingredient	GSE71717	Homo sapiens			Endometrial cancer	Ishikawa	Expression profiling by array	Total RNA	human cellline	Endometrial cancer; Ishikawa	/	vehicle control	GSM1843559; GSM1843560; GSM1843561; GSM1843562	VeryHighDose for 48h	GSM1843603; GSM1843604; GSM1843605; GSM1843606	treated	GPL570:[HG-U133_Plus_2] Affymetrix Human Genome U133 Plus 2.0 Array
HBEXP000446	HBIN027456	genistein	Ingredient	GSE84748	Homo sapiens		Prostate			Expression profiling by array	Total RNA	human	Prostate	/	placebo	GSM2249654; GSM2249657; GSM2249659; GSM2249662; GSM2249667; GSM2249670; GSM2249673; GSM2249674; GSM2249675; GSM2249676	30 mg synthetic genistein capsules daily for 3-6 weeks	GSM2249653; GSM2249655; GSM2249658; GSM2249660; GSM2249661; GSM2249663; GSM2249664; GSM2249666; GSM2249669; GSM2249672	oral gavage	GPL10558:Illumina HumanHT-12 V4.0 expression beadchip
HBEXP000447	HBIN027456	genistein	Ingredient	GSE97766	Homo sapiens			Pancreatic cancer	Mia-PaCa-2	Expression profiling by high throughput sequencing	mRNA	human cellline	Pancreatic cancer; Mia-PaCa-2	/	no treatment	GSM2577098; GSM2577099	50uM genistein (Gen) for 24h	GSM2577092; GSM2577093	treated	GPL16791:Illumina HiSeq 2500 (Homo sapiens)
HBEXP000448	HBIN027456	genistein	Ingredient	GSE97766	Homo sapiens			Pancreatic cancer	PANC-1	Expression profiling by high throughput sequencing	mRNA	human cellline	Pancreatic cancer; PANC-1	/	no treatment	GSM2577106; GSM2577107	50uM genistein (Gen) for 24h	GSM2577100; GSM2577101	treated	GPL16791:Illumina HiSeq 2500 (Homo sapiens)
HBEXP000449	HBIN027456	genistein	Ingredient	GSE9936	Homo sapiens			Breast cancer	MCF-7	Expression profiling by array	Total RNA	human	Breast cancer; MCF-7	no insert (Ad)	vehicle control	GSM251354; GSM251355; GSM251356	6nM genistein (LG)for 4h	GSM251360; GSM251361; GSM251362	treated	GPL96:[HG-U133A] Affymetrix Human Genome U133A Array
HBEXP000450	HBIN027456	genistein	Ingredient	GSE9936	Homo sapiens			Breast cancer	MCF-7	Expression profiling by array	Total RNA	human	Breast cancer; MCF-7	no insert (Ad)	vehicle control	GSM251354; GSM251355; GSM251356	6nM genistein (LG) for 24h	GSM251400; GSM251401; GSM251402	treated	GPL96:[HG-U133A] Affymetrix Human Genome U133A Array
HBEXP000451	HBIN027456	genistein	Ingredient	GSE9936	Homo sapiens			Breast cancer	MCF-7	Expression profiling by array	Total RNA	human	Breast cancer; MCF-7	no insert (Ad)	vehicle control	GSM251354; GSM251355; GSM251356	300nM genistein (HG) for 4h	GSM251363; GSM251364	treated	GPL96:[HG-U133A] Affymetrix Human Genome U133A Array
HBEXP000452	HBIN027456	genistein	Ingredient	GSE9936	Homo sapiens			Breast cancer	MCF-7	Expression profiling by array	Total RNA	human	Breast cancer; MCF-7	no insert (Ad)	vehicle control	GSM251354; GSM251355; GSM251356	300nM genistein (HG) for 24h	GSM251403; GSM251404; GSM251405; GSM251438; GSM251439; GSM251440	treated	GPL96:[HG-U133A] Affymetrix Human Genome U133A Array
HBEXP000453	HBIN027456	genistein	Ingredient	GSE9936	Homo sapiens			Breast cancer	MCF-7	Expression profiling by array	Total RNA	human	Breast cancer; MCF-7	estrogen receptor beta (AdERb)	control	GSM251412; GSM251413; GSM251414	6nM genistein (LG)for 4h	GSM251379; GSM251380; GSM251381	treated	GPL96:[HG-U133A] Affymetrix Human Genome U133A Array
HBEXP000454	HBIN027456	genistein	Ingredient	GSE9936	Homo sapiens			Breast cancer	MCF-7	Expression profiling by array	Total RNA	human	Breast cancer; MCF-7	estrogen receptor beta (AdERb)	control	GSM251412; GSM251413; GSM251414	6nM genistein (LG) for 24h	GSM251418; GSM251419; GSM251420; GSM251435; GSM251436; GSM251437; GSM251455; GSM251456; GSM251457	treated	GPL96:[HG-U133A] Affymetrix Human Genome U133A Array
HBEXP000455	HBIN027456	genistein	Ingredient	GSE9936	Homo sapiens			Breast cancer	MCF-7	Expression profiling by array	Total RNA	human	Breast cancer; MCF-7	estrogen receptor beta (AdERb)	control	GSM251412; GSM251413; GSM251414	300nM genistein (HG) for 4h	GSM251382; GSM251383; GSM251384	treated	GPL96:[HG-U133A] Affymetrix Human Genome U133A Array
HBEXP000456	HBIN027456	genistein	Ingredient	GSE9936	Homo sapiens			Breast cancer	MCF-7	Expression profiling by array	Total RNA	human	Breast cancer; MCF-7	estrogen receptor beta (AdERb)	control	GSM251412; GSM251413; GSM251414	300nM genistein (HG) for 24h	GSM251421; GSM251422; GSM251423; GSM251458	treated	GPL96:[HG-U133A] Affymetrix Human Genome U133A Array
HBEXP000457	HBIN027510	Gentiopicroside	Ingredient	GSE85871	Homo sapiens			Breast cancer	MCF-7	Expression profiling by array	Total RNA	human cellline	Breast cancer; MCF-7	/	vehicle control (DMSO)	GSM2286248; GSM2286249; GSM2286316; GSM2286317; GSM2286398; GSM2286399	10uM Gentiopicroside for 12h	GSM2286360; GSM2286361	treated	GPL571:[HG-U133A_2] Affymetrix Human Genome U133A 2.84 Array
HBEXP000458	HBIN027680	ginkgolic acid	Ingredient	GSE104911	Mus musculus	C57BL/6	Bone marrow	Stromal cell		Expression profiling by high throughput sequencing	Total RNA	mouse	C57BL/6; Bone marrow; Stromal cell	/	50uM DMSO with 1 uM Dexamethasone for 3 days	GSM2809899; GSM2809900	50uM GA with 1uM Dexamethasone for 3 days	GSM2809901; GSM2809902	treated	GPL13112:Illumina HiSeq 2000 (Mus musculus)
HBEXP000459	HBIN027684	Ginkgolide B	Ingredient	GSE85871	Homo sapiens			Breast cancer	MCF-7	Expression profiling by array	Total RNA	human cellline	Breast cancer; MCF-7	/	vehicle control (DMSO)	GSM2286248; GSM2286249; GSM2286316; GSM2286317; GSM2286398; GSM2286399	10uM Ginkgolide B for 12h	GSM2286208; GSM2286209	treated	GPL571:[HG-U133A_2] Affymetrix Human Genome U133A 2.10 Array
HBEXP000460	HBIN027729	Ginsenoside Rb1	Ingredient	GSE85871	Homo sapiens			Breast cancer	MCF-7	Expression profiling by array	Total RNA	human cellline	Breast cancer; MCF-7	/	vehicle control (DMSO)	GSM2286248; GSM2286249; GSM2286316; GSM2286317; GSM2286398; GSM2286399	10uM Ginsenoside Rb1 for 12h	GSM2286224; GSM2286225	treated	GPL571:[HG-U133A_2] Affymetrix Human Genome U133A 2.18 Array
HBEXP000461	HBIN027731	Ginsenoside Rb2	Ingredient	GSE85871	Homo sapiens			Breast cancer	MCF-7	Expression profiling by array	Total RNA	human cellline	Breast cancer; MCF-7	/	vehicle control (DMSO)	GSM2286248; GSM2286249; GSM2286316; GSM2286317; GSM2286398; GSM2286399	10uM Ginsenoside Rb2 for 12h	GSM2286276; GSM2286277	treated	GPL571:[HG-U133A_2] Affymetrix Human Genome U133A 2.43 Array
HBEXP000462	HBIN027733	Ginsenoside Rb3	Ingredient	GSE85871	Homo sapiens			Breast cancer	MCF-7	Expression profiling by array	Total RNA	human cellline	Breast cancer; MCF-7	/	vehicle control (DMSO)	GSM2286248; GSM2286249; GSM2286316; GSM2286317; GSM2286398; GSM2286399	10uM Ginsenoside Rb3 for 12h	GSM2286272; GSM2286273	treated	GPL571:[HG-U133A_2] Affymetrix Human Genome U133A 2.41 Array
HBEXP000463	HBIN027737	Ginsenoside Rc	Ingredient	GSE85871	Homo sapiens			Breast cancer	MCF-7	Expression profiling by array	Total RNA	human cellline	Breast cancer; MCF-7	/	vehicle control (DMSO)	GSM2286248; GSM2286249; GSM2286316; GSM2286317; GSM2286398; GSM2286399	10uM Ginsenoside Rc for 12h	GSM2286274; GSM2286275	treated	GPL571:[HG-U133A_2] Affymetrix Human Genome U133A 2.42 Array
HBEXP000464	HBIN027739	Ginsenoside Rd	Ingredient	GSE85871	Homo sapiens			Breast cancer	MCF-7	Expression profiling by array	Total RNA	human cellline	Breast cancer; MCF-7	/	vehicle control (DMSO)	GSM2286248; GSM2286249; GSM2286316; GSM2286317; GSM2286398; GSM2286399	10uM Ginsenoside Rd for 12h	GSM2286280; GSM2286281	treated	GPL571:[HG-U133A_2] Affymetrix Human Genome U133A 2.45 Array
HBEXP000465	HBIN027742	Ginsenoside Re	Ingredient	GSE85871	Homo sapiens			Breast cancer	MCF-7	Expression profiling by array	Total RNA	human cellline	Breast cancer; MCF-7	/	vehicle control (DMSO)	GSM2286248; GSM2286249; GSM2286316; GSM2286317; GSM2286398; GSM2286399	10uM Ginsenoside Re for 12h	GSM2286278; GSM2286279	treated	GPL571:[HG-U133A_2] Affymetrix Human Genome U133A 2.44 Array
HBEXP000466	HBIN027746	Ginsenoside Rg1	Ingredient	GSE85871	Homo sapiens			Breast cancer	MCF-7	Expression profiling by array	Total RNA	human cellline	Breast cancer; MCF-7	/	vehicle control (DMSO)	GSM2286248; GSM2286249; GSM2286316; GSM2286317; GSM2286398; GSM2286399	10uM Ginsenoside Rg1 for 12h	GSM2286222; GSM2286223	treated	GPL571:[HG-U133A_2] Affymetrix Human Genome U133A 2.17 Array
HBEXP000467	HBIN028036	glucosamine	Ingredient	GSE49185	Homo sapiens			Lymphocyte	KMH2	Expression profiling by array	Total RNA	human cellline	Lymphocyte; KMH2	/	control	GSM1195162; GSM1195163; GSM1195164	glucosamine for 24h	GSM1195165; GSM1195166; GSM1195167	treated	GPL11532:[HuGene-1_1-st] Affymetrix Human Gene 1.1 ST Array [transcript (gene) version]
HBEXP000468	HBIN028150	glycol	Ingredient	GSE67511	Homo sapiens		Umbilical vein	Endothelial cell		Expression profiling by array	Total RNA	human cellline	Umbilical vein; Endothelial cell	/	no treatment;cold control	GSM1648339; GSM1648340; GSM1648341	60% ethylene glycol EG for 24h 	GSM1648345; GSM1648346; GSM1648347	treated	GPL17586:[HTA-2_0] Affymetrix Human Transcriptome Array 2.0 [transcript (gene) version]
HBEXP000469	HBIN028150	glycol	Ingredient	GSE67511	Homo sapiens		Umbilical vein	Endothelial cell		Expression profiling by array	Total RNA	human cellline	Umbilical vein; Endothelial cell	/	no treatment;cold control	GSM1648339; GSM1648340; GSM1648341	60% ethylene glycol EG for 72h	GSM1648354; GSM1648355; GSM1648356	treated	GPL17586:[HTA-2_0] Affymetrix Human Transcriptome Array 2.0 [transcript (gene) version]
HBEXP000470	HBIN028184	glycyrrhetinic acid	Ingredient	GSE110335	Homo sapiens			Umbilical vein endothelial cell	HUVEC	Expression profiling by array	Total RNA	human cellline	Umbilical vein endothelial cell; HUVEC	biomechanically stretched	DMSO	GSM2987615; GSM2987617; GSM2987619	Glycyrrhetinic acid (40uM) for 6h	GSM2987616; GSM2987618; GSM2987620	treated	GPL21970:[HuGene-2_0-st] Affymetrix Human Gene 2.0 ST Array [CDF: hugene20st_Hs_ENTREZG.cdf, Brainarray version 20.0.0]
HBEXP000471	HBIN028190	Glycyrrhizic acid	Ingredient	GSE85871	Homo sapiens			Breast cancer	MCF-7	Expression profiling by array	Total RNA	human cellline	Breast cancer; MCF-7	/	vehicle control (DMSO)	GSM2286248; GSM2286249; GSM2286316; GSM2286317; GSM2286398; GSM2286399	10uM Glycyrrhizic acid for 12h	GSM2286188; GSM2286189	treated	GPL571:[HG-U133A_2] Affymetrix Human Genome U133A 2.0 Array
HBEXP000472	HBIN028190	Glycyrrhizic acid	Ingredient	GSE85871	Homo sapiens			Breast cancer	MCF-7	Expression profiling by array	Total RNA	human cellline	Breast cancer; MCF-7	/	vehicle control (DMSO)	GSM2286248; GSM2286249; GSM2286316; GSM2286317; GSM2286398; GSM2286399	10uM Glycyrrhizic acid for 12h	GSM2286370; GSM2286371	treated	GPL571:[HG-U133A_2] Affymetrix Human Genome U133A 2.89 Array
HBEXP000473	HBIN028803	harmine	Ingredient	GSE113039	Homo sapiens		Kidney	Proximal tubular epithelial cell		Expression profiling by high throughput sequencing	mRNA	human cellline	Kidney; Proximal tubular epithelial cell	/	no treatment	GSM3094351; GSM3094352; GSM3094353	1uM Harmine for 24h	GSM3094360; GSM3094361; GSM3094362	treated	GPL18573:Illumina NextSeq 500 (Homo sapiens)
HBEXP000474	HBIN028803	harmine	Ingredient	GSE64247	Mus musculus	Foxp3GFP	Peripheral blood	CD4+ T cell		Expression profiling by array	Total RNA	mouse	Foxp3GFP; Peripheral blood; CD4+ T cell	purified from Foxp3GFP mice either by FACS	no treatment	GSM1567016; GSM1567017	harmine	GSM1567024; GSM1567025	treated	GPL6887:Illumina MouseWG-6 v2.0 expression beadchip
HBEXP000475	HBIN028803	harmine	Ingredient	GSE64247	Mus musculus	Foxp3GFP	Peripheral blood	CD4+ T cell		Expression profiling by array	Total RNA	mouse	Foxp3GFP; Peripheral blood; CD4+ T cell	purified from Foxp3GFP mice either by MACS	no treatment	GSM1567018; GSM1567019	harmine	GSM1567026; GSM1567027	treated	GPL6887:Illumina MouseWG-6 v2.0 expression beadchip
HBEXP000476	HBIN028803	harmine	Ingredient	GSE67960	Mus musculus	BALB/c	Spleen	CD4+ CD62L+ T cell		Expression profiling by high throughput sequencing	mRNA	mouse	BALB/c; Spleen; CD4+ CD62L+ T cell	/	control	GSM1659675; GSM1659678	harmine 3.7uM for 48h	GSM1659676; GSM1659679	treated	GPL16417:Illumina MiSeq (Mus musculus)
HBEXP000477	HBIN029001	hemin	Ingredient	GSE1036	Homo sapiens			Leukemia	K562	Expression profiling by array	Total RNA	human cellline	Leukemia; K562	/	control	GSM16523; GSM16524	50 micromolar hemin for 6h	GSM16525; GSM16526	treated	GPL96:[HG-U133A] Affymetrix Human Genome U133A Array
HBEXP000478	HBIN029001	hemin	Ingredient	GSE1036	Homo sapiens			Leukemia	K562	Expression profiling by array	Total RNA	human cellline	Leukemia; K562	/	control	GSM16523; GSM16524	50 micromolar hemin for 12h	GSM16527; GSM16528	treated	GPL96:[HG-U133A] Affymetrix Human Genome U133A Array
HBEXP000479	HBIN029001	hemin	Ingredient	GSE1036	Homo sapiens			Leukemia	K562	Expression profiling by array	Total RNA	human cellline	Leukemia; K562	/	control	GSM16523; GSM16524	50 micromolar hemin for 24h	GSM16529; GSM16531	treated	GPL96:[HG-U133A] Affymetrix Human Genome U133A Array
HBEXP000480	HBIN029001	hemin	Ingredient	GSE1036	Homo sapiens			Leukemia	K562	Expression profiling by array	Total RNA	human cellline	Leukemia; K562	/	control	GSM16523; GSM16524	50 micromolar hemin for 48h	GSM16532; GSM16533	treated	GPL96:[HG-U133A] Affymetrix Human Genome U133A Array
HBEXP000481	HBIN029001	hemin	Ingredient	GSE1036	Homo sapiens			Leukemia	K562	Expression profiling by array	Total RNA	human cellline	Leukemia; K562	/	control	GSM16523; GSM16524	50 micromolar hemin for 72h	GSM16535; GSM16536	treated	GPL96:[HG-U133A] Affymetrix Human Genome U133A Array
HBEXP000482	HBIN029001	hemin	Ingredient	GSE39548	Mus musculus	C57BL/6	Kidney			Expression profiling by array	Total RNA	mouse	C57BL/6; Kidney	/	DMSO	GSM971526; GSM971527; GSM971528; GSM971529	25 mg/kg hemin for 24h	GSM971542; GSM971543; GSM971544; GSM971545	treated	GPL7202:Agilent-014868 Whole Mouse Genome Microarray 4x44K G4122F (Probe Name version)
HBEXP000483	HBIN029001	hemin	Ingredient	GSE39548	Mus musculus	C57BL/6	Kidney			Expression profiling by array	Total RNA	mouse	C57BL/6; Kidney	Ischemia-reperfusion injury (IRI)	control	GSM971530; GSM971531; GSM971532; GSM971533	25 mg/kg hemin for 24h	GSM971534; GSM971535; GSM971536; GSM971537	treated	GPL7202:Agilent-014868 Whole Mouse Genome Microarray 4x44K G4122F (Probe Name version)
HBEXP000484	HBIN029196	Hesperidin	Ingredient	GSE85871	Homo sapiens			Breast cancer	MCF-7	Expression profiling by array	Total RNA	human cellline	Breast cancer; MCF-7	/	vehicle control (DMSO)	GSM2286248; GSM2286249; GSM2286316; GSM2286317; GSM2286398; GSM2286399	10uM Hesperidin for 12h	GSM2286196; GSM2286197	treated	GPL571:[HG-U133A_2] Affymetrix Human Genome U133A 2.4 Array
HBEXP000485	HBIN029531	Honokiol	Ingredient	GSE85871	Homo sapiens			Breast cancer	MCF-7	Expression profiling by array	Total RNA	human cellline	Breast cancer; MCF-7	/	vehicle control (DMSO)	GSM2286248; GSM2286249; GSM2286316; GSM2286317; GSM2286398; GSM2286399	10uM Honokiol for 12h	GSM2286348; GSM2286349	treated	GPL571:[HG-U133A_2] Affymetrix Human Genome U133A 2.78 Array
HBEXP000486	HBIN029685	hydroquinone	Ingredient	GSE126721	Homo sapiens		Neonatal foreskin	Keratinocyte		Expression profiling by array	Total RNA	human cellline	Neonatal foreskin; Keratinocyte	/	vehicle control	GSM3611815; GSM3611816	10 microM of hydroquinone for 24h	GSM3611813; GSM3611814	treated	GPL570:[HG-U133_Plus_2] Affymetrix Human Genome U133 Plus 2.0 Array
HBEXP000487	HBIN029756	Hydroxysafflor yellow A	Ingredient	GSE85871	Homo sapiens			Breast cancer	MCF-7	Expression profiling by array	Total RNA	human cellline	Breast cancer; MCF-7	/	vehicle control (DMSO)	GSM2286248; GSM2286249; GSM2286316; GSM2286317; GSM2286398; GSM2286399	10uM Hydroxysafflor yellow A for 12h	GSM2286190; GSM2286191	treated	GPL571:[HG-U133A_2] Affymetrix Human Genome U133A 2.1 Array
HBEXP000488	HBIN029771	hydroxytyrosol	Ingredient	GSE38833	Homo sapiens			Colon carcinoma	Caco-2	Expression profiling by array	Total RNA	human cellline	Colon carcinoma; Caco-2	/	no treatment	GSM950533; GSM950534; GSM950535	10uM of HTy afor 24 h	GSM950539; GSM950540; GSM950541	treated	GPL570:[HG-U133_Plus_2] Affymetrix Human Genome U133 Plus 2.0 Array
HBEXP000489	HBIN029816	Hypaconitine	Ingredient	GSE85871	Homo sapiens			Breast cancer	MCF-7	Expression profiling by array	Total RNA	human cellline	Breast cancer; MCF-7	/	vehicle control (DMSO)	GSM2286248; GSM2286249; GSM2286316; GSM2286317; GSM2286398; GSM2286399	10uM Hypaconitine for 12h	GSM2286368; GSM2286369	treated	GPL571:[HG-U133A_2] Affymetrix Human Genome U133A 2.88 Array
HBEXP000490	HBIN029837	Hyperoside	Ingredient	GSE85871	Homo sapiens			Breast cancer	MCF-7	Expression profiling by array	Total RNA	human cellline	Breast cancer; MCF-7	/	vehicle control (DMSO)	GSM2286248; GSM2286249; GSM2286316; GSM2286317; GSM2286398; GSM2286399	10uM Hyperoside for 12h	GSM2286194; GSM2286195	treated	GPL571:[HG-U133A_2] Affymetrix Human Genome U133A 2.3 Array
HBEXP000491	HBIN030053	Imperatorin	Ingredient	GSE85871	Homo sapiens			Breast cancer	MCF-7	Expression profiling by array	Total RNA	human cellline	Breast cancer; MCF-7	/	vehicle control (DMSO)	GSM2286248; GSM2286249; GSM2286316; GSM2286317; GSM2286398; GSM2286399	10uM Imperatorin for 12h	GSM2286242; GSM2286243	treated	GPL571:[HG-U133A_2] Affymetrix Human Genome U133A 2.27 Array
HBEXP000492	HBIN030188	inositol	Ingredient	GSE86422	Homo sapiens		Cytologically normal bronchial airway	Epithelial cell		Expression profiling by high throughput sequencing	Total RNA	human	Cytologically normal bronchial airway; Epithelial cell	/	placebo	GSM2302022; GSM2302026; GSM2302032; GSM2302034; GSM2302036; GSM2302042; GSM2302044; GSM2302048; GSM2302058; GSM2302060; GSM2302066; GSM2302068; GSM2302078; GSM2302080; GSM2302084; GSM2302086; GSM2302090; GSM2302094; GSM2302096; GSM2302100; GSM2302102; GSM2302106; GSM2302116; GSM2302120; GSM2302124; GSM2302126; GSM2302132; GSM2302134; GSM2302138; GSM2302140; GSM2302144; GSM2302146; GSM2302148; GSM2302152; GSM2302154	myo-inositol, 9 g once/day for two weeks and then twice/day for 6 months	GSM2302023; GSM2302027; GSM2302033; GSM2302035; GSM2302037; GSM2302043; GSM2302045; GSM2302049; GSM2302059; GSM2302061; GSM2302067; GSM2302069; GSM2302079; GSM2302081; GSM2302085; GSM2302087; GSM2302091; GSM2302095; GSM2302097; GSM2302101; GSM2302103; GSM2302107; GSM2302117; GSM2302121; GSM2302125; GSM2302127; GSM2302133; GSM2302135; GSM2302139; GSM2302141; GSM2302145; GSM2302147; GSM2302149; GSM2302153; GSM2302155	treated	GPL16791:Illumina HiSeq 2500 (Homo sapiens)
HBEXP000493	HBIN030386	Isoalantolactone	Ingredient	GSE85871	Homo sapiens			Breast cancer	MCF-7	Expression profiling by array	Total RNA	human cellline	Breast cancer; MCF-7	/	vehicle control (DMSO)	GSM2286248; GSM2286249; GSM2286316; GSM2286317; GSM2286398; GSM2286399	10uM Isoalantolactone for 12h	GSM2286296; GSM2286297	treated	GPL571:[HG-U133A_2] Affymetrix Human Genome U133A 2.53 Array
HBEXP000494	HBIN030496	Isoborneol	Ingredient	GSE85871	Homo sapiens			Breast cancer	MCF-7	Expression profiling by array	Total RNA	human cellline	Breast cancer; MCF-7	/	vehicle control (DMSO)	GSM2286248; GSM2286249; GSM2286316; GSM2286317; GSM2286398; GSM2286399	10uM Isoborneol for 12h	GSM2286266; GSM2286267	treated	GPL571:[HG-U133A_2] Affymetrix Human Genome U133A 2.38 Array
HBEXP000495	HBIN030767	Isoginkgetin	Ingredient	GSE72055	Homo sapiens			Cervical cancer	Hela-S3	Expression profiling by high throughput sequencing	mRNA	human cellline	Cervical cancer; Hela-S3	/	DMSO	GSM1853545; GSM1853551; GSM1853553	Isoginkgetin	GSM1853555; GSM1853556; GSM1853558	treated	GPL16791:Illumina HiSeq 2500 (Homo sapiens)
HBEXP000496	HBIN030767	Isoginkgetin	Ingredient	GSE86857	Homo sapiens			Cervical cancer	HeLa	Expression profiling by high throughput sequencing	mRNA	human cellline	Cervical cancer; HeLa	/	DMSO	GSM2309440; GSM2309441; GSM2309443; GSM2309445; GSM2309447	exp1_30uM for 18h	GSM2309439; GSM2309444; GSM2309446	treated	GPL11154:Illumina HiSeq 2000 (Homo sapiens);GPL18573:Illumina NextSeq 500 (Homo sapiens)
HBEXP000497	HBIN030767	Isoginkgetin	Ingredient	GSE86857	Homo sapiens			Cervical cancer	HeLa	Expression profiling by high throughput sequencing	mRNA	human cellline	Cervical cancer; HeLa	/	DMSO	GSM2309440; GSM2309441; GSM2309443; GSM2309445; GSM2309447	exp2_30uM for 6h	GSM2309456; GSM2309457; GSM2309458; GSM2309459	treated	GPL11154:Illumina HiSeq 2000 (Homo sapiens);GPL18573:Illumina NextSeq 500 (Homo sapiens)
HBEXP000498	HBIN030767	Isoginkgetin	Ingredient	GSE86857	Homo sapiens			Cervical cancer	HeLa	Expression profiling by high throughput sequencing	mRNA	human cellline	Cervical cancer; HeLa	/	DMSO	GSM2309440; GSM2309441; GSM2309443; GSM2309445; GSM2309447	exp4_30uM for 18h	GSM2309480; GSM2309481	treated	GPL11154:Illumina HiSeq 2000 (Homo sapiens);GPL18573:Illumina NextSeq 500 (Homo sapiens)
HBEXP000499	HBIN030767	Isoginkgetin	Ingredient	GSE86857	Homo sapiens			Cervical cancer	HeLa	Expression profiling by high throughput sequencing	mRNA	human cellline	Cervical cancer; HeLa	/	DMSO	GSM2309440; GSM2309441; GSM2309443; GSM2309445; GSM2309447	exp4_30uM for 6h	GSM2309482; GSM2309483	treated	GPL11154:Illumina HiSeq 2000 (Homo sapiens);GPL18573:Illumina NextSeq 500 (Homo sapiens)
HBEXP000500	HBIN030767	Isoginkgetin	Ingredient	GSE86857	Homo sapiens			Cervical cancer	HeLa	Expression profiling by high throughput sequencing	mRNA	human cellline	Cervical cancer; HeLa	/	DMSO	GSM2309440; GSM2309441; GSM2309443; GSM2309445; GSM2309447	exp5_100uM for 6h	GSM2309496; GSM2309497	treated	GPL11154:Illumina HiSeq 2000 (Homo sapiens);GPL18573:Illumina NextSeq 500 (Homo sapiens)
HBEXP000501	HBIN030767	Isoginkgetin	Ingredient	GSE86857	Homo sapiens			Cervical cancer	HeLa	Expression profiling by high throughput sequencing	mRNA	human cellline	Cervical cancer; HeLa	/	DMSO	GSM2309440; GSM2309441; GSM2309443; GSM2309445; GSM2309447	exp5_30uM for 6h	GSM2309498; GSM2309499	treated	GPL11154:Illumina HiSeq 2000 (Homo sapiens);GPL18573:Illumina NextSeq 500 (Homo sapiens)
HBEXP000502	HBIN031993	kainic acid	Ingredient	GSE111434	Mus musculus	C57BL/6	Primary neuron			Expression profiling by high throughput sequencing	mRNA	mouse C57Bl6	C57BL/6; Primary neuron	/	no treatment	GSM3030688; GSM3030689; GSM3030690	100uM in culture medium for 8h	GSM3030685; GSM3030686; GSM3030687	treated	GPL17021:Illumina HiSeq 2500 (Mus musculus)
HBEXP000503	HBIN031993	kainic acid	Ingredient	GSE60772	Mus musculus		Dentate gyrus			Expression profiling by array	Total RNA	mouse	Dentate gyrus	/	no treatment	GSM1488242; GSM1488243; GSM1488244; GSM1488245; GSM1488246; GSM1488247	35-50 mg/kg KA for 6h	GSM1488248; GSM1488249; GSM1488250; GSM1488251; GSM1488252	injection	GPL17543:Illumina MouseWG-6 v2.0 R2 expression beadchip
HBEXP000504	HBIN031993	kainic acid	Ingredient	GSE60772	Mus musculus		Dentate gyrus			Expression profiling by array	Total RNA	mouse	Dentate gyrus	Knockouts (KO = Srf f/f;CaMKCreERT2)	no treatment	GSM1488253; GSM1488254; GSM1488255; GSM1488256; GSM1488257; GSM1488258	35-50 mg/kg KA for 6h	GSM1488259; GSM1488260; GSM1488261; GSM1488262; GSM1488263	injection	GPL17543:Illumina MouseWG-6 v2.0 R2 expression beadchip
HBEXP000505	HBIN031993	kainic acid	Ingredient	GSE73878	Mus musculus	C57BL/6J	Hippocampus			Expression profiling by array	Total RNA	12 week old C57BL/6J mouse	C57BL/6J; Hippocampus	/	saline	GSM1904764; GSM1904798; GSM1904812; GSM1904831	IL_KA (1 nmol) for 7 days	GSM1904767; GSM1904774; GSM1904796; GSM1904799; GSM1904809; GSM1904828; GSM1904830; GSM1904840	injection	GPL6885:Illumina MouseRef-8 v2.0 expression beadchip
HBEXP000506	HBIN031993	kainic acid	Ingredient	GSE73878	Mus musculus	C57BL/6J	Hippocampus			Expression profiling by array	Total RNA	12 week old C57BL/6J mouse	C57BL/6J; Hippocampus	/	saline	GSM1904764; GSM1904798; GSM1904812; GSM1904831	IL_KA (1 nmol) for 28 days	GSM1904761; GSM1904770; GSM1904779; GSM1904783; GSM1904797; GSM1904802; GSM1904810; GSM1904813; GSM1904837	injection	GPL6885:Illumina MouseRef-8 v2.0 expression beadchip
HBEXP000507	HBIN031993	kainic acid	Ingredient	GSE73878	Mus musculus	C57BL/6J	Hippocampus			Expression profiling by array	Total RNA	12 week old C57BL/6J mouse	C57BL/6J; Hippocampus	/	saline	GSM1904764; GSM1904798; GSM1904812; GSM1904831	IL_KA (1 nmol) for 60 days	GSM1904762; GSM1904776; GSM1904794; GSM1904805; GSM1904807; GSM1904821; GSM1904832; GSM1904835; GSM1904836	injection	GPL6885:Illumina MouseRef-8 v2.0 expression beadchip
HBEXP000508	HBIN031993	kainic acid	Ingredient	GSE73878	Mus musculus	C57BL/6J	Hippocampus			Expression profiling by array	Total RNA	12 week old C57BL/6J mouse	C57BL/6J; Hippocampus	/	saline	GSM1904768; GSM1904771; GSM1904780; GSM1904825	CL_KA (1 nmol) for 7 days	GSM1904769; GSM1904777; GSM1904782; GSM1904791; GSM1904814; GSM1904815; GSM1904834; GSM1904838	injection	GPL6885:Illumina MouseRef-8 v2.0 expression beadchip
HBEXP000509	HBIN031993	kainic acid	Ingredient	GSE73878	Mus musculus	C57BL/6J	Hippocampus			Expression profiling by array	Total RNA	12 week old C57BL/6J mouse	C57BL/6J; Hippocampus	/	saline	GSM1904768; GSM1904771; GSM1904780; GSM1904825	CL_KA (1 nmol) for 28 days	GSM1904778; GSM1904781; GSM1904785; GSM1904790; GSM1904792; GSM1904804; GSM1904818; GSM1904827; GSM1904829	injection	GPL6885:Illumina MouseRef-8 v2.0 expression beadchip
HBEXP000510	HBIN031993	kainic acid	Ingredient	GSE73878	Mus musculus	C57BL/6J	Hippocampus			Expression profiling by array	Total RNA	12 week old C57BL/6J mouse	C57BL/6J; Hippocampus	/	saline	GSM1904768; GSM1904771; GSM1904780; GSM1904825	CL_KA (1 nmol) for 60 days	GSM1904773; GSM1904784; GSM1904801; GSM1904803; GSM1904806; GSM1904816; GSM1904822; GSM1904833; GSM1904839	injection	GPL6885:Illumina MouseRef-8 v2.0 expression beadchip
HBEXP000511	HBIN031993	kainic acid	Ingredient	GSE79129	Mus musculus	C57BL/6J	Dentate gyrus			Expression profiling by array	Total RNA	mouse C57/Black6J	C57BL/6J; Dentate gyrus	/	saline 	GSM2086317; GSM2086318; GSM2086319	low dose kainic acid for 72h	GSM2086320; GSM2086321; GSM2086322	injection	GPL6887:Illumina MouseWG-6 v2.0 expression beadchip
HBEXP000512	HBIN031993	kainic acid	Ingredient	GSE99577	Mus musculus	C57BL/6	Hippocampus			Expression profiling by high throughput sequencing	mRNA	mouse C57BL6	C57BL/6; Hippocampus	/	NACl	GSM2647626; GSM2647627; GSM2647628; GSM2647629; GSM2647630; GSM2647631; GSM2647632; GSM2647633; GSM2647634; GSM2647635; GSM2647636; GSM2647637	focal kainic acid (KA) injection for 6h	GSM2647638; GSM2647639; GSM2647640; GSM2647641; GSM2647642; GSM2647643; GSM2647644; GSM2647645; GSM2647646; GSM2647647; GSM2647648; GSM2647649	injection	GPL19057:Illumina NextSeq 500 (Mus musculus)
HBEXP000513	HBIN031993	kainic acid	Ingredient	GSE99577	Mus musculus	C57BL/6	Hippocampus			Expression profiling by high throughput sequencing	mRNA	mouse C57BL6	C57BL/6; Hippocampus	/	NACl	GSM2647626; GSM2647627; GSM2647628; GSM2647629; GSM2647630; GSM2647631; GSM2647632; GSM2647633; GSM2647634; GSM2647635; GSM2647636; GSM2647637	focal kainic acid (KA) injection for 2 days	GSM2647662; GSM2647663; GSM2647664; GSM2647665; GSM2647666; GSM2647667; GSM2647668; GSM2647669; GSM2647670; GSM2647671; GSM2647672; GSM2647673	injection	GPL19057:Illumina NextSeq 500 (Mus musculus)
HBEXP000514	HBIN031993	kainic acid	Ingredient	GSE99577	Mus musculus	C57BL/6	Hippocampus			Expression profiling by high throughput sequencing	mRNA	mouse C57BL6	C57BL/6; Hippocampus	/	NACl	GSM2647626; GSM2647627; GSM2647628; GSM2647629; GSM2647630; GSM2647631; GSM2647632; GSM2647633; GSM2647634; GSM2647635; GSM2647636; GSM2647637	focal kainic acid (KA) injection for 4 days	GSM2647686; GSM2647687; GSM2647688; GSM2647689; GSM2647690; GSM2647691; GSM2647692; GSM2647693; GSM2647694; GSM2647695; GSM2647696; GSM2647697	injection	GPL19057:Illumina NextSeq 500 (Mus musculus)
HBEXP000515	HBIN031993	kainic acid	Ingredient	GSE99577	Mus musculus	C57BL/6	Hippocampus			Expression profiling by high throughput sequencing	mRNA	mouse C57BL6	C57BL/6; Hippocampus	/	NACl	GSM2647626; GSM2647627; GSM2647628; GSM2647629; GSM2647630; GSM2647631; GSM2647632; GSM2647633; GSM2647634; GSM2647635; GSM2647636; GSM2647637	focal kainic acid (KA) injection for 1 day	GSM2647710; GSM2647711; GSM2647712; GSM2647713; GSM2647714; GSM2647715; GSM2647716; GSM2647717; GSM2647718; GSM2647719; GSM2647720; GSM2647721	injection	GPL19057:Illumina NextSeq 500 (Mus musculus)
HBEXP000516	HBIN031993	kainic acid	Ingredient	GSE99577	Mus musculus	C57BL/6	Hippocampus			Expression profiling by high throughput sequencing	mRNA	mouse C57BL6	C57BL/6; Hippocampus	/	NACl	GSM2647626; GSM2647627; GSM2647628; GSM2647629; GSM2647630; GSM2647631; GSM2647632; GSM2647633; GSM2647634; GSM2647635; GSM2647636; GSM2647637	focal kainic acid (KA) injection for 6 days	GSM2647734; GSM2647735; GSM2647736; GSM2647737; GSM2647738; GSM2647739; GSM2647740; GSM2647741; GSM2647742; GSM2647743; GSM2647744; GSM2647745	injection	GPL19057:Illumina NextSeq 500 (Mus musculus)
HBEXP000517	HBIN031993	kainic acid	Ingredient	GSE99577	Mus musculus	C57BL/6	Hippocampus			Expression profiling by high throughput sequencing	mRNA	mouse C57BL6	C57BL/6; Hippocampus	/	NACl	GSM2647626; GSM2647627; GSM2647628; GSM2647629; GSM2647630; GSM2647631; GSM2647632; GSM2647633; GSM2647634; GSM2647635; GSM2647636; GSM2647637	focal kainic acid (KA) injection for 12 days	GSM2647758; GSM2647759; GSM2647760; GSM2647761; GSM2647762; GSM2647763; GSM2647764; GSM2647765; GSM2647766; GSM2647767; GSM2647768; GSM2647769	injection	GPL19057:Illumina NextSeq 500 (Mus musculus)
HBEXP000518	HBIN032194	kinetin	Ingredient	GSE27915	Homo sapiens		Olfactory ecto	Mesenchymal stem cell		Expression profiling by array	Total RNA	human cellline	Olfactory ecto; Mesenchymal stem cell	in the presence of retinoic acid, forskolin and Sonic Hedgehog (rafnshh) for 7 days to induce neuroglial differentiation	no treatment	GSM689449; GSM689450; GSM689453; GSM689458	kinetin (100 mM for 48h)	GSM689445; GSM689451; GSM689454; GSM689456	treated	GPL4133:Agilent-014850 Whole Human Genome Microarray 4x44K G4112F (Feature Number version)
HBEXP000519	HBIN032453	kynurenine	Ingredient	GSE108158	Mus musculus		Inguinal	Adypocyte		Expression profiling by array	Total RNA	mouse cellline	Inguinal; Adypocyte	/	control	GSM2891389; GSM2891390; GSM2891391	50uM of kynurenic acid for 12h	GSM2891392; GSM2891393; GSM2891394	treated	GPL16570:[MoGene-2_0-st] Affymetrix Mouse Gene 2.0 ST Array [transcript (gene) version]
HBEXP000520	HBIN032673	l-arginine	Ingredient	GSE34874	Mus musculus	C57BL/6	Colon			Expression profiling by array	Total RNA	mouse C57BL/6	C57BL/6; Colon	/	control	GSM856807; GSM856808; GSM856809	1% L-arginine in the drinking water (10-day protocol)	GSM856810; GSM856811; GSM856812	exposed	GPL6246:[MoGene-1_0-st] Affymetrix Mouse Gene 1.0 ST Array [transcript (gene) version]
HBEXP000521	HBIN033093	licochalcone a	Ingredient	GSE137934	Homo sapiens			Fibrosarcoma	HT1080	Expression profiling by high throughput sequencing	mRNA	human cellline	Fibrosarcoma; HT1080	/	DMSO	GSM4094630; GSM4094631	Licochalcone A for 24h	GSM4094632; GSM4094633	treated	GPL16791:Illumina HiSeq 2500 (Homo sapiens)
HBEXP000522	HBIN033265	linalool	Ingredient	GSE45961	Homo sapiens			Hepatocellular carcinoma	HepG2	Expression profiling by array	Total RNA	human cellline	Hepatocellular carcinoma; HepG2	lipid-loaded	control	GSM1120370; GSM1120371; GSM1120372	1 mM linalool for 24 h	GSM1120376; GSM1120377	treated	GPL13287:Phalanx Human OneArray [Annotation HOA5 release 1.0]
HBEXP000523	HBIN033339	linolenic acid	Ingredient	GSE72924	Mus musculus	C57BL/6J	Liver			Expression profiling by array	Total RNA	mouse C57Bl6/J	C57BL/6J; Liver	/	control diet	GSM1874724; GSM1874725	ALA diet	GSM1874726; GSM1874727	feed	GPL6246:[MoGene-1_0-st] Affymetrix Mouse Gene 1.0 ST Array [transcript (gene) version]
HBEXP000524	HBIN033376	liquiritigenin	Ingredient	GSE93807	Homo sapiens			Ovarian cancer	ES2	Expression profiling by high throughput sequencing	mRNA	human cellline	Ovarian cancer; ES2	/	vehicle control	GSM2462751; GSM2462752	liquiritigenin for 24h	GSM2462753; GSM2462754	treated	GPL21290:Illumina HiSeq 3000 (Homo sapiens)
HBEXP000525	HBIN033383	Liquiritin	Ingredient	GSE85871	Homo sapiens			Breast cancer	MCF-7	Expression profiling by array	Total RNA	human cellline	Breast cancer; MCF-7	/	vehicle control (DMSO)	GSM2286248; GSM2286249; GSM2286316; GSM2286317; GSM2286398; GSM2286399	10uM Liquiritin for 12h	GSM2286356; GSM2286357	treated	GPL571:[HG-U133A_2] Affymetrix Human Genome U133A 2.82 Array
HBEXP000526	HBIN033455	Lobetyolin	Ingredient	GSE85871	Homo sapiens			Breast cancer	MCF-7	Expression profiling by array	Total RNA	human cellline	Breast cancer; MCF-7	/	vehicle control (DMSO)	GSM2286248; GSM2286249; GSM2286316; GSM2286317; GSM2286398; GSM2286399	10uM Lobetyolin for 12h	GSM2286218; GSM2286219	treated	GPL571:[HG-U133A_2] Affymetrix Human Genome U133A 2.15 Array
HBEXP000527	HBIN033803	luteolin	Ingredient	GSE111412	Mus musculus	C57BL/6J	Epididymal adipose			Expression profiling by array	Total RNA	mouse C56BL/6J	C57BL/6J; Epididymal adipose	/	high-fat diet	GSM3030366; GSM3030367; GSM3030368	0.005% (w/w) luteolin added high-fat diet for 16 weeks	GSM3030369; GSM3030370; GSM3030371	feed	GPL6887:Illumina MouseWG-6 v2.0 expression beadchip
HBEXP000528	HBIN033803	luteolin	Ingredient	GSE128097	Homo sapiens			Osteosarcoma	U2OS	Expression profiling by high throughput sequencing	mRNA	human cellline	Osteosarcoma; U2OS	/	DMSO	GSM3664874; GSM3664875	75uM luteolin for 24 h 	GSM3664878; GSM3664879	treated	GPL18573:Illumina NextSeq 500 (Homo sapiens)
HBEXP000529	HBIN033803	luteolin	Ingredient	GSE18740	Mus musculus			Microglial cell	BV-2	Expression profiling by array	Total RNA	mouse	Microglial cell; BV-2	/	no treatment	GSM465440; GSM465441; GSM465442	50uM Luteolin for 24h 	GSM465443; GSM465444; GSM465445	treated	GPL1261:[Mouse430_2] Affymetrix Mouse Genome 430 2.0 Array
HBEXP000530	HBIN033803	luteolin	Ingredient	GSE53180	Homo sapiens			Prostate cancer	PC-3	Expression profiling by array	Total RNA	human cellline	Prostate cancer; PC-3	/	DMSO	GSM1286085; GSM1286090	60uM luteolin (Lut) for 24h	GSM1286086; GSM1286091	treated	GPL4133:Agilent-014850 Whole Human Genome Microarray 4x44K G4112F (Feature Number version)
HBEXP000531	HBIN033803	luteolin	Ingredient	GSE54189	Mus musculus	C57BL/6J	Liver			Expression profiling by array	Total RNA	mouse  C56BL/6J	C57BL/6J; Liver	/	high-fat diet	GSM1309485; GSM1309486; GSM1309487	high-fat diet add 0.005% (w/w) luteolin (LU) for 16 weeks	GSM1309488; GSM1309489; GSM1309490	feed	GPL6887:Illumina MouseWG-6 v2.0 expression beadchip
HBEXP000532	HBIN033803	luteolin	Ingredient	GSE54189	Mus musculus	C57BL/6J	Adipose			Expression profiling by array	Total RNA	mouse  C56BL/6J	C57BL/6J; Adipose	/	high-fat diet	GSM1309494; GSM1309495; GSM1309496	high-fat diet add 0.005% (w/w) luteolin (LU) for 16 weeks	GSM1309497; GSM1309498; GSM1309499	feed	GPL6887:Illumina MouseWG-6 v2.0 expression beadchip
HBEXP000533	HBIN033803	luteolin	Ingredient	GSE75029	Homo sapiens			Tongue squamous cell carcinoma	Cal27	Expression profiling by array	Total RNA	human cellline	Tongue squamous cell carcinoma; Cal27	/	DMSO	GSM1941041; GSM1941042	10uM luteolin for 24h	GSM1941043; GSM1941044	treated	GPL16699:Agilent-039494 SurePrint G3 Human GE v2 8x60K Microarray 039381 (Feature Number version)
HBEXP000534	HBIN033803	luteolin	Ingredient	GSE75029	Homo sapiens			Tongue squamous cell carcinoma	Cal27	Expression profiling by array	Total RNA	human cellline	Tongue squamous cell carcinoma; Cal27	/	DMSO	GSM1941041; GSM1941042	25uM luteolin for 24h	GSM1941045; GSM1941046	treated	GPL16699:Agilent-039494 SurePrint G3 Human GE v2 8x60K Microarray 039381 (Feature Number version)
HBEXP000535	HBIN033972	lycopene	Ingredient	GSE27140	Homo sapiens		Prostate cancer			Expression profiling by array	Total RNA	human	Prostate cancer	/	before treatment	GSM670573; GSM670581; GSM670591; GSM670593; GSM670601; GSM670605; GSM670607; GSM670609; GSM670631; GSM670633; GSM670635; GSM670639; GSM670645; GSM670647; GSM670649; GSM670661; GSM670667; GSM670669; GSM670679; GSM670681; GSM670691; GSM670693; GSM670695; GSM670705; GSM670707; GSM670709; GSM670725; GSM670729; GSM670737	a 3-month intervention of lycopene	GSM670574; GSM670582; GSM670592; GSM670594; GSM670602; GSM670606; GSM670608; GSM670610; GSM670632; GSM670634; GSM670636; GSM670640; GSM670646; GSM670648; GSM670650; GSM670662; GSM670668; GSM670670; GSM670680; GSM670682; GSM670692; GSM670694; GSM670696; GSM670706; GSM670708; GSM670710; GSM670726; GSM670730; GSM670738	oral	GPL13136:UCSF/HAQQLAb_Human_40986
HBEXP000536	HBIN034250	Magnolol	Ingredient	GSE85871	Homo sapiens			Breast cancer	MCF-7	Expression profiling by array	Total RNA	human cellline	Breast cancer; MCF-7	/	vehicle control (DMSO)	GSM2286248; GSM2286249; GSM2286316; GSM2286317; GSM2286398; GSM2286399	10uM Magnolol for 12h	GSM2286346; GSM2286347	treated	GPL571:[HG-U133A_2] Affymetrix Human Genome U133A 2.77 Array
HBEXP000537	HBIN034420	mannitol	Ingredient	GSE58235	Homo sapiens			Hepatocellular carcinoma	HepG2	Expression profiling by array	Total RNA	human cellline	Hepatocellular carcinoma; HepG2	/	DMSO solvent control	GSM1404414; GSM1404419; GSM1404424	250uM for 4h	GSM1404474; GSM1404479; GSM1404484	exposed	GPL15798:Affymetrix HT HG-U133+ PM Array Plate [CDF: HTHGU133PlusPM_Hs_ENTREZG_v14];GPL18756:Affymetrix HG-U133_PLUS_2[CDF: HGU133Plus2_Hs_ENTREZG_14.1.0]
HBEXP000538	HBIN034420	mannitol	Ingredient	GSE58235	Homo sapiens			Hepatocellular carcinoma	HepG2	Expression profiling by array	Total RNA	human cellline	Hepatocellular carcinoma; HepG2	/	DMSO solvent control	GSM1404414; GSM1404419; GSM1404424	250uM for 8h	GSM1404475; GSM1404480; GSM1404485	exposed	GPL15798:Affymetrix HT HG-U133+ PM Array Plate [CDF: HTHGU133PlusPM_Hs_ENTREZG_v14];GPL18756:Affymetrix HG-U133_PLUS_2[CDF: HGU133Plus2_Hs_ENTREZG_14.1.0]
HBEXP000539	HBIN034420	mannitol	Ingredient	GSE58235	Homo sapiens			Hepatocellular carcinoma	HepG2	Expression profiling by array	Total RNA	human cellline	Hepatocellular carcinoma; HepG2	/	DMSO solvent control	GSM1404414; GSM1404419; GSM1404424	250uM for 24h	GSM1404476; GSM1404481; GSM1404486	exposed	GPL15798:Affymetrix HT HG-U133+ PM Array Plate [CDF: HTHGU133PlusPM_Hs_ENTREZG_v14];GPL18756:Affymetrix HG-U133_PLUS_2[CDF: HGU133Plus2_Hs_ENTREZG_14.1.0]
HBEXP000540	HBIN034420	mannitol	Ingredient	GSE58235	Homo sapiens			Hepatocellular carcinoma	HepG2	Expression profiling by array	Total RNA	human cellline	Hepatocellular carcinoma; HepG2	/	DMSO solvent control	GSM1404414; GSM1404419; GSM1404424	250uM for 72h	GSM1404478; GSM1404483; GSM1404488	exposed	GPL15798:Affymetrix HT HG-U133+ PM Array Plate [CDF: HTHGU133PlusPM_Hs_ENTREZG_v14];GPL18756:Affymetrix HG-U133_PLUS_2[CDF: HGU133Plus2_Hs_ENTREZG_14.1.0]
HBEXP000541	HBIN034421	mannose	Ingredient	GSE110333	Mus musculus	C57BL/6J	Epididymal adipose			Expression profiling by array	Total RNA	mouse C57BL6/J	C57BL/6J; Epididymal adipose	/	high-fat diet	GSM2987603; GSM2987604; GSM2987605	HFD and 2% mannose in drinking water	GSM2987606; GSM2987607; GSM2987608	feed	GPL6887:Illumina MouseWG-6 v2.0 expression beadchip
HBEXP000542	HBIN034527	Maslinic acid	Ingredient	GSE111096	Mus musculus	DBA/1J	Synovium			Expression profiling by array	Total RNA	mouse	DBA/1J; Synovium	/	corn oil	GSM3022145; GSM3022146; GSM3022147; GSM3022148; GSM3022149	200 mg/kg of body weight MA	GSM3022150; GSM3022151; GSM3022152; GSM3022153; GSM3022154	oral administration	GPL1261:[Mouse430_2] Affymetrix Mouse Genome 430 2.0 Array
HBEXP000543	HBIN034527	Maslinic acid	Ingredient	GSE39149	Homo sapiens			B lymphocyte	Raji	Expression profiling by array	Total RNA	human cellline	B lymphocyte; Raji	Phorbol ester and sodium butyrate induced	no treatment	GSM957039; GSM957040; GSM957041	19uM maslinic acid for 4h	GSM957042; GSM957043; GSM957044	treated	GPL6244:[HuGene-1_0-st] Affymetrix Human Gene 1.0 ST Array [transcript (gene) version]
HBEXP000544	HBIN034527	Maslinic acid	Ingredient	GSE39149	Homo sapiens			B lymphocyte	Raji	Expression profiling by array	Total RNA	human cellline	B lymphocyte; Raji	Phorbol ester and sodium butyrate induced	no treatment	GSM957039; GSM957040; GSM957041	19uM maslinic acid for 8h	GSM957045; GSM957046; GSM957047	treated	GPL6244:[HuGene-1_0-st] Affymetrix Human Gene 1.0 ST Array [transcript (gene) version]
HBEXP000545	HBIN034527	Maslinic acid	Ingredient	GSE39149	Homo sapiens			B lymphocyte	Raji	Expression profiling by array	Total RNA	human cellline	B lymphocyte; Raji	Phorbol ester and sodium butyrate induced	no treatment	GSM957039; GSM957040; GSM957041	19uM maslinic acid for 12h	GSM957048; GSM957049; GSM957050	treated	GPL6244:[HuGene-1_0-st] Affymetrix Human Gene 1.0 ST Array [transcript (gene) version]
HBEXP000546	HBIN034527	Maslinic acid	Ingredient	GSE39149	Homo sapiens			B lymphocyte	Raji	Expression profiling by array	Total RNA	human cellline	B lymphocyte; Raji	Phorbol ester and sodium butyrate induced	no treatment	GSM957039; GSM957040; GSM957041	19uM maslinic acid for 24h	GSM957051; GSM957052; GSM957053	treated	GPL6244:[HuGene-1_0-st] Affymetrix Human Gene 1.0 ST Array [transcript (gene) version]
HBEXP000547	HBIN034527	Maslinic acid	Ingredient	GSE39149	Homo sapiens			B lymphocyte	Raji	Expression profiling by array	Total RNA	human cellline	B lymphocyte; Raji	Phorbol ester and sodium butyrate induced	no treatment	GSM957039; GSM957040; GSM957041	19uM maslinic acid for 48h	GSM957054; GSM957055; GSM957056	treated	GPL6244:[HuGene-1_0-st] Affymetrix Human Gene 1.0 ST Array [transcript (gene) version]
HBEXP000548	HBIN034558	Matrine	Ingredient	GSE85871	Homo sapiens			Breast cancer	MCF-7	Expression profiling by array	Total RNA	human cellline	Breast cancer; MCF-7	/	vehicle control (DMSO)	GSM2286248; GSM2286249; GSM2286316; GSM2286317; GSM2286398; GSM2286399	10uM Matrine for 12h	GSM2286328; GSM2286329	treated	GPL571:[HG-U133A_2] Affymetrix Human Genome U133A 2.68 Array
HBEXP000549	HBIN034657	melatonin	Ingredient	GSE115569	Mus musculus	C57BL/6N	Myocardium			Expression profiling by array	Total RNA	mouse	C57BL/6N; Myocardium	/	control	GSM3182541; GSM3182542; GSM3182543; GSM3182544; GSM3182545; GSM3182546	4mg/L melatonin for 1 week	GSM3182547; GSM3182548; GSM3182549; GSM3182550; GSM3182551; GSM3182552	oral	GPL16570:[MoGene-2_0-st] Affymetrix Mouse Gene 2.0 ST Array [transcript (gene) version]
HBEXP000550	HBIN034657	melatonin	Ingredient	GSE125389	Mus musculus	B6D2F1	Preimplantation embryo			Expression profiling by high throughput sequencing	mRNA	mouse	B6D2F1; Preimplantation embryo	injected with Kdm4a	vehicle control	GSM3573258; GSM3573259; GSM3573260	10uM melatonin	GSM3573261; GSM3573262	treated	GPL16417:Illumina MiSeq (Mus musculus)
HBEXP000551	HBIN034657	melatonin	Ingredient	GSE132119	Homo sapiens			Gastric carcinoma	HGC-27	Expression profiling by array	Total RNA	human cellline	Gastric carcinoma; HGC-27	/	no treatment	GSM3845136; GSM3845137; GSM3845138	melatonin for 24h	GSM3845139; GSM3845140; GSM3845141	treated	GPL16043:GeneChip® PrimeView™ Human Gene Expression Array (with External spike-in RNAs)
HBEXP000552	HBIN034657	melatonin	Ingredient	GSE132119	Homo sapiens			Colorectal carcinoma	HCT8	Expression profiling by array	Total RNA	human cellline	Colorectal carcinoma; HCT8	/	no treatment	GSM3845142; GSM3845143; GSM3845144	melatonin for 24h	GSM3845145; GSM3845146; GSM3845147	treated	GPL16043:GeneChip® PrimeView™ Human Gene Expression Array (with External spike-in RNAs)
HBEXP000553	HBIN034657	melatonin	Ingredient	GSE132119	Homo sapiens			Hepatocellular carcinoma	HepG2	Expression profiling by array	Total RNA	human cellline	Hepatocellular carcinoma; HepG2	/	no treatment	GSM3845148; GSM3845149; GSM3845150	melatonin for 24h	GSM3845151; GSM3845152; GSM3845153	treated	GPL16043:GeneChip® PrimeView™ Human Gene Expression Array (with External spike-in RNAs)
HBEXP000554	HBIN034657	melatonin	Ingredient	GSE132119	Homo sapiens			Hepatoma	Huh7	Expression profiling by array	Total RNA	human cellline	Hepatoma; Huh7	/	no treatment	GSM3845154; GSM3845155; GSM3845156	melatonin for 24h	GSM3845157; GSM3845158; GSM3845159	treated	GPL16043:GeneChip® PrimeView™ Human Gene Expression Array (with External spike-in RNAs)
HBEXP000555	HBIN034657	melatonin	Ingredient	GSE92612	Homo sapiens			Glioblastoma stem like cell	X01	Expression profiling by array	Total RNA	human cellline	Glioblastoma stem like cell; X01	/	control	GSM2433491; GSM2433493	1mM melatonin for 24h	GSM2433492; GSM2433494	treated	GPL17077:Agilent-039494 SurePrint G3 Human GE v2 8x60K Microarray 039381 (Probe Name version)
HBEXP000556	HBIN034745	menthol	Ingredient	GSE28241	Homo sapiens			Prostate cancer	PC-3	Expression profiling by array	Total RNA	human cellline	Prostate cancer; PC-3	/	vehicle control	GSM699129; GSM699130; GSM699131	menthol was dissolved in ethanol as a vehicle at 0.1% 	GSM699132; GSM699133; GSM699134	treated	GPL6244:[HuGene-1_0-st] Affymetrix Human Gene 1.0 ST Array [transcript (gene) version]
HBEXP000557	HBIN034745	menthol	Ingredient	GSE98933	Mus musculus			Macrophage	RAW 264.7	Expression profiling by array	Total RNA	mouse	Macrophage; RAW 264.7	/	control	GSM2628031; GSM2628032	menthol for 1h	GSM2628035; GSM2628036	treated	GPL1261:[Mouse430_2] Affymetrix Mouse Genome 430 2.0 Array
HBEXP000558	HBIN034827	methionine	Ingredient	GSE11496	Mus musculus		Liver			Expression profiling by array	Total RNA	mouse	Liver	/	complete amino acids media	GSM289438; GSM289439	Unfractionated methionine media	GSM289440; GSM289441	treated	GPL1261:[Mouse430_2] Affymetrix Mouse Genome 430 2.0 Array
HBEXP000559	HBIN034827	methionine	Ingredient	GSE11496	Mus musculus		Liver			Expression profiling by array	Total RNA	mouse	Liver	/	complete amino acids media	GSM289438; GSM289439	polysome fractionlacking methionine media	GSM289448; GSM289449	treated	GPL1261:[Mouse430_2] Affymetrix Mouse Genome 430 2.0 Array
HBEXP000560	HBIN034827	methionine	Ingredient	GSE11496	Mus musculus		Liver			Expression profiling by array	Total RNA	mouse	Liver	Gcn2 knockout 	complete amino acids media	GSM289442; GSM289443	Unfractionated methionine media	GSM289444; GSM289445	treated	GPL1261:[Mouse430_2] Affymetrix Mouse Genome 430 2.0 Array
HBEXP000561	HBIN034827	methionine	Ingredient	GSE11496	Mus musculus		Liver			Expression profiling by array	Total RNA	mouse	Liver	Gcn2 knockout 	complete amino acids media	GSM289442; GSM289443	polysome fractionlacking methionine media	GSM289452; GSM289453	treated	GPL1261:[Mouse430_2] Affymetrix Mouse Genome 430 2.0 Array
HBEXP000562	HBIN034827	methionine	Ingredient	GSE117188	Mus musculus	C57BL/6N	Liver			Expression profiling by array	mRNA	mouse  C57BL/6J	C57BL/6N; Liver	/	control diet	GSM3273172; GSM3273173; GSM3273174	methione restriction	GSM3273175; GSM3273176; GSM3273177	feed	GPL6246:[MoGene-1_0-st] Affymetrix Mouse Gene 1.0 ST Array [transcript (gene) version]
HBEXP000563	HBIN034827	methionine	Ingredient	GSE117188	Mus musculus	C57BL/6N	Liver			Expression profiling by array	mRNA	mouse  C57BL/6J	C57BL/6N; Liver	Lmna G609G/G609G KI	control diet	GSM3273166; GSM3273167; GSM3273168	methione restriction	GSM3273169; GSM3273170; GSM3273171	feed	GPL6246:[MoGene-1_0-st] Affymetrix Mouse Gene 1.0 ST Array [transcript (gene) version]
HBEXP000564	HBIN034827	methionine	Ingredient	GSE72131	Homo sapiens			Colon cancer	HCT116	Expression profiling by high throughput sequencing	mRNA	human cellline	Colon cancer; HCT116	/	DMSO	GSM1855853; GSM1855854	methionine for 24h	GSM1855851; GSM1855852	treated	GPL16791:Illumina HiSeq 2500 (Homo sapiens)
HBEXP000565	HBIN034827	methionine	Ingredient	GSE77757	Mus musculus			Embryonic stem cell	ES	Expression profiling by array	Total RNA	mouse	Embryonic stem cell; ES	/	complete medium	GSM2058719; GSM2058720; GSM2058721	methioine restricted medium (6met) for 6h	GSM2058710; GSM2058711; GSM2058712	treated	GPL4134:Agilent-014868 Whole Mouse Genome Microarray 4x44K G4122F (Feature Number version)
HBEXP000566	HBIN034827	methionine	Ingredient	GSE77757	Mus musculus			Embryonic stem cell	ES	Expression profiling by array	Total RNA	mouse	Embryonic stem cell; ES	/	complete medium	GSM2058719; GSM2058720; GSM2058721	methioine restricted medium (6met) for 24h	GSM2058713; GSM2058714; GSM2058715	treated	GPL4134:Agilent-014868 Whole Mouse Genome Microarray 4x44K G4122F (Feature Number version)
HBEXP000567	HBIN034827	methionine	Ingredient	GSE77757	Mus musculus			Embryonic stem cell	ES	Expression profiling by array	Total RNA	mouse	Embryonic stem cell; ES	/	complete medium	GSM2058719; GSM2058720; GSM2058721	methioine restricted medium (6met) for 72h	GSM2058716; GSM2058717; GSM2058718	treated	GPL4134:Agilent-014868 Whole Mouse Genome Microarray 4x44K G4122F (Feature Number version)
HBEXP000568	HBIN034827	methionine	Ingredient	GSE77757	Mus musculus			Embryonic stem cell	ES	Expression profiling by array	Total RNA	mouse	Embryonic stem cell; ES	SIRT1 KO	complete medium	GSM2058701; GSM2058702; GSM2058703	methioine restricted medium (6met) for 6h	GSM2058692; GSM2058693; GSM2058694	treated	GPL4134:Agilent-014868 Whole Mouse Genome Microarray 4x44K G4122F (Feature Number version)
HBEXP000569	HBIN034827	methionine	Ingredient	GSE77757	Mus musculus			Embryonic stem cell	ES	Expression profiling by array	Total RNA	mouse	Embryonic stem cell; ES	SIRT1 KO	complete medium	GSM2058701; GSM2058702; GSM2058703	methioine restricted medium (6met) for 24h	GSM2058695; GSM2058696; GSM2058697	treated	GPL4134:Agilent-014868 Whole Mouse Genome Microarray 4x44K G4122F (Feature Number version)
HBEXP000570	HBIN034827	methionine	Ingredient	GSE77757	Mus musculus			Embryonic stem cell	ES	Expression profiling by array	Total RNA	mouse	Embryonic stem cell; ES	SIRT1 KO	complete medium	GSM2058701; GSM2058702; GSM2058703	methioine restricted medium (6met) for 72h	GSM2058698; GSM2058699; GSM2058700	treated	GPL4134:Agilent-014868 Whole Mouse Genome Microarray 4x44K G4122F (Feature Number version)
HBEXP000571	HBIN035101	methylazoxymethanol	Ingredient	GSE26600	Mus musculus	C57BL/6	Brain			Expression profiling by array	Total RNA	mouse	C57BL/6; Brain	/	vehicle control	GSM654777; GSM654778; GSM654779; GSM654823; GSM654824; GSM654825	MAM for 6h	GSM654788; GSM654789; GSM654790; GSM654835; GSM654836; GSM654837	exposed	GPL1261:[Mouse430_2] Affymetrix Mouse Genome 430 2.0 Array
HBEXP000572	HBIN035101	methylazoxymethanol	Ingredient	GSE26600	Mus musculus	C57BL/6	Brain			Expression profiling by array	Total RNA	mouse	C57BL/6; Brain	/	vehicle control	GSM654777; GSM654778; GSM654779; GSM654823; GSM654824; GSM654825	MAM for 24h	GSM654791; GSM654792; GSM654793; GSM654838; GSM654839; GSM654840	exposed	GPL1261:[Mouse430_2] Affymetrix Mouse Genome 430 2.0 Array
HBEXP000573	HBIN035101	methylazoxymethanol	Ingredient	GSE26600	Mus musculus	C57BL/6	Brain			Expression profiling by array	Total RNA	mouse	C57BL/6; Brain	/	vehicle control	GSM654777; GSM654778; GSM654779; GSM654823; GSM654824; GSM654825	MAM for 48h	GSM654794; GSM654795; GSM654796; GSM654841; GSM654842; GSM654843	exposed	GPL1261:[Mouse430_2] Affymetrix Mouse Genome 430 2.0 Array
HBEXP000574	HBIN035101	methylazoxymethanol	Ingredient	GSE26600	Mus musculus	C57BL/6	Brain			Expression profiling by array	Total RNA	mouse	C57BL/6; Brain	/	vehicle control	GSM654777; GSM654778; GSM654779; GSM654823; GSM654824; GSM654825	MAM for 168h	GSM654797; GSM654798; GSM654844; GSM654845; GSM654846	exposed	GPL1261:[Mouse430_2] Affymetrix Mouse Genome 430 2.0 Array
HBEXP000575	HBIN035101	methylazoxymethanol	Ingredient	GSE26600	Mus musculus	C57BL/6	Brain			Expression profiling by array	Total RNA	mouse	C57BL/6; Brain	Mgmt-/- mice	vehicle control	GSM654799; GSM654800; GSM654801; GSM654847; GSM654848; GSM654849	MAM for 6h	GSM654811; GSM654812; GSM654813; GSM654859; GSM654860; GSM654861	exposed	GPL1261:[Mouse430_2] Affymetrix Mouse Genome 430 2.0 Array
HBEXP000576	HBIN035101	methylazoxymethanol	Ingredient	GSE26600	Mus musculus	C57BL/6	Brain			Expression profiling by array	Total RNA	mouse	C57BL/6; Brain	Mgmt-/- mice	vehicle control	GSM654799; GSM654800; GSM654801; GSM654847; GSM654848; GSM654849	MAM for 24h	GSM654814; GSM654815; GSM654816; GSM654862; GSM654863; GSM654864	exposed	GPL1261:[Mouse430_2] Affymetrix Mouse Genome 430 2.0 Array
HBEXP000577	HBIN035101	methylazoxymethanol	Ingredient	GSE26600	Mus musculus	C57BL/6	Brain			Expression profiling by array	Total RNA	mouse	C57BL/6; Brain	Mgmt-/- mice	vehicle control	GSM654799; GSM654800; GSM654801; GSM654847; GSM654848; GSM654849	MAM for 48h	GSM654817; GSM654818; GSM654819; GSM654865; GSM654866; GSM654867	exposed	GPL1261:[Mouse430_2] Affymetrix Mouse Genome 430 2.0 Array
HBEXP000578	HBIN035101	methylazoxymethanol	Ingredient	GSE26600	Mus musculus	C57BL/6	Brain			Expression profiling by array	Total RNA	mouse	C57BL/6; Brain	Mgmt-/- mice	vehicle control	GSM654799; GSM654800; GSM654801; GSM654847; GSM654848; GSM654849	MAM for 168h	GSM654820; GSM654821; GSM654822; GSM654868; GSM654869; GSM654870	exposed	GPL1261:[Mouse430_2] Affymetrix Mouse Genome 430 2.0 Array
HBEXP000579	HBIN035246	methylglyoxal	Ingredient	GSE111123	Homo sapiens			Umbilical vein endothelial cell	HUVEC	Expression profiling by array	Total RNA	human cellline	Umbilical vein endothelial cell; HUVEC	/	DMSO	GSM3022512; GSM3022518; GSM3022524	400uM MGO for 24h	GSM3022513; GSM3022519; GSM3022525	treated	GPL21970:[HuGene-2_0-st] Affymetrix Human Gene 2.0 ST Array [CDF: hugene20st_Hs_ENTREZG.cdf, Brainarray version 20.0.0]
HBEXP000580	HBIN035246	methylglyoxal	Ingredient	GSE111123	Homo sapiens			Umbilical vein endothelial cell	HUVEC	Expression profiling by array	Total RNA	human cellline	Umbilical vein endothelial cell; HUVEC	/	DMSO	GSM3022512; GSM3022518; GSM3022524	800uM MGO for 24h	GSM3022514; GSM3022520; GSM3022526	treated	GPL21970:[HuGene-2_0-st] Affymetrix Human Gene 2.0 ST Array [CDF: hugene20st_Hs_ENTREZG.cdf, Brainarray version 20.0.0]
HBEXP000581	HBIN035246	methylglyoxal	Ingredient	GSE3837	Mus musculus			Alveolar macrophage	MH-S	Expression profiling by array	Total RNA	mouse	Alveolar macrophage; MH-S	/	no treatment	GSM87841; GSM87842; GSM87843	0.8 mM methylglyoxal for 30min	GSM87844; GSM87845; GSM87846	treated	GPL1261:[Mouse430_2] Affymetrix Mouse Genome 430 2.0 Array
HBEXP000582	HBIN035246	methylglyoxal	Ingredient	GSE3837	Mus musculus			Alveolar macrophage	MH-S	Expression profiling by array	Total RNA	mouse	Alveolar macrophage; MH-S	/	no treatment	GSM87841; GSM87842; GSM87843	0.8 mM methylglyoxal for 240min	GSM87847; GSM87848; GSM87849	treated	GPL1261:[Mouse430_2] Affymetrix Mouse Genome 430 2.0 Array
HBEXP000583	HBIN035246	methylglyoxal	Ingredient	GSE3837	Mus musculus			Alveolar macrophage	MH-S	Expression profiling by array	Total RNA	mouse	Alveolar macrophage; MH-S	/	no treatment	GSM87841; GSM87842; GSM87843	0.8 mM methylglyoxal for 480min	GSM87850; GSM87851; GSM87852	treated	GPL1261:[Mouse430_2] Affymetrix Mouse Genome 430 2.0 Array
HBEXP000584	HBIN035672	monocrotaline	Ingredient	GSE125537	Mus musculus	C57BL/6	Right ventricle			Expression profiling by array	Total RNA	mouse	C57BL/6; Right ventricle	/	saline (sham)	GSM3576735; GSM3576736; GSM3576737	600 mg/kg MCT dissolved in saline for 8 weeks	GSM3576738; GSM3576739; GSM3576740	subcutaneous injection	GPL11533:[MoGene-1_1-st] Affymetrix Mouse Gene 1.1 ST Array [transcript (gene) version]
HBEXP000585	HBIN035672	monocrotaline	Ingredient	GSE128358	Mus musculus	C57BL/6	Lung			Expression profiling by high throughput sequencing	Total RNA	mouse C57BL/6	C57BL/6; Lung	/	0.1 mL saline	GSM3672215; GSM3672216	0.1 mL MCT once a week for 5 weeks	GSM3672217; GSM3672218	intra-peritoneal injection	GPL17021:Illumina HiSeq 2500 (Mus musculus)
HBEXP000586	HBIN035767	morphine	Ingredient	GSE118918	Mus musculus	C57BL/6	Nucleus accumbens			Expression profiling by high throughput sequencing	mRNA	mouse C56BL/6	C57BL/6; Nucleus accumbens	/	saline	GSM3351254; GSM3351255; GSM3351256; GSM3351257	morphine sulfate 	GSM3351258; GSM3351259; GSM3351260; GSM3351261	injection 	GPL17021:Illumina HiSeq 2500 (Mus musculus)
HBEXP000587	HBIN035767	morphine	Ingredient	GSE118918	Mus musculus	C57BL/6	Brain			Expression profiling by high throughput sequencing	mRNA	mouse C56BL/6 Male	C57BL/6; Brain	/	saline	GSM3351262; GSM3351263; GSM3351264	morphine sulfate 	GSM3351265; GSM3351266; GSM3351267	injection 	GPL17021:Illumina HiSeq 2500 (Mus musculus)
HBEXP000588	HBIN035767	morphine	Ingredient	GSE141066	Mus musculus	CFW	Brainstem			Expression profiling by high throughput sequencing	mRNA	mouse CFW Female	CFW; Brainstem	/	Saline	GSM4194437; GSM4194438; GSM4194439; GSM4194440; GSM4194441; GSM4194442	morphine sulfate (15 mg/kg, s.c.) twice daily on postnatal day (P)1 through P14	GSM4194443; GSM4194444; GSM4194445; GSM4194446; GSM4194447; GSM4194448	injection	GPL24247:Illumina NovaSeq 6000 (Mus musculus)
HBEXP000589	HBIN035767	morphine	Ingredient	GSE7762	Mus musculus	129P3/J	Striatum			Expression profiling by array	Total RNA	mouse 129P3/J	129P3/J; Striatum	/	saline	GSM187965; GSM187966; GSM187967	129P3/J ACU	GSM187968; GSM187969; GSM187970	injection	GPL1261:[Mouse430_2] Affymetrix Mouse Genome 430 2.0 Array
HBEXP000590	HBIN035767	morphine	Ingredient	GSE7762	Mus musculus	129P3/J	Striatum			Expression profiling by array	Total RNA	mouse 129P3/J	129P3/J; Striatum	/	saline	GSM187965; GSM187966; GSM187967	129P3/J CHR	GSM187971; GSM187972; GSM187973	injection	GPL1261:[Mouse430_2] Affymetrix Mouse Genome 430 2.0 Array
HBEXP000591	HBIN035767	morphine	Ingredient	GSE7762	Mus musculus	C57BL/6J	Striatum			Expression profiling by array	Total RNA	mouse C57BL/6J	C57BL/6J; Striatum	/	saline	GSM187974; GSM187975; GSM187976	C57BL/6J ACU	GSM187977; GSM187978; GSM187979	injection	GPL1261:[Mouse430_2] Affymetrix Mouse Genome 430 2.0 Array
HBEXP000592	HBIN035767	morphine	Ingredient	GSE7762	Mus musculus	C57BL/6J	Striatum			Expression profiling by array	Total RNA	mouse C57BL/6J	C57BL/6J; Striatum	/	saline	GSM187974; GSM187975; GSM187976	C57BL/6J CHR	GSM187980; GSM187981; GSM187982	injection	GPL1261:[Mouse430_2] Affymetrix Mouse Genome 430 2.0 Array
HBEXP000593	HBIN035767	morphine	Ingredient	GSE7762	Mus musculus	DBA/2J	Striatum			Expression profiling by array	Total RNA	mouse DBA/2J 	DBA/2J; Striatum	/	saline	GSM187983; GSM187984; GSM187985	DBA/2J ACU	GSM187986; GSM187987; GSM187988	injection	GPL1261:[Mouse430_2] Affymetrix Mouse Genome 430 2.0 Array
HBEXP000594	HBIN035767	morphine	Ingredient	GSE7762	Mus musculus	DBA/2J	Striatum			Expression profiling by array	Total RNA	mouse DBA/2J 	DBA/2J; Striatum	/	saline	GSM187983; GSM187984; GSM187985	DBA/2J CHR	GSM187989; GSM187990; GSM187991	injection	GPL1261:[Mouse430_2] Affymetrix Mouse Genome 430 2.0 Array
HBEXP000595	HBIN035767	morphine	Ingredient	GSE7762	Mus musculus	SWR/J	Striatum			Expression profiling by array	Total RNA	mouse SWR/J	SWR/J; Striatum	/	saline	GSM187992; GSM187993; GSM187994	SWR/J ACU	GSM187995; GSM187996; GSM187997	injection	GPL1261:[Mouse430_2] Affymetrix Mouse Genome 430 2.0 Array
HBEXP000596	HBIN035767	morphine	Ingredient	GSE7762	Mus musculus	SWR/J	Striatum			Expression profiling by array	Total RNA	mouse SWR/J	SWR/J; Striatum	/	saline	GSM187992; GSM187993; GSM187994	SWR/J CHR	GSM187998; GSM187999; GSM188000	injection	GPL1261:[Mouse430_2] Affymetrix Mouse Genome 430 2.0 Array
HBEXP000597	HBIN035767	morphine	Ingredient	GSE78280	Mus musculus	C57BL/6J	Striatum			Expression profiling by array	mRNA	mouse C57Bl/6J	C57BL/6J; Striatum	chronically drinking saccharin	saline	GSM2071142; GSM2071148; GSM2071153; GSM2071158; GSM2071162	morphine 	GSM2071143; GSM2071144; GSM2071149; GSM2071159; GSM2071163	injection	GPL6887:Illumina MouseWG-6 v2.0 expression beadchip
HBEXP000598	HBIN035767	morphine	Ingredient	GSE78280	Mus musculus	C57BL/6J	Striatum			Expression profiling by array	mRNA	mouse C57Bl/6J	C57BL/6J; Striatum	chronically drinking morphine	saline	GSM2071140; GSM2071145; GSM2071150; GSM2071155; GSM2071156; GSM2071160	morphine 	GSM2071141; GSM2071146; GSM2071151; GSM2071152; GSM2071157; GSM2071161	injection	GPL6887:Illumina MouseWG-6 v2.0 expression beadchip
HBEXP000599	HBIN036017	Muscone	Ingredient	GSE85871	Homo sapiens			Breast cancer	MCF-7	Expression profiling by array	Total RNA	human cellline	Breast cancer; MCF-7	/	vehicle control (DMSO)	GSM2286248; GSM2286249; GSM2286316; GSM2286317; GSM2286398; GSM2286399	10uM Muscone for 12h	GSM2286264; GSM2286265	treated	GPL571:[HG-U133A_2] Affymetrix Human Genome U133A 2.37 Array
HBEXP000600	HBIN036344	Narciclasine	Ingredient	GSE85871	Homo sapiens			Breast cancer	MCF-7	Expression profiling by array	Total RNA	human cellline	Breast cancer; MCF-7	/	vehicle control (DMSO)	GSM2286248; GSM2286249; GSM2286316; GSM2286317; GSM2286398; GSM2286399	10uM Narciclasine for 12h	GSM2286386; GSM2286387	treated	GPL571:[HG-U133A_2] Affymetrix Human Genome U133A 2.97 Array
HBEXP000601	HBIN036904	nicotinamide	Ingredient	GSE16919	Homo sapiens			Embryonic stem cell	ESC	Expression profiling by array	Total RNA	human cellline	Embryonic stem cell; ESC	/	control	GSM424314; GSM424315; GSM424316	cultured as free-floating clusters in the presence of 10% FCS for 4 weeks in the presence of nicotinamide.	GSM424317; GSM424318; GSM424319	cultured	GPL571:[HG-U133A_2] Affymetrix Human Genome U133A 2.0 Array
HBEXP000602	HBIN036904	nicotinamide	Ingredient	GSE21636	Mus musculus		Bladder			Expression profiling by array	Total RNA	human cellline	Bladder	/	control	GSM539927; GSM539928; GSM539929; GSM539930; GSM539931	nicotinamide-treated bladders	GSM539937; GSM539938; GSM539939; GSM539940; GSM539941	treated	GPL6099:Illumina mouse-6 v1.0 expression beadchip
HBEXP000603	HBIN036904	nicotinamide	Ingredient	GSE4974	Homo sapiens		Peripheral blood	CD34-positive hematopoietic stem and progenitor cell		Expression profiling by array	Total RNA	human cellline	Peripheral blood; CD34-positive hematopoietic stem and progenitor cell	/	control	GSM112273; GSM112274	MK09 taken on day 5, before nicotinamide addition, and on days 6 from nicotinamide	GSM112279; GSM112280	treated	GPL887:Agilent-012097 Human 1A Microarray (V2) G4110B (Feature Number version)
HBEXP000604	HBIN036904	nicotinamide	Ingredient	GSE4974	Homo sapiens		Peripheral blood	CD34-positive hematopoietic stem and progenitor cell		Expression profiling by array	Total RNA	human cellline	Peripheral blood; CD34-positive hematopoietic stem and progenitor cell	/	control	GSM112273; GSM112274	MK09 taken on day 5, before nicotinamide addition, and on days 8 from nicotinamide	GSM112281; GSM112282	treated	GPL887:Agilent-012097 Human 1A Microarray (V2) G4110B (Feature Number version)
HBEXP000605	HBIN036904	nicotinamide	Ingredient	GSE4974	Homo sapiens		Peripheral blood	CD34-positive hematopoietic stem and progenitor cell		Expression profiling by array	Total RNA	human cellline	Peripheral blood; CD34-positive hematopoietic stem and progenitor cell	/	control	GSM112273; GSM112274	MK09 taken on day 5, before nicotinamide addition, and on days 10 from nicotinamide	GSM112283; GSM112284	treated	GPL887:Agilent-012097 Human 1A Microarray (V2) G4110B (Feature Number version)
HBEXP000606	HBIN036904	nicotinamide	Ingredient	GSE4974	Homo sapiens		Peripheral blood	CD34-positive hematopoietic stem and progenitor cell		Expression profiling by array	Total RNA	human cellline	Peripheral blood; CD34-positive hematopoietic stem and progenitor cell	/	control	GSM112287; GSM112288	MK11 taken on day 5, before nicotinamide addition, and on days 6 from nicotinamide	GSM112293; GSM112294	treated	GPL887:Agilent-012097 Human 1A Microarray (V2) G4110B (Feature Number version)
HBEXP000607	HBIN036904	nicotinamide	Ingredient	GSE4974	Homo sapiens		Peripheral blood	CD34-positive hematopoietic stem and progenitor cell		Expression profiling by array	Total RNA	human cellline	Peripheral blood; CD34-positive hematopoietic stem and progenitor cell	/	control	GSM112287; GSM112288	MK11 taken on day 5, before nicotinamide addition, and on days 8 from nicotinamide	GSM112295; GSM112296	treated	GPL887:Agilent-012097 Human 1A Microarray (V2) G4110B (Feature Number version)
HBEXP000608	HBIN036904	nicotinamide	Ingredient	GSE4974	Homo sapiens		Peripheral blood	CD34-positive hematopoietic stem and progenitor cell		Expression profiling by array	Total RNA	human cellline	Peripheral blood; CD34-positive hematopoietic stem and progenitor cell	/	control	GSM112287; GSM112288	MK11 taken on day 5, before nicotinamide addition, and on days 10 from nicotinamide	GSM112297; GSM112298	treated	GPL887:Agilent-012097 Human 1A Microarray (V2) G4110B (Feature Number version)
HBEXP000609	HBIN036904	nicotinamide	Ingredient	GSE76923	Homo sapiens			hiPSC derived retinal pigment epithelium	RPE	Expression profiling by array	Total RNA	human cellline	hiPSC derived retinal pigment epithelium; RPE	/	vehicle	GSM2040778; GSM2040780; GSM2040782	treated with 10mM Nicotinamide	GSM2040779; GSM2040781; GSM2040783	treated	GPL16686:[HuGene-2_0-st] Affymetrix Human Gene 2.0 ST Array [transcript (gene) version]
HBEXP000610	HBIN036904	nicotinamide	Ingredient	GSE9707	Homo sapiens			Embryo kidney cell	HEK293	Expression profiling by array	Total RNA	human cellline	Embryo kidney cell; HEK293	/	control	GSM245319; GSM245327; GSM245332	treated with isonicotinamide (INAM) at five different concentrations i.e.5 mM	GSM245300; GSM245307; GSM245311	treated	GPL570:[HG-U133_Plus_2] Affymetrix Human Genome U133 Plus 2.0 Array
HBEXP000611	HBIN036904	nicotinamide	Ingredient	GSE9707	Homo sapiens			Embryo kidney cell	HEK293	Expression profiling by array	Total RNA	human cellline	Embryo kidney cell; HEK293	/	control	GSM245319; GSM245327; GSM245332	treated with isonicotinamide (INAM) at five different concentrations i.e. 10 mM	GSM245336; GSM245337; GSM245338	treated	GPL570:[HG-U133_Plus_2] Affymetrix Human Genome U133 Plus 2.0 Array
HBEXP000612	HBIN036905	nicotine	Ingredient	GSE11142	Homo sapiens			T cell	CEM	Expression profiling by array	Total RNA	human cellline	T cell; CEM	/	control	GSM281202; GSM281203; GSM281204	treated with an effective dose of nicotine for one hour or one day 	GSM281205; GSM281206; GSM281207	treated	GPL570:[HG-U133_Plus_2] Affymetrix Human Genome U133 Plus 2.0 Array
HBEXP000613	HBIN036905	nicotine	Ingredient	GSE11208	Homo sapiens		Peripheral ganglion			Expression profiling by array	Total RNA	human cellline	Peripheral ganglion	/	control	GSM282582; GSM282583	nicotinic acetylcholine receptors (nAChR) 1h	GSM282584; GSM282585; GSM282586	exposed	GPL570:[HG-U133_Plus_2] Affymetrix Human Genome U133 Plus 2.0 Array
HBEXP000614	HBIN036905	nicotine	Ingredient	GSE11208	Homo sapiens		Peripheral ganglion			Expression profiling by array	Total RNA	human cellline	Peripheral ganglion	/	control	GSM282582; GSM282583	nicotinic acetylcholine receptors (nAChR) 24h	GSM282590; GSM282591; GSM282592	exposed	GPL570:[HG-U133_Plus_2] Affymetrix Human Genome U133 Plus 2.0 Array
HBEXP000615	HBIN036905	nicotine	Ingredient	GSE143854	Mus musculus		Medial habenula			Expression profiling by high throughput sequencing	mRNA	mouse	Medial habenula	/	control	GSM4275429; GSM4275431; GSM4275432; GSM4275434; GSM4275435; GSM4275436; GSM4275437	GPR151	GSM4275430; GSM4275433; GSM4275438; GSM4275439; GSM4275440; GSM4275441	treated	GPL17021:Illumina HiSeq 2500 (Mus musculus)
HBEXP000616	HBIN036905	nicotine	Ingredient	GSE31004	Mus musculus	BALB/c	Newborn palate			Expression profiling by array	Total RNA	mouse	BALB/c; Newborn palate	/	sterile physiological saline 	GSM768225; GSM768226	nicotine 1.5 mg/kg/day -treated newborn pups	GSM768227; GSM768228	treated	GPL1261:[Mouse430_2] Affymetrix Mouse Genome 430 2.0 Array
HBEXP000617	HBIN036905	nicotine	Ingredient	GSE31004	Mus musculus	BALB/c	Newborn palate			Expression profiling by array	Total RNA	mouse	BALB/c; Newborn palate	/	sterile physiological saline 	GSM768225; GSM768226	nicotine 3.0 mg/kg/day -treated newborn pups	GSM768229; GSM768230	treated	GPL1261:[Mouse430_2] Affymetrix Mouse Genome 430 2.0 Array
HBEXP000618	HBIN036905	nicotine	Ingredient	GSE31004	Mus musculus	BALB/c	Newborn palate			Expression profiling by array	Total RNA	mouse	BALB/c; Newborn palate	/	sterile physiological saline 	GSM768225; GSM768226	nicotine 4.5 mg/kg/day-treated newborn pups	GSM768231; GSM768232	treated	GPL1261:[Mouse430_2] Affymetrix Mouse Genome 430 2.0 Array
HBEXP000619	HBIN036905	nicotine	Ingredient	GSE42172	Homo sapiens			Lung large cell carcinoma	NCI-H460	Expression profiling by array	Total RNA	human cellline	Lung large cell carcinoma; NCI-H460	/	control	GSM1034057; GSM1034058; GSM1034059	treatment in triplicate and harvested for RNA extraction after 2h 	GSM1034060; GSM1034061; GSM1034062	treated	GPL6244:[HuGene-1_0-st] Affymetrix Human Gene 1.0 ST Array [transcript (gene) version]
HBEXP000620	HBIN036905	nicotine	Ingredient	GSE42172	Homo sapiens			Lung large cell carcinoma	NCI-H460	Expression profiling by array	Total RNA	human cellline	Lung large cell carcinoma; NCI-H460	/	control	GSM1034057; GSM1034058; GSM1034059	treatment in triplicate and harvested for RNA extraction after 24h	GSM1034087; GSM1034088; GSM1034089	treated	GPL6244:[HuGene-1_0-st] Affymetrix Human Gene 1.0 ST Array [transcript (gene) version]
HBEXP000621	HBIN036905	nicotine	Ingredient	GSE49684	Mus musculus	C57BL/6	Fetus			Expression profiling by array	Total RNA	human cellline	C57BL/6; Fetus	/	control	GSM1204882; GSM1204883; GSM1204884; GSM1204885; GSM1204886; GSM1204887	performed for treatment groups	GSM1204888; GSM1204889; GSM1204890; GSM1204891; GSM1204892; GSM1204893	treated	GPL17548:300033 CodeLink™ Mouse Whole Genome Bioarray
HBEXP000622	HBIN036905	nicotine	Ingredient	GSE57634	Homo sapiens		Oral	Keratinocyte		Expression profiling by array	Total RNA	human cellline	Oral; Keratinocyte	/	EtOH 	GSM1385756; GSM1385757	EtOH (0 mM) and cotreated with various dose of nicotine 0.5uM for 24h	GSM1385758; GSM1385759	treated	GPL570:[HG-U133_Plus_2] Affymetrix Human Genome U133 Plus 2.0 Array
HBEXP000623	HBIN036905	nicotine	Ingredient	GSE57634	Homo sapiens		Oral	Keratinocyte		Expression profiling by array	Total RNA	human cellline	Oral; Keratinocyte	/	EtOH 	GSM1385756; GSM1385757	EtOH (0 mM) and cotreated with various dose of nicotine 1uM for 24h.	GSM1385760; GSM1385761	treated	GPL570:[HG-U133_Plus_2] Affymetrix Human Genome U133 Plus 2.0 Array
HBEXP000624	HBIN036905	nicotine	Ingredient	GSE57634	Homo sapiens		Oral	Keratinocyte		Expression profiling by array	Total RNA	human cellline	Oral; Keratinocyte	/	EtOH 	GSM1385762; GSM1385763	EtOH (20 mM) and cotreated with various dose of nicotine 0.5uM for 24h	GSM1385764; GSM1385765	treated	GPL570:[HG-U133_Plus_2] Affymetrix Human Genome U133 Plus 2.0 Array
HBEXP000625	HBIN036905	nicotine	Ingredient	GSE57634	Homo sapiens		Oral	Keratinocyte		Expression profiling by array	Total RNA	human cellline	Oral; Keratinocyte	/	EtOH 	GSM1385762; GSM1385763	EtOH (20 mM) and cotreated with various dose of nicotine  1uM for 24h	GSM1385766; GSM1385767	treated	GPL570:[HG-U133_Plus_2] Affymetrix Human Genome U133 Plus 2.0 Array
HBEXP000626	HBIN036905	nicotine	Ingredient	GSE57634	Homo sapiens		Oral	Keratinocyte		Expression profiling by array	Total RNA	human cellline	Oral; Keratinocyte	/	EtOH 	GSM1385768; GSM1385769	EtOH (50 mM) and cotreated with various dose of nicotine 0.5uM for 24h	GSM1385770; GSM1385771	treated	GPL570:[HG-U133_Plus_2] Affymetrix Human Genome U133 Plus 2.0 Array
HBEXP000627	HBIN036905	nicotine	Ingredient	GSE57634	Homo sapiens		Oral	Keratinocyte		Expression profiling by array	Total RNA	human cellline	Oral; Keratinocyte	/	EtOH 	GSM1385768; GSM1385769	EtOH (50 mM) and cotreated with various dose of nicotine  1uM for 24h	GSM1385772; GSM1385773	treated	GPL570:[HG-U133_Plus_2] Affymetrix Human Genome U133 Plus 2.0 Array
HBEXP000628	HBIN036905	nicotine	Ingredient	GSE6388	Mus musculus	C57BL/6N	Neocortex			Expression profiling by array	Total RNA	mouse	C57BL/6N; Neocortex	/	saline	GSM147396; GSM147397; GSM147398; GSM147399; GSM147400; GSM147401	Nicotine-neocortex, biological	GSM147407; GSM147408; GSM147409; GSM147410; GSM147411; GSM147412	injection	GPL81:[MG_U74Av2] Affymetrix Murine Genome U74A Version 2 Array
HBEXP000629	HBIN036905	nicotine	Ingredient	GSE6388	Mus musculus	C57BL/6N	Neocortex			Expression profiling by array	Total RNA	mouse	C57BL/6N; Neocortex	/	saline	GSM147396; GSM147397; GSM147398; GSM147399; GSM147400; GSM147401	Nicotine-hippocampus, biologica	GSM147424; GSM147425; GSM147426; GSM147427; GSM147428; GSM147429	injection	GPL81:[MG_U74Av2] Affymetrix Murine Genome U74A Version 2 Array
HBEXP000630	HBIN036905	nicotine	Ingredient	GSE6614	Mus musculus	C57BL/6J	Brain			Expression profiling by array	Total RNA	mouse	C57BL/6J; Brain	/	control	GSM153512; GSM153526; GSM153527	B4 422 wild-type after nicotine-induced seizures	GSM153535; GSM153536; GSM153572; GSM153573; GSM153574; GSM153575	intra-peritoneal injection	GPL81:[MG_U74Av2] Affymetrix Murine Genome U74A Version 2 Array
HBEXP000631	HBIN036905	nicotine	Ingredient	GSE6614	Mus musculus	C57BL/6J	Brain			Expression profiling by array	Total RNA	mouse	C57BL/6J; Brain	/	control	GSM153512; GSM153526; GSM153527	LT 407 +/T after nicotine-induced seizures	GSM153562; GSM153563; GSM153564; GSM153565; GSM153566	intra-peritoneal injection	GPL81:[MG_U74Av2] Affymetrix Murine Genome U74A Version 2 Array
HBEXP000632	HBIN036905	nicotine	Ingredient	GSE80787	Mus musculus		Cerebral cortex			Expression profiling by array	Total RNA	mouse	Cerebral cortex	/	saccharin 	GSM2137070; GSM2137071	administered saccharin or nicotine from conception through weaning at postnatal day 21 (pre- & postnatal period)	GSM2137068; GSM2137069	administered	GPL1261:[Mouse430_2] Affymetrix Mouse Genome 430 2.0 Array
HBEXP000633	HBIN036905	nicotine	Ingredient	GSE82137	Homo sapiens			Bronchial epithelial cell	HBEC	Expression profiling by array	Total RNA	human cellline	Bronchial epithelial cell; HBEC	/	control	GSM2184159; GSM2184160; GSM2184161	Blu e-cig, tobacco flavor, with nicotine	GSM2184162; GSM2184163; GSM2184164	exposed	GPL17556:[HuGene-1_0-st] Affymetrix Human Gene 1.0 ST Array [HuGene10stv1_Hs_ENTREZG_17.0.0]
HBEXP000634	HBIN036905	nicotine	Ingredient	GSE82137	Homo sapiens			Bronchial epithelial cell	HBEC	Expression profiling by array	Total RNA	human cellline	Bronchial epithelial cell; HBEC	/	control	GSM2184159; GSM2184160; GSM2184161	Blu e-cig, menthol flavor, with nicotine	GSM2184168; GSM2184169; GSM2184170	exposed	GPL17556:[HuGene-1_0-st] Affymetrix Human Gene 1.0 ST Array [HuGene10stv1_Hs_ENTREZG_17.0.0]
HBEXP000635	HBIN036905	nicotine	Ingredient	GSE89899	Mus musculus	FVB	Cortex			Expression profiling by high throughput sequencing	mRNA	mouse	FVB; Cortex	/	control	GSM2392785; GSM2392786; GSM2392787	Sst-neurons in the presence of nicotine	GSM2392788; GSM2392789; GSM2392790	treated	GPL13112:Illumina HiSeq 2000 (Mus musculus)
HBEXP000636	HBIN036905	nicotine	Ingredient	GSE89899	Mus musculus	FVB	Cortex			Expression profiling by high throughput sequencing	mRNA	mouse	FVB; Cortex	/	control	GSM2392785; GSM2392786; GSM2392787	Thy1-neurons in the presence of nicotine	GSM2392794; GSM2392795; GSM2392796	treated	GPL13112:Illumina HiSeq 2000 (Mus musculus)
HBEXP000637	HBIN037047	Nitidine chloride	Ingredient	GSE85871	Homo sapiens			Breast cancer	MCF-7	Expression profiling by array	Total RNA	human cellline	Breast cancer; MCF-7	/	vehicle control (DMSO)	GSM2286248; GSM2286249; GSM2286316; GSM2286317; GSM2286398; GSM2286399	10uM Nitidine chloride for 12h	GSM2286282; GSM2286283	treated	GPL571:[HG-U133A_2] Affymetrix Human Genome U133A 2.46 Array
HBEXP000638	HBIN037441	Notoginsenoside R1	Ingredient	GSE85871	Homo sapiens			Breast cancer	MCF-7	Expression profiling by array	Total RNA	human cellline	Breast cancer; MCF-7	/	vehicle control (DMSO)	GSM2286248; GSM2286249; GSM2286316; GSM2286317; GSM2286398; GSM2286399	10uM Notoginsenoside R1 for 12h	GSM2286354; GSM2286355	treated	GPL571:[HG-U133A_2] Affymetrix Human Genome U133A 2.81 Array
HBEXP000639	HBIN037642	obacunone	Ingredient	GSE57120	Homo sapiens			Keratinocyte	HaCaT	Expression profiling by array	Total RNA	human cellline	Keratinocyte; HaCaT	/	vehicle control	GSM1375594; GSM1375595; GSM1375596	10uM obacunoe for 4h	GSM1375597; GSM1375598; GSM1375599	treated	GPL6104:Illumina humanRef-8 v2.0 expression beadchip
HBEXP000640	HBIN037642	obacunone	Ingredient	GSE57120	Homo sapiens			Keratinocyte	HaCaT	Expression profiling by array	Total RNA	human cellline	Keratinocyte; HaCaT	/	vehicle control	GSM1375594; GSM1375595; GSM1375596	50uM obacunoe for 4h	GSM1375600; GSM1375601; GSM1375602	treated	GPL6104:Illumina humanRef-8 v2.0 expression beadchip
HBEXP000641	HBIN037642	obacunone	Ingredient	GSE57120	Homo sapiens			Keratinocyte	HaCaT	Expression profiling by array	Total RNA	human cellline	Keratinocyte; HaCaT	/	vehicle control	GSM1375594; GSM1375595; GSM1375596	100uM obacunoe for 4h	GSM1375603; GSM1375604; GSM1375605	treated	GPL6104:Illumina humanRef-8 v2.0 expression beadchip
HBEXP000642	HBIN037936	Oleanic acid	Ingredient	GSE85871	Homo sapiens			Breast cancer	MCF-7	Expression profiling by array	Total RNA	human cellline	Breast cancer; MCF-7	/	vehicle control (DMSO)	GSM2286248; GSM2286249; GSM2286316; GSM2286317; GSM2286398; GSM2286399	10uM Oleanic acid for 12h	GSM2286334; GSM2286335	treated	GPL571:[HG-U133A_2] Affymetrix Human Genome U133A 2.71 Array
HBEXP000643	HBIN037940	oleanolic acid	Ingredient	GSE38394	Mus musculus	Kunming	Brain	Neural stem cell		Expression profiling by array	Total RNA	mouse	Kunming; Brain; Neural stem cell	/	no treatment	GSM941206; GSM941207; GSM941208; GSM941209	10 nM OA for 48h	GSM941210; GSM941212; GSM941214; GSM941216	treated	GPL15639:NimbleGen Mouse array [090901_MM9_EXP]
HBEXP000644	HBIN038026	oleic acid	Ingredient	GSE114116	Mus musculus	C57BL/6	Heart			Expression profiling by high throughput sequencing	Total RNA	mouse C57BL/6	C57BL/6; Heart	subcutaneously implanted AngII pump (1000ng/kg/min)	no treatment	GSM3133024; GSM3133025; GSM3133026; GSM3133027; GSM3133028	160mg/kg,0.3mL/mice per day	GSM3133029; GSM3133030; GSM3133031; GSM3133032; GSM3133033	treated	GPL17021:Illumina HiSeq 2500 (Mus musculus)
HBEXP000645	HBIN038026	oleic acid	Ingredient	GSE42220	Mus musculus			Preadipocyte	3T3-L1	Expression profiling by array	Total RNA	mouse	Preadipocyte; 3T3-L1	/	vehicle control	GSM1035793; GSM1035794; GSM1035795; GSM1035796	250uM Oleic Acid for 48h	GSM1035809; GSM1035810; GSM1035811	treated	GPL11533:[MoGene-1_1-st] Affymetrix Mouse Gene 1.1 ST Array [transcript (gene) version]
HBEXP000646	HBIN038026	oleic acid	Ingredient	GSE52682	Mus musculus	C57BL/6	Lung			Expression profiling by array	Total RNA	mouse C57BL/6	C57BL/6; Lung	/	physiological serum (Phi) 	GSM1274021; GSM1274022; GSM1274023	200 ul of OA for 1h	GSM1274024; GSM1274025; GSM1274026	injection	GPL13912:Agilent-028005 SurePrint G3 Mouse GE 8x60K Microarray (Feature Number version)
HBEXP000647	HBIN038026	oleic acid	Ingredient	GSE52682	Mus musculus	C57BL/6	Lung			Expression profiling by array	Total RNA	mouse C57BL/6	C57BL/6; Lung	/	physiological serum (Phi) 	GSM1274021; GSM1274022; GSM1274023	200 ul of OA for 1.5h	GSM1274029; GSM1274030; GSM1274031	injection	GPL13912:Agilent-028005 SurePrint G3 Mouse GE 8x60K Microarray (Feature Number version)
HBEXP000648	HBIN038026	oleic acid	Ingredient	GSE52682	Mus musculus	C57BL/6	Lung			Expression profiling by array	Total RNA	mouse C57BL/6	C57BL/6; Lung	/	physiological serum (Phi) 	GSM1274021; GSM1274022; GSM1274023	200 ul of OA for 3h	GSM1274034; GSM1274035; GSM1274036	injection	GPL13912:Agilent-028005 SurePrint G3 Mouse GE 8x60K Microarray (Feature Number version)
HBEXP000649	HBIN038026	oleic acid	Ingredient	GSE52682	Mus musculus	C57BL/6	Lung			Expression profiling by array	Total RNA	mouse C57BL/6	C57BL/6; Lung	/	physiological serum (Phi) 	GSM1274021; GSM1274022; GSM1274023	200 ul of OA for 4h	GSM1274039; GSM1274040; GSM1274041	injection	GPL13912:Agilent-028005 SurePrint G3 Mouse GE 8x60K Microarray (Feature Number version)
HBEXP000650	HBIN038026	oleic acid	Ingredient	GSE52682	Mus musculus	C57BL/6	Lung			Expression profiling by array	Total RNA	mouse C57BL/6	C57BL/6; Lung	/	physiological serum (Phi) 	GSM1274021; GSM1274022; GSM1274023	200 ul of OA for 18h	GSM1274044; GSM1274045; GSM1274046	injection	GPL13912:Agilent-028005 SurePrint G3 Mouse GE 8x60K Microarray (Feature Number version)
HBEXP000651	HBIN038026	oleic acid	Ingredient	GSE52682	Mus musculus	C57BL/6	Lung			Expression profiling by array	Total RNA	mouse C57BL/6	C57BL/6; Lung	/	physiological serum (Phi) 	GSM1274021; GSM1274022; GSM1274023	200 ul of OA for 24h	GSM1274049; GSM1274050; GSM1274051	injection	GPL13912:Agilent-028005 SurePrint G3 Mouse GE 8x60K Microarray (Feature Number version)
HBEXP000652	HBIN038026	oleic acid	Ingredient	GSE52683	Mus musculus	C57BL/6	Brain			Expression profiling by array	Total RNA	mouse C57BL/6	C57BL/6; Brain	/	physiological serum (Phi) 	GSM1274052; GSM1274053; GSM1274054	200 ul of OA for 1h	GSM1274055; GSM1274056; GSM1274057	injection	GPL13912:Agilent-028005 SurePrint G3 Mouse GE 8x60K Microarray (Feature Number version)
HBEXP000653	HBIN038026	oleic acid	Ingredient	GSE52683	Mus musculus	C57BL/6	Brain			Expression profiling by array	Total RNA	mouse C57BL/6	C57BL/6; Brain	/	physiological serum (Phi) 	GSM1274052; GSM1274053; GSM1274054	200 ul of OA for 1.5h	GSM1274061; GSM1274062; GSM1274063	injection	GPL13912:Agilent-028005 SurePrint G3 Mouse GE 8x60K Microarray (Feature Number version)
HBEXP000654	HBIN038026	oleic acid	Ingredient	GSE52683	Mus musculus	C57BL/6	Brain			Expression profiling by array	Total RNA	mouse C57BL/6	C57BL/6; Brain	/	physiological serum (Phi) 	GSM1274052; GSM1274053; GSM1274054	200 ul of OA for 3h	GSM1274066; GSM1274067; GSM1274068	injection	GPL13912:Agilent-028005 SurePrint G3 Mouse GE 8x60K Microarray (Feature Number version)
HBEXP000655	HBIN038026	oleic acid	Ingredient	GSE52683	Mus musculus	C57BL/6	Brain			Expression profiling by array	Total RNA	mouse C57BL/6	C57BL/6; Brain	/	physiological serum (Phi) 	GSM1274052; GSM1274053; GSM1274054	200 ul of OA for 4h	GSM1274071; GSM1274072; GSM1274073	injection	GPL13912:Agilent-028005 SurePrint G3 Mouse GE 8x60K Microarray (Feature Number version)
HBEXP000656	HBIN038026	oleic acid	Ingredient	GSE52683	Mus musculus	C57BL/6	Brain			Expression profiling by array	Total RNA	mouse C57BL/6	C57BL/6; Brain	/	physiological serum (Phi) 	GSM1274052; GSM1274053; GSM1274054	200 ul of OA for 18h	GSM1274076; GSM1274077	injection	GPL13912:Agilent-028005 SurePrint G3 Mouse GE 8x60K Microarray (Feature Number version)
HBEXP000657	HBIN038026	oleic acid	Ingredient	GSE52683	Mus musculus	C57BL/6	Brain			Expression profiling by array	Total RNA	mouse C57BL/6	C57BL/6; Brain	/	physiological serum (Phi) 	GSM1274052; GSM1274053; GSM1274054	200 ul of OA for 24h	GSM1274080; GSM1274081; GSM1274082	injection	GPL13912:Agilent-028005 SurePrint G3 Mouse GE 8x60K Microarray (Feature Number version)
HBEXP000658	HBIN038026	oleic acid	Ingredient	GSE52684	Mus musculus	C57BL/6	Peripheral blood	PBMC		Expression profiling by array	Total RNA	mouse C57BL/6	C57BL/6; Peripheral blood; PBMC	/	physiological serum (Phi) 	GSM1274083; GSM1274084; GSM1274085	200 ul of OA for 1h	GSM1274086; GSM1274087; GSM1274088	injection	GPL13912:Agilent-028005 SurePrint G3 Mouse GE 8x60K Microarray (Feature Number version)
HBEXP000659	HBIN038026	oleic acid	Ingredient	GSE52684	Mus musculus	C57BL/6	Peripheral blood	PBMC		Expression profiling by array	Total RNA	mouse C57BL/6	C57BL/6; Peripheral blood; PBMC	/	physiological serum (Phi) 	GSM1274083; GSM1274084; GSM1274085	200 ul of OA for 1.5h	GSM1274092; GSM1274093; GSM1274094	injection	GPL13912:Agilent-028005 SurePrint G3 Mouse GE 8x60K Microarray (Feature Number version)
HBEXP000660	HBIN038026	oleic acid	Ingredient	GSE52684	Mus musculus	C57BL/6	Peripheral blood	PBMC		Expression profiling by array	Total RNA	mouse C57BL/6	C57BL/6; Peripheral blood; PBMC	/	physiological serum (Phi) 	GSM1274083; GSM1274084; GSM1274085	200 ul of OA for 3h	GSM1274097; GSM1274098; GSM1274099	injection	GPL13912:Agilent-028005 SurePrint G3 Mouse GE 8x60K Microarray (Feature Number version)
HBEXP000661	HBIN038026	oleic acid	Ingredient	GSE52684	Mus musculus	C57BL/6	Peripheral blood	PBMC		Expression profiling by array	Total RNA	mouse C57BL/6	C57BL/6; Peripheral blood; PBMC	/	physiological serum (Phi) 	GSM1274083; GSM1274084; GSM1274085	200 ul of OA for 18h	GSM1274105; GSM1274106; GSM1274107	injection	GPL13912:Agilent-028005 SurePrint G3 Mouse GE 8x60K Microarray (Feature Number version)
HBEXP000662	HBIN038026	oleic acid	Ingredient	GSE52684	Mus musculus	C57BL/6	Peripheral blood	PBMC		Expression profiling by array	Total RNA	mouse C57BL/6	C57BL/6; Peripheral blood; PBMC	/	physiological serum (Phi) 	GSM1274083; GSM1274084; GSM1274085	200 ul of OA for 24h	GSM1274110; GSM1274111; GSM1274112	injection	GPL13912:Agilent-028005 SurePrint G3 Mouse GE 8x60K Microarray (Feature Number version)
HBEXP000663	HBIN038026	oleic acid	Ingredient	GSE77104	Mus musculus	C57BL/6	Bone marrow	Macrophage		Expression profiling by array	Total RNA	mouse C57BL/6	C57BL/6; Bone marrow; Macrophage	/	low-endotoxin BSA	GSM2044371; GSM2044372; GSM2044373	250uM oleic acid (OA) for 5h	GSM2044378; GSM2044379; GSM2044380; GSM2044381	treated	GPL6246:[MoGene-1_0-st] Affymetrix Mouse Gene 1.0 ST Array [transcript (gene) version]
HBEXP000664	HBIN038026	oleic acid	Ingredient	GSE77104	Mus musculus	C57BL/6	Bone marrow	Macrophage		Expression profiling by array	Total RNA	mouse C57BL/6	C57BL/6; Bone marrow; Macrophage	/	low-endotoxin BSA	GSM2044371; GSM2044372; GSM2044373	250uM oleic acid (OA) for 20h	GSM2044382; GSM2044383; GSM2044384; GSM2044385	treated	GPL6246:[MoGene-1_0-st] Affymetrix Mouse Gene 1.0 ST Array [transcript (gene) version]
HBEXP000665	HBIN038254	Oridonin	Ingredient	GSE85871	Homo sapiens			Breast cancer	MCF-7	Expression profiling by array	Total RNA	human cellline	Breast cancer; MCF-7	/	vehicle control (DMSO)	GSM2286248; GSM2286249; GSM2286316; GSM2286317; GSM2286398; GSM2286399	1uM Oridonin for 12h	GSM2286378; GSM2286379	treated	GPL571:[HG-U133A_2] Affymetrix Human Genome U133A 2.93 Array
HBEXP000666	HBIN038388	Osthole	Ingredient	GSE85871	Homo sapiens			Breast cancer	MCF-7	Expression profiling by array	Total RNA	human cellline	Breast cancer; MCF-7	/	vehicle control (DMSO)	GSM2286248; GSM2286249; GSM2286316; GSM2286317; GSM2286398; GSM2286399	10uM Osthole for 12h	GSM2286330; GSM2286331	treated	GPL571:[HG-U133A_2] Affymetrix Human Genome U133A 2.69 Array
HBEXP000667	HBIN038488	Oxymatrine	Ingredient	GSE85871	Homo sapiens			Breast cancer	MCF-7	Expression profiling by array	Total RNA	human cellline	Breast cancer; MCF-7	/	vehicle control (DMSO)	GSM2286248; GSM2286249; GSM2286316; GSM2286317; GSM2286398; GSM2286399	10uM Oxymatrine for 12h	GSM2286326; GSM2286327	treated	GPL571:[HG-U133A_2] Affymetrix Human Genome U133A 2.67 Array
HBEXP000668	HBIN038606	Paeoniflorin	Ingredient	GSE85871	Homo sapiens			Breast cancer	MCF-7	Expression profiling by array	Total RNA	human cellline	Breast cancer; MCF-7	/	vehicle control (DMSO)	GSM2286248; GSM2286249; GSM2286316; GSM2286317; GSM2286398; GSM2286399	10uM Paeoniflorin for 12h	GSM2286214; GSM2286215	treated	GPL571:[HG-U133A_2] Affymetrix Human Genome U133A 2.13 Array
HBEXP000669	HBIN038876	parthenolide	Ingredient	GSE7538	Homo sapiens		Acute myelogenous leukemia			Expression profiling by array	Total RNA	human cellline	Acute myelogenous leukemia	/	no treatment	GSM182630; GSM182632; GSM182634; GSM182636; GSM182638; GSM182640; GSM182642; GSM182644; GSM182646; GSM182648; GSM182650; GSM182652	7.5 micromolar parthenolide (PTL) for 6h	GSM182629; GSM182631; GSM182633; GSM182635; GSM182637; GSM182639; GSM182641; GSM182643; GSM182645; GSM182647; GSM182649; GSM182651	treated	GPL570:[HG-U133_Plus_2] Affymetrix Human Genome U133 Plus 2.0 Array
HBEXP000670	HBIN039544	Phillyrin	Ingredient	GSE85871	Homo sapiens			Breast cancer	MCF-7	Expression profiling by array	Total RNA	human cellline	Breast cancer; MCF-7	/	vehicle control (DMSO)	GSM2286248; GSM2286249; GSM2286316; GSM2286317; GSM2286398; GSM2286399	10uM Phillyrin for 12h	GSM2286336; GSM2286337	treated	GPL571:[HG-U133A_2] Affymetrix Human Genome U133A 2.72 Array
HBEXP000671	HBIN039577	phloridzin	Ingredient	GSE37415	Mus musculus	BALB/c	Liver			Expression profiling by array	Total RNA	mouse BALB/c male	BALB/c; Liver	/	AIN-93G diet	GSM918171; GSM918172; GSM918173; GSM918174; GSM918175; GSM918176	AIN-93G diet containing  0.1% phloridzin for 2 weeks	GSM918177; GSM918178; GSM918179; GSM918180; GSM918181; GSM918182	feed	GPL1261:[Mouse430_2] Affymetrix Mouse Genome 430 2.0 Array
HBEXP000672	HBIN039577	phloridzin	Ingredient	GSE37415	Mus musculus	BALB/c	Liver			Expression profiling by array	Total RNA	mouse BALB/c male	BALB/c; Liver	/	AIN-93G diet	GSM918171; GSM918172; GSM918173; GSM918174; GSM918175; GSM918176	AIN-93G diet containing 0.5% phloridzin for 2 weeks	GSM918183; GSM918184; GSM918185; GSM918186; GSM918187; GSM918188	feed	GPL1261:[Mouse430_2] Affymetrix Mouse Genome 430 2.0 Array
HBEXP000673	HBIN039577	phloridzin	Ingredient	GSE37415	Mus musculus	BALB/c	Liver			Expression profiling by array	Total RNA	mouse BALB/c male	BALB/c; Liver	/	AIN-93G diet	GSM918171; GSM918172; GSM918173; GSM918174; GSM918175; GSM918176	AIN-93G diet containing  1% phloridzin for 2 weeks	GSM918189; GSM918190; GSM918191; GSM918192; GSM918193; GSM918194	feed	GPL1261:[Mouse430_2] Affymetrix Mouse Genome 430 2.0 Array
HBEXP000674	HBIN039577	phloridzin	Ingredient	GSE38138	Mus musculus	BALB/c	Liver			Expression profiling by array	Total RNA	mouse BALB/c male	BALB/c; Liver	/	an AIN93G diet 	GSM935732; GSM935733; GSM935734; GSM935735; GSM935736	an AIN93G diet containing 0.1% phloridzin  for 2 weeks	GSM935742; GSM935743; GSM935744; GSM935745; GSM935746	feed	GPL1261:[Mouse430_2] Affymetrix Mouse Genome 430 2.0 Array
HBEXP000675	HBIN039577	phloridzin	Ingredient	GSE38138	Mus musculus	BALB/c	Liver			Expression profiling by array	Total RNA	mouse BALB/c male	BALB/c; Liver	/	an AIN93G diet 	GSM935732; GSM935733; GSM935734; GSM935735; GSM935736	an AIN93G diet containing  0.5% phloridzin  for 2 weeks	GSM935747; GSM935748; GSM935749; GSM935750; GSM935751	feed	GPL1261:[Mouse430_2] Affymetrix Mouse Genome 430 2.0 Array
HBEXP000676	HBIN039919	pilocarpine	Ingredient	GSE100202	Mus musculus		Hippocampus			Expression profiling by array	Total RNA	mouse(7-10 weeks)	Hippocampus	Srf mutant	Ringer solution	GSM2674540; GSM2674541; GSM2674542	335 or 350 mg/kg	GSM2674543; GSM2674544; GSM2674545	intra-peritoneal injection	GPL6246:[MoGene-1_0-st] Affymetrix Mouse Gene 1.0 ST Array [transcript (gene) version]
HBEXP000677	HBIN039919	pilocarpine	Ingredient	GSE100202	Mus musculus		Hippocampus			Expression profiling by array	Total RNA	mouse(7-10 weeks)	Hippocampus	/	Ringer solution	GSM2674546; GSM2674547; GSM2674548	335 or 350 mg/kg	GSM2674549; GSM2674550; GSM2674551	intra-peritoneal injection	GPL6246:[MoGene-1_0-st] Affymetrix Mouse Gene 1.0 ST Array [transcript (gene) version]
HBEXP000678	HBIN039919	pilocarpine	Ingredient	GSE102880	Homo sapiens			Pancreatic cancer	PANC-1	Expression profiling by high throughput sequencing	mRNA	human cellline	Pancreatic cancer; PANC-1	/	no treatment	GSM2747671; GSM2747672; GSM2747673; GSM2747674	1 mM pilocarpine for 72h	GSM2747675; GSM2747676; GSM2747677; GSM2747678	treated	GPL16791:Illumina HiSeq 2500 (Homo sapiens)
HBEXP000679	HBIN039919	pilocarpine	Ingredient	GSE72402	Mus musculus	C57BL/6	Hippocampus			Expression profiling by high throughput sequencing	Total RNA	mouse C57BL/6	C57BL/6; Hippocampus	/	control	GSM1861870; GSM1861871	pilocarpine for 12h	GSM1861872; GSM1861873	treated	GPL9250:Illumina Genome Analyzer II (Mus musculus)
HBEXP000680	HBIN039919	pilocarpine	Ingredient	GSE72402	Mus musculus	C57BL/6	Hippocampus			Expression profiling by high throughput sequencing	Total RNA	mouse C57BL/6	C57BL/6; Hippocampus	/	control	GSM1861870; GSM1861871	pilocarpine for 10 days	GSM1861874; GSM1861875	treated	GPL9250:Illumina Genome Analyzer II (Mus musculus)
HBEXP000681	HBIN039919	pilocarpine	Ingredient	GSE72402	Mus musculus	C57BL/6	Hippocampus			Expression profiling by high throughput sequencing	Total RNA	mouse C57BL/6	C57BL/6; Hippocampus	/	control	GSM1861870; GSM1861871	pilocarpine for 6 weeks	GSM1861876; GSM1861877	treated	GPL9250:Illumina Genome Analyzer II (Mus musculus)
HBEXP000682	HBIN040005	pinoresinol	Ingredient	GSE86565	Homo sapiens			Breast cancer	MCF-7	Expression profiling by array	Total RNA	human cellline	Breast cancer; MCF-7	/	control	GSM1565338; GSM1565339; GSM1565340	E2- or each lignan-treated	GSM2305892; GSM2305893; GSM2305894	treated	GPL13699:AIST Human EstrArray 2
HBEXP000683	HBIN040266	plumbagin	Ingredient	GSE68026	Homo sapiens			Breast cancer	MCF-7	Expression profiling by array	Total RNA	human cellline	Breast cancer; MCF-7	/	no treatment	GSM1661366; GSM1661367; GSM1661368	10uM PL for 6h	GSM1661358; GSM1661359	treated	GPL10332:Agilent-026652 Whole Human Genome Microarray 4x44K v2 (Feature Number version)
HBEXP000684	HBIN040799	progesterone	Ingredient	GSE134896	Homo sapiens			Myometrial Cell	hTERT-HMA/B	Expression profiling by high throughput sequencing	mRNA	human cellline	Myometrial Cell; hTERT-HMA/B	/	control	GSM3976578; GSM3976579; GSM3976580	single stimulus treated cells P4	GSM3976581; GSM3976582; GSM3976583	treated	GPL16791:Illumina HiSeq 2500 (Homo sapiens)
HBEXP000685	HBIN040799	progesterone	Ingredient	GSE139870	Homo sapiens			Breast cancer	ZR-75-1	Expression profiling by array	Total RNA	human cellline	Breast cancer; ZR-75-1	/	vehicle untreated	GSM4147975; GSM4147976	ZR-75-1 breast cancer cells treated for 6h with 10 nM PROG	GSM4147981; GSM4147982; GSM4147983	treated	GPL16686:[HuGene-2_0-st] Affymetrix Human Gene 2.0 ST Array [transcript (gene) version]
HBEXP000686	HBIN040799	progesterone	Ingredient	GSE20631	Homo sapiens		Bone marrow	Mesenchymal stem cell		Expression profiling by array	Total RNA	human cellline	Bone marrow; Mesenchymal stem cell	/	vehicle controls	GSM518057; GSM518058; GSM518086	treated for 0, 3, 7, 14 and 21 days in low-serum medium (2%FBS) with the following treatments: (a) 10nM E2/1mM P4; (b) 0.5mM or 1mM 8-Br-cAMP (cAMP); (c) 50nM or 100nM BMP-2; (d) 0.5mM and 1mM 8-Br-cAMP + BMP-2; (d) 0.5mM and 1mM 8-BrcAMP + BMP-2 + E2/P4; (e) 50nM or 100nM human FSH	GSM518088; GSM518089; GSM518090	treated	GPL6244:[HuGene-1_0-st] Affymetrix Human Gene 1.0 ST Array [transcript (gene) version]
HBEXP000687	HBIN040799	progesterone	Ingredient	GSE23500	Homo sapiens		Normal breast specimen			Expression profiling by array	Total RNA	human cellline	Normal breast specimen	/	E2	GSM575626; GSM575627; GSM575628	cultures of normal human breast epithelial cells (HBE) under E2, E2+MPA and E2+P4 six hour treatments	GSM575629; GSM575630; GSM575631	treated	GPL6947:Illumina HumanHT-12 V3.0 expression beadchip
HBEXP000688	HBIN040799	progesterone	Ingredient	GSE24387	Mus musculus		Spleen	CD4+ T cell		Expression profiling by array	Total RNA	mouse	Spleen; CD4+ T cell	/	TGFb1	GSM601153; GSM601154	CD4+ T cells were treated with progesterone and TGFb1	GSM601155; GSM601156	treated	GPL1261:[Mouse430_2] Affymetrix Mouse Genome 430 2.0 Array
HBEXP000689	HBIN040799	progesterone	Ingredient	GSE25077	Homo sapiens			Breast cancer	T47D-MTVL	Expression profiling by array	Total RNA	human cellline	Breast cancer; T47D-MTVL	/	vehicle	GSM616012; GSM616013	Progestin R5020 was added for 6h	GSM616014; GSM616015	treated	GPL6104:Illumina humanRef-8 v2.0 expression beadchip
HBEXP000690	HBIN040799	progesterone	Ingredient	GSE27598	Mus musculus	BALB/c	Uterus			Expression profiling by array	Total RNA	mouse	BALB/c; Uterus	/	sesame oil vehicle	GSM684171; GSM684172; GSM684173; GSM684183; GSM684184; GSM684185; GSM684195; GSM684196; GSM684197	ovariectomized mice with only P4 supplement (2 mg/day/mouse)	GSM684177; GSM684178; GSM684179; GSM684189; GSM684190; GSM684191; GSM684201; GSM684202; GSM684203	treated	GPL11094:[GLYCOv2a520086F] Custom Affymetrix Glyco v2 GeneChip
HBEXP000691	HBIN040799	progesterone	Ingredient	GSE29435	Homo sapiens			Endometrial cancer	IKPRAB36	Expression profiling by array	Total RNA	human cellline	Endometrial cancer; IKPRAB36	/	control	GSM728705; GSM728706; GSM728707	cultured for 48h in the absence or presence of 1nM MPA	GSM728708; GSM728709; GSM728710	cultured	GPL570:[HG-U133_Plus_2] Affymetrix Human Genome U133 Plus 2.0 Array
HBEXP000692	HBIN040799	progesterone	Ingredient	GSE29436	Homo sapiens		Endometrial cancer			Expression profiling by array	Total RNA	human cellline	Endometrial cancer	/	Non-progressive	GSM728711; GSM728712; GSM728713; GSM728714	4 progressive patients, snap-frozen endometrial cancer tumor specimens were used for microarray analysis	GSM728715; GSM728716; GSM728717; GSM728718	treated	GPL570:[HG-U133_Plus_2] Affymetrix Human Genome U133 Plus 2.0 Array
HBEXP000693	HBIN040799	progesterone	Ingredient	GSE31406	Mus musculus	SRC-2	Uterus			Expression profiling by array	Total RNA	mouse	SRC-2; Uterus	/	sesame oil (vehicle)	GSM779125; GSM779126; GSM779127	WT Mice were ovariectomized at 6 weeks and after 2 weeks mice were either treated with 1 mg of P4	GSM779128; GSM779129; GSM779130	treated	GPL1261:[Mouse430_2] Affymetrix Mouse Genome 430 2.0 Array
HBEXP000694	HBIN040799	progesterone	Ingredient	GSE31406	Mus musculus	SRC-2	Uterus			Expression profiling by array	Total RNA	mouse	SRC-2; Uterus	/	sesame oil (vehicle)	GSM779125; GSM779126; GSM779127	Mut Mice were ovariectomized at 6 weeks and after 2 weeks mice were either treated with 1 mg of P4	GSM779134; GSM779135; GSM779136	treated	GPL1261:[Mouse430_2] Affymetrix Mouse Genome 430 2.0 Array
HBEXP000695	HBIN040799	progesterone	Ingredient	GSE48340	Mus musculus		Uterus			Expression profiling by array	Total RNA	mouse	Uterus	/	control	GSM1175320; GSM1175321; GSM1175322; GSM1175323	PUGKO (no uterine glands) mice at day of pseudopregnancy (DOPP) 3.5 (day DOPP 0.5= vaginal plug)	GSM1175328; GSM1175329; GSM1175330; GSM1175331	treated	GPL6246:[MoGene-1_0-st] Affymetrix Mouse Gene 1.0 ST Array [transcript (gene) version]
HBEXP000696	HBIN040799	progesterone	Ingredient	GSE56980	Homo sapiens		Endometrium			Expression profiling by array	Total RNA	human cellline	Endometrium	/	control	GSM1372550; GSM1372551; GSM1372552; GSM1372559; GSM1372560; GSM1372561; GSM1372569; GSM1372570; GSM1372571	treated with 2.5 mg progesterone	GSM1372544; GSM1372553; GSM1372562; GSM1372566	treated	GPL6884:Illumina HumanWG-6 v3.0 expression beadchip
HBEXP000697	HBIN040799	progesterone	Ingredient	GSE56980	Homo sapiens		Endometrium			Expression profiling by array	Total RNA	human cellline	Endometrium	/	control	GSM1372550; GSM1372551; GSM1372552; GSM1372559; GSM1372560; GSM1372561; GSM1372569; GSM1372570; GSM1372571	treated with 5 mg progesterone	GSM1372545; GSM1372546; GSM1372554; GSM1372564	treated	GPL6884:Illumina HumanWG-6 v3.0 expression beadchip
HBEXP000698	HBIN040799	progesterone	Ingredient	GSE56980	Homo sapiens		Endometrium			Expression profiling by array	Total RNA	human cellline	Endometrium	/	control	GSM1372550; GSM1372551; GSM1372552; GSM1372559; GSM1372560; GSM1372561; GSM1372569; GSM1372570; GSM1372571	treated with 10mg progesterone	GSM1372547; GSM1372548; GSM1372555; GSM1372556; GSM1372565	treated	GPL6884:Illumina HumanWG-6 v3.0 expression beadchip
HBEXP000699	HBIN040799	progesterone	Ingredient	GSE56980	Homo sapiens		Endometrium			Expression profiling by array	Total RNA	human cellline	Endometrium	/	control	GSM1372550; GSM1372551; GSM1372552; GSM1372559; GSM1372560; GSM1372561; GSM1372569; GSM1372570; GSM1372571	treated with 40 mg progesterone 	GSM1372549; GSM1372557; GSM1372558; GSM1372567; GSM1372568	treated	GPL6884:Illumina HumanWG-6 v3.0 expression beadchip
HBEXP000700	HBIN040799	progesterone	Ingredient	GSE5783	Mus musculus	BALB/c	Lacrimal gland			Expression profiling by array	Total RNA	mouse	BALB/c; Lacrimal gland	/	placebo	GSM135191; GSM135192; GSM135193	Lacrimal treated with progesterone for 14 days	GSM135197; GSM135198; GSM135199	treated	GPL4277:CodeLink UniSet Mouse I Bioarray
HBEXP000701	HBIN040799	progesterone	Ingredient	GSE5783	Mus musculus	BALB/c	Lacrimal gland			Expression profiling by array	Total RNA	mouse	BALB/c; Lacrimal gland	/	placebo	GSM135191; GSM135192; GSM135193	Meibomian treated with progesterone for 14 days	GSM135209; GSM135210; GSM135211	treated	GPL4277:CodeLink UniSet Mouse I Bioarray
HBEXP000702	HBIN040799	progesterone	Ingredient	GSE59231	Homo sapiens		Myometrial	Smooth muscle		Expression profiling by array	Total RNA	human cellline	Myometrial; Smooth muscle	/	control	GSM1431038; GSM1431039; GSM1431040	treated with the progesterone inhibitor RU486 (mifepristone) after 72h	GSM1431050; GSM1431051; GSM1431052	treated	GPL8950:Operon Human 37.6K V4.0.1 Oparray
HBEXP000703	HBIN040799	progesterone	Ingredient	GSE59558	Mus musculus	FVB	Mammary	Epithelial cell		Expression profiling by array	Total RNA	mouse	FVB; Mammary; Epithelial cell	/	Vehicle Control	GSM1439380; GSM1439381; GSM1439382	basal compartment	GSM1439390; GSM1439392; GSM1439395	treated	GPL10787:Agilent-028005 SurePrint G3 Mouse GE 8x60K Microarray (Probe Name version)
HBEXP000704	HBIN040799	progesterone	Ingredient	GSE59558	Mus musculus	FVB	Mammary	Epithelial cell		Expression profiling by array	Total RNA	mouse	FVB; Mammary; Epithelial cell	/	Vehicle Control	GSM1439380; GSM1439381; GSM1439382	uminal compartment	GSM1439407; GSM1439408; GSM1439409	treated	GPL10787:Agilent-028005 SurePrint G3 Mouse GE 8x60K Microarray (Probe Name version)
HBEXP000705	HBIN040799	progesterone	Ingredient	GSE59558	Mus musculus	FVB	Mammary	Epithelial cell		Expression profiling by array	Total RNA	mouse	FVB; Mammary; Epithelial cell	/	Vehicle Control	GSM1439380; GSM1439381; GSM1439382	stromal compartment	GSM1439420; GSM1439421; GSM1439422	treated	GPL10787:Agilent-028005 SurePrint G3 Mouse GE 8x60K Microarray (Probe Name version)
HBEXP000706	HBIN040799	progesterone	Ingredient	GSE61407	Mus musculus	C57BL/6N	Fallopian tube			Expression profiling by array	Total RNA	mouse	C57BL/6N; Fallopian tube	/	exposed for 20min	GSM1504025; GSM1504026; GSM1504027; GSM1504028; GSM1504029; GSM1504030; GSM1504031; GSM1504032	exposed in vitro to progesterone for up to 2h	GSM1504033; GSM1504034; GSM1504035; GSM1504036; GSM1504037; GSM1504038; GSM1504039; GSM1504040	exposed	GPL6885:Illumina MouseRef-8 v2.0 expression beadchip
HBEXP000707	HBIN040799	progesterone	Ingredient	GSE68171	Homo sapiens		Uterus	Smooth muscle		Expression profiling by array	Total RNA	human cellline	Uterus; Smooth muscle	/	control	GSM1664957; GSM1664959; GSM1664961; GSM1664963	exposed to different stimuli, IL-1┑ (5ng/mL) and P4 (10uM), either alone or in combination for 6h	GSM1664958; GSM1664960; GSM1664962	exposed	GPL6244:[HuGene-1_0-st] Affymetrix Human Gene 1.0 ST Array [transcript (gene) version]
HBEXP000708	HBIN040799	progesterone	Ingredient	GSE68358	Homo sapiens			Breast cancer	MCF-7	Expression profiling by high throughput sequencing	mRNA	human cellline	Breast cancer; MCF-7	/	control	GSM1669160; GSM1669164; GSM1669168; GSM1669169; GSM1669170; GSM1669173; GSM1669177; GSM1669183	treated with E2 Progesterone	GSM1669162; GSM1669163; GSM1669165; GSM1669174; GSM1669175; GSM1669180; GSM1669181; GSM1669182	treated	GPL11154:Illumina HiSeq 2000 (Homo sapiens)
HBEXP000709	HBIN040799	progesterone	Ingredient	GSE68358	Homo sapiens			Breast cancer	MCF-7	Expression profiling by high throughput sequencing	mRNA	human cellline	Breast cancer; MCF-7	/	control	GSM1669160; GSM1669164; GSM1669168; GSM1669169; GSM1669170; GSM1669173; GSM1669177; GSM1669183	treated with E2+ Progesterone	GSM1669186; GSM1669187; GSM1669188; GSM1669192; GSM1669195; GSM1669198; GSM1669205; GSM1669207	treated	GPL11154:Illumina HiSeq 2000 (Homo sapiens)
HBEXP000710	HBIN040799	progesterone	Ingredient	GSE68681	Mus musculus	Balb-NeuT	Breast cancer			Expression profiling by array	Total RNA	mouse	Balb-NeuT; Breast cancer	/	normal	GSM1678951; GSM1678952; GSM1678953; GSM1678954; GSM1678955; GSM1678956; GSM1678957; GSM1678958; GSM1678959; GSM1678960	progesterone signaling regulate dissemination of breast cancer cells ADH	GSM1678944; GSM1678945; GSM1678946; GSM1678947; GSM1678948; GSM1678949; GSM1678950	treated	GPL13188:Operon OpArray - Mus Musculus - 38k v4.0.3
HBEXP000711	HBIN040799	progesterone	Ingredient	GSE68681	Mus musculus	Balb-NeuT	Breast cancer			Expression profiling by array	Total RNA	mouse	Balb-NeuT; Breast cancer	/	normal	GSM1678951; GSM1678952; GSM1678953; GSM1678954; GSM1678955; GSM1678956; GSM1678957; GSM1678958; GSM1678959; GSM1678960	progesterone signaling regulate dissemination of breast cancer cells primary tumor	GSM1678961; GSM1678962; GSM1678963; GSM1678964; GSM1678965; GSM1678966; GSM1678967; GSM1678968; GSM1678969; GSM1678970; GSM1678971; GSM1678972; GSM1678973; GSM1678974; GSM1678975; GSM1678976; GSM1678977; GSM1678978; GSM1678979	treated	GPL13188:Operon OpArray - Mus Musculus - 38k v4.0.3
HBEXP000712	HBIN040799	progesterone	Ingredient	GSE68681	Mus musculus	Balb-NeuT	Breast cancer			Expression profiling by array	Total RNA	mouse	Balb-NeuT; Breast cancer	/	normal	GSM1678951; GSM1678952; GSM1678953; GSM1678954; GSM1678955; GSM1678956; GSM1678957; GSM1678958; GSM1678959; GSM1678960	progesterone signaling regulate dissemination of breast cancer cells lung metastatic tissue	GSM1678980; GSM1678981; GSM1678982; GSM1678983; GSM1678984; GSM1678985; GSM1678986	treated	GPL13188:Operon OpArray - Mus Musculus - 38k v4.0.3
HBEXP000713	HBIN040799	progesterone	Ingredient	GSE68682	Mus musculus	BALB/c	Mammary	Epithelial cell		Expression profiling by high throughput sequencing	lncRNA	mouse	BALB/c; Mammary; Epithelial cell	/	control	GSM1678990; GSM1678991; GSM1678992	PgR 	GSM1678993; GSM1678994; GSM1678995	treated	GPL16417:Illumina MiSeq (Mus musculus)
HBEXP000714	HBIN040799	progesterone	Ingredient	GSE78281	Mus musculus	C57BL/6J	Striatum	Astrocyte		Expression profiling by array	Total RNA	human cellline	C57BL/6J; Striatum; Astrocyte	/	vehicle	GSM2071172; GSM2071173; GSM2071174; GSM2071175	treated neuronal cells with progesterone (200 nM) for 4h	GSM2071204; GSM2071205; GSM2071206; GSM2071207	treated	GPL17543:Illumina MouseWG-6 v2.0 R2 expression beadchip
HBEXP000715	HBIN040799	progesterone	Ingredient	GSE78281	Mus musculus	C57BL/6J	Striatum	Astrocyte		Expression profiling by array	Total RNA	human cellline	C57BL/6J; Striatum; Astrocyte	/	vehicle	GSM2071172; GSM2071173; GSM2071174; GSM2071175	treated astroglial cells with progesterone (200 nM) for 4h	GSM2071208; GSM2071209; GSM2071210; GSM2071211	treated	GPL17543:Illumina MouseWG-6 v2.0 R2 expression beadchip
HBEXP000716	HBIN040799	progesterone	Ingredient	GSE80365	Homo sapiens		Breast cancer			Expression profiling by high throughput sequencing	mRNA	human cellline	Breast cancer	/	vehicle	GSM2112719; GSM2112723; GSM2112727; GSM2112731; GSM2112735; GSM2112739; GSM2112743; GSM2112747	tumor P treated with 10 nM progestin R5020	GSM2112721; GSM2112725; GSM2112729; GSM2112733; GSM2112737; GSM2112741; GSM2112745; GSM2112749	treated	GPL16791:Illumina HiSeq 2500 (Homo sapiens)
HBEXP000717	HBIN040799	progesterone	Ingredient	GSE80365	Homo sapiens		Breast cancer			Expression profiling by high throughput sequencing	mRNA	human cellline	Breast cancer	/	vehicle	GSM2112751; GSM2112755; GSM2112759; GSM2112763	tumor N treated with 10 nM progestin R5020	GSM2112753; GSM2112757; GSM2112761; GSM2112765	treated	GPL16791:Illumina HiSeq 2500 (Homo sapiens)
HBEXP000718	HBIN040882	proscillaridin a	Ingredient	GSE89154	Homo sapiens			Colon cancer	YB5	Expression profiling by high throughput sequencing	mRNA	human cellline	Colon cancer; YB5	/	no treatment	GSM2359802; GSM2359806; GSM2359810	50nM proscillaridin A for 48h	GSM2359804; GSM2359808; GSM2359812	treated	GPL16791:Illumina HiSeq 2500 (Homo sapiens)
HBEXP000719	HBIN040911	Protocatechuic aldehyde	Ingredient	GSE85871	Homo sapiens			Breast cancer	MCF-7	Expression profiling by array	Total RNA	human cellline	Breast cancer; MCF-7	/	vehicle control (DMSO)	GSM2286248; GSM2286249; GSM2286316; GSM2286317; GSM2286398; GSM2286399	10uM Protocatechuic aldehyde for 12h	GSM2286284; GSM2286285	treated	GPL571:[HG-U133A_2] Affymetrix Human Genome U133A 2.47 Array
HBEXP000720	HBIN041146	ptaquiloside	Ingredient	GSE30629	Mus musculus	C57BL/6	Spleen	NK cell		Expression profiling by array	Total RNA	mouse	C57BL/6; Spleen; NK cell	/	water	GSM759744; GSM759745; GSM759746; GSM759747; GSM759748	5.3 mg/kg for 14 days	GSM759749; GSM759750; GSM759751; GSM759752; GSM759753	treated daily by gavage	GPL4134:Agilent-014868 Whole Mouse Genome Microarray 4x44K G4122F (Feature Number version)
HBEXP000721	HBIN041253	Puerarin	Ingredient	GSE85871	Homo sapiens			Breast cancer	MCF-7	Expression profiling by array	Total RNA	human cellline	Breast cancer; MCF-7	/	vehicle control (DMSO)	GSM2286248; GSM2286249; GSM2286316; GSM2286317; GSM2286398; GSM2286399	10uM Puerarin for 12h	GSM2286198; GSM2286199	treated	GPL571:[HG-U133A_2] Affymetrix Human Genome U133A 2.5 Array
HBEXP000722	HBIN041384	pyridoxine	Ingredient	GSE143164	Mus musculus	C57BL/6	Brain	Astrocyte		Expression profiling by high throughput sequencing	mRNA	mouse	C57BL/6; Brain; Astrocyte	/	control	GSM4251564; GSM4251565; GSM4251566	astrocytes from mice before or after quinpirole administration	GSM4251567; GSM4251568; GSM4251569	treated	GPL13112:Illumina HiSeq 2000 (Mus musculus)
HBEXP000723	HBIN041495	quercetin	Ingredient	GSE112327	Mus musculus	C57BL/6	Bone marrow	Dendritic cell		Expression profiling by high throughput sequencing	mRNA	mouse	C57BL/6; Bone marrow; Dendritic cell	/	no treatment	GSM3067751; GSM3067755; GSM3067759; GSM3067763	bone-marrow dendritic cells	GSM3067753; GSM3067757; GSM3067761; GSM3067765	exposed	GPL19057:Illumina NextSeq 500 (Mus musculus)
HBEXP000724	HBIN041495	quercetin	Ingredient	GSE13899	Homo sapiens		Peripheral blood	PBMC		Expression profiling by array	Total RNA	human cellline	Peripheral blood; PBMC	/	no treatment	GSM350084; GSM350085; GSM350086	2 wk supplementation period of 150mg quercetin per day	GSM350087; GSM350088; GSM350089	treated	GPL570:[HG-U133_Plus_2] Affymetrix Human Genome U133 Plus 2.0 Array
HBEXP000725	HBIN041495	quercetin	Ingredient	GSE139288	Homo sapiens		Aorta	Endothelial cell		Expression profiling by array	lncRNA	human cellline	Aorta; Endothelial cell	50 ug/mL ox-LDL 	no treatment	GSM4136221; GSM4136222; GSM4136223	3 umol/L quercetin for 24h	GSM4136218; GSM4136219; GSM4136220	treated	GPL21047:Agilent-074348 Human LncRNA v6 4X180K [Probe Name Version]
HBEXP000726	HBIN041495	quercetin	Ingredient	GSE23523	Mus musculus		Liver			Expression profiling by array	Total RNA	mouse	Liver	/	DMSO	GSM576119; GSM576120	Quercetin 500mg/kg	GSM576127; GSM576128	intra-peritoneal injection	GPL10569:Agilent Mouse 60K Genotypic Designed Array
HBEXP000727	HBIN041495	quercetin	Ingredient	GSE23523	Mus musculus		Liver			Expression profiling by array	Total RNA	mouse	Liver	/	DMSO	GSM576119; GSM576120	Quercetin 1000mg/kg	GSM576129; GSM576130	intra-peritoneal injection	GPL10569:Agilent Mouse 60K Genotypic Designed Array
HBEXP000728	HBIN041495	quercetin	Ingredient	GSE23523	Mus musculus		Liver			Expression profiling by array	Total RNA	mouse	Liver	/	DMSO	GSM576119; GSM576120	Quercetin 1500mg/kg	GSM576131; GSM576132	intra-peritoneal injection	GPL10569:Agilent Mouse 60K Genotypic Designed Array
HBEXP000729	HBIN041495	quercetin	Ingredient	GSE38067	Mus musculus	BALB/c	Liver			Expression profiling by array	Total RNA	mouse  BALB/c male	BALB/c; Liver	injected with STZ (185 mg/kg in 0.05M citrate buffer, pH 4.5)	AIN93G diet	GSM933357; GSM933358; GSM933359; GSM933360; GSM933361; GSM933362	an AIN93G diet containing 0.1%  quercetin for 2 weeks	GSM933363; GSM933364; GSM933365; GSM933366; GSM933367; GSM933368	feed	GPL1261:[Mouse430_2] Affymetrix Mouse Genome 430 2.0 Array
HBEXP000730	HBIN041495	quercetin	Ingredient	GSE38067	Mus musculus	BALB/c	Liver			Expression profiling by array	Total RNA	mouse  BALB/c male	BALB/c; Liver	injected with STZ (185 mg/kg in 0.05M citrate buffer, pH 4.5)	AIN93G diet	GSM933357; GSM933358; GSM933359; GSM933360; GSM933361; GSM933362	an AIN93G diet containing 0.5% quercetin for 2 weeks	GSM933369; GSM933370; GSM933371; GSM933372; GSM933373; GSM933374	feed	GPL1261:[Mouse430_2] Affymetrix Mouse Genome 430 2.0 Array
HBEXP000731	HBIN041495	quercetin	Ingredient	GSE38136	Mus musculus	BALB/c	Liver			Expression profiling by array	Total RNA	mouse  BALB/c male	BALB/c; Liver	/	a standard purified AIN-93G diet	GSM935660; GSM935661; GSM935662; GSM935663; GSM935664; GSM935665	a standard purified AIN-93G diet containing 0.1% (0.1) for 2 weeks	GSM935666; GSM935667; GSM935668; GSM935669; GSM935670; GSM935671	feed	GPL1261:[Mouse430_2] Affymetrix Mouse Genome 430 2.0 Array
HBEXP000732	HBIN041495	quercetin	Ingredient	GSE38136	Mus musculus	BALB/c	Liver			Expression profiling by array	Total RNA	mouse  BALB/c male	BALB/c; Liver	/	a standard purified AIN-93G diet	GSM935660; GSM935661; GSM935662; GSM935663; GSM935664; GSM935665	a standard purified AIN-93G diet containing 0.5% (0.5) quercertin (1.0) for 2 weeks	GSM935672; GSM935673; GSM935674; GSM935675; GSM935676; GSM935677	feed	GPL1261:[Mouse430_2] Affymetrix Mouse Genome 430 2.0 Array
HBEXP000733	HBIN041495	quercetin	Ingredient	GSE38136	Mus musculus	BALB/c	Liver			Expression profiling by array	Total RNA	mouse  BALB/c male	BALB/c; Liver	/	a standard purified AIN-93G diet	GSM935660; GSM935661; GSM935662; GSM935663; GSM935664; GSM935665	a standard purified AIN-93G diet containing  1% quercertin (1.0) for 2 weeks	GSM935678; GSM935679; GSM935680; GSM935681; GSM935682; GSM935683	feed	GPL1261:[Mouse430_2] Affymetrix Mouse Genome 430 2.0 Array
HBEXP000734	HBIN041495	quercetin	Ingredient	GSE38141	Mus musculus	C57BL/6J	Liver			Expression profiling by array	Total RNA	mouse  C56BL/6J male	C57BL/6J; Liver	/	a Western diet high in fat, cholesterol and sucrose	GSM935760; GSM935761; GSM935762; GSM935763; GSM935764; GSM935765	a Western diet with 0.05% quercetin for 20 weeks	GSM935766; GSM935767; GSM935768; GSM935769; GSM935770; GSM935771	feed	GPL1261:[Mouse430_2] Affymetrix Mouse Genome 430 2.0 Array
HBEXP000735	HBIN041495	quercetin	Ingredient	GSE38325	Mus musculus	C57BL/6J	Liver			Expression profiling by array	Total RNA	mouse C57/6J male	C57BL/6J; Liver	/	High fat diet	GSM940128; GSM940131; GSM940133; GSM940136; GSM940139; GSM940141	high fat diet plus 0.4% quercetin (4 g/kg diet) for 26 weeks	GSM940144; GSM940146; GSM940148; GSM940151; GSM940153	feed	GPL7202:Agilent-014868 Whole Mouse Genome Microarray 4x44K G4122F (Probe Name version)
HBEXP000736	HBIN041495	quercetin	Ingredient	GSE39140	Mus musculus	C57BL/6J	Liver			Expression profiling by array	Total RNA	mouse  C56BL/6J male	C57BL/6J; Liver	/	a high-fat diet 	GSM956715; GSM956716; GSM956717; GSM956718; GSM956719; GSM956720; GSM956721; GSM956722; GSM956723; GSM956724; GSM956725; GSM956726	high fat diet supplemented with 0.33 % (w/w) quercetin for 12 weeks	GSM956727; GSM956728; GSM956729; GSM956730; GSM956731; GSM956732; GSM956733; GSM956734; GSM956735; GSM956736; GSM956737; GSM956738	feed	GPL4134:Agilent-014868 Whole Mouse Genome Microarray 4x44K G4122F (Feature Number version)
HBEXP000737	HBIN041495	quercetin	Ingredient	GSE4256	Mus musculus	C57BL/6	Colon			Expression profiling by array	Total RNA	mouse C57BL/6 male	C57BL/6; Colon	/	RM3 (E) 801710 Soya-free powdered diet	GSM96781; GSM96782; GSM96783	Soya-free powdered diet + 7mg quercetin for 24h	GSM96784; GSM96785; GSM96786	feed	GPL339:[MOE430A] Affymetrix Mouse Expression 430A Array
HBEXP000738	HBIN041495	quercetin	Ingredient	GSE4256	Mus musculus	C57BL/6	Colon			Expression profiling by array	Total RNA	mouse C57BL/6 male	C57BL/6; Colon	P450 reductase null (KO) 	RM3 (E) 801710 Soya-free powdered diet	GSM96787; GSM96788; GSM96789	Soya-free powdered diet + 7mg quercetin for 24h	GSM96790; GSM96791; GSM96792	feed	GPL339:[MOE430A] Affymetrix Mouse Expression 430A Array
HBEXP000739	HBIN041495	quercetin	Ingredient	GSE4257	Mus musculus	C57BL/6	Ileum			Expression profiling by array	Total RNA	mouse C57BL/6 male	C57BL/6; Ileum	/	RM3 (E) 801710 Soya-free powdered diet	GSM96861; GSM96862; GSM96863	Soya-free powdered diet + 7mg quercetin for 24h	GSM96864; GSM96865; GSM96866	feed	GPL339:[MOE430A] Affymetrix Mouse Expression 430A Array
HBEXP000740	HBIN041495	quercetin	Ingredient	GSE4257	Mus musculus	C57BL/6	Ileum			Expression profiling by array	Total RNA	mouse C57BL/6 male	C57BL/6; Ileum	P450 reductase null (KO) 	RM3 (E) 801710 Soya-free powdered diet	GSM96867; GSM96868; GSM96869	Soya-free powdered diet + 7mg quercetin for 24h	GSM96870; GSM96871; GSM96872	feed	GPL339:[MOE430A] Affymetrix Mouse Expression 430A Array
HBEXP000741	HBIN041495	quercetin	Ingredient	GSE4258	Mus musculus	C57BL/6	Jejunum			Expression profiling by array	Total RNA	mouse C57BL/6 male	C57BL/6; Jejunum	/	RM3 (E) 801710 Soya-free powdered diet	GSM96873; GSM96874; GSM96875	Soya-free powdered diet + 7mg quercetin for 24h	GSM96876; GSM96877; GSM96878	feed	GPL339:[MOE430A] Affymetrix Mouse Expression 430A Array
HBEXP000742	HBIN041495	quercetin	Ingredient	GSE4258	Mus musculus	C57BL/6	Jejunum			Expression profiling by array	Total RNA	mouse C57BL/6 male	C57BL/6; Jejunum	P450 reductase null (KO) 	RM3 (E) 801710 Soya-free powdered diet	GSM96879; GSM96880; GSM96881	Soya-free powdered diet + 7mg quercetin for 24h	GSM96882; GSM96883; GSM96884	feed	GPL339:[MOE430A] Affymetrix Mouse Expression 430A Array
HBEXP000743	HBIN041495	quercetin	Ingredient	GSE4259	Mus musculus	C57BL/6	Liver			Expression profiling by array	Total RNA	mouse C57BL/6 male	C57BL/6; Liver	/	RM3 (E) 801710 Soya-free powdered diet	GSM96885; GSM96886; GSM96887	Soya-free powdered diet + 7mg quercetin for 24h	GSM96888; GSM96889; GSM96890	feed	GPL339:[MOE430A] Affymetrix Mouse Expression 430A Array
HBEXP000744	HBIN041495	quercetin	Ingredient	GSE4259	Mus musculus	C57BL/6	Liver			Expression profiling by array	Total RNA	mouse C57BL/6 male	C57BL/6; Liver	P450 reductase null (KO) 	RM3 (E) 801710 Soya-free powdered diet	GSM96891; GSM96892; GSM96893	Soya-free powdered diet + 7mg quercetin for 24h	GSM96894; GSM96895; GSM96896	feed	GPL339:[MOE430A] Affymetrix Mouse Expression 430A Array
HBEXP000745	HBIN041495	quercetin	Ingredient	GSE51343	Mus musculus	C57BL/6J	Liver			Expression profiling by array	Total RNA	mouse  C56BL/6J male	C57BL/6J; Liver	/	a high-fat diet 	GSM1242976; GSM1242977; GSM1242978; GSM1242979; GSM1242980; GSM1242981; GSM1242982; GSM1242983; GSM1242984; GSM1242985; GSM1242986	supplementation of 0.33% (w/w) quercetin for 12 weeks	GSM1242987; GSM1242988; GSM1242989; GSM1242990; GSM1242991; GSM1242992; GSM1242993; GSM1242994; GSM1242995; GSM1242996	feed	GPL13912:Agilent-028005 SurePrint G3 Mouse GE 8x60K Microarray (Feature Number version)
HBEXP000746	HBIN041495	quercetin	Ingredient	GSE59368	Homo sapiens			Fibrosarcoma	HT1080	Expression profiling by array	Total RNA	human cellline	Fibrosarcoma; HT1080	/	DMSO	GSM1435976; GSM1435977; GSM1435978; GSM1435979; GSM1435980; GSM1435981	QUE for 24h HT1080_ETP_1	GSM1435933; GSM1435934; GSM1435935; GSM1435936; GSM1435937; GSM1435938	treated	GPL13158:[HT_HG-U133_Plus_PM] Affymetrix HT HG-U133+ PM Array Plate
HBEXP000747	HBIN041495	quercetin	Ingredient	GSE59368	Homo sapiens			Fibrosarcoma	HT1080	Expression profiling by array	Total RNA	human cellline	Fibrosarcoma; HT1080	/	DMSO	GSM1435976; GSM1435977; GSM1435978; GSM1435979; GSM1435980; GSM1435981	QUE for 24h HT1080_ETP_3	GSM1435939; GSM1435940; GSM1435941; GSM1435942; GSM1435943; GSM1435944	treated	GPL13158:[HT_HG-U133_Plus_PM] Affymetrix HT HG-U133+ PM Array Plate
HBEXP000748	HBIN041495	quercetin	Ingredient	GSE59368	Homo sapiens			Fibrosarcoma	HT1080	Expression profiling by array	Total RNA	human cellline	Fibrosarcoma; HT1080	/	DMSO	GSM1435976; GSM1435977; GSM1435978; GSM1435979; GSM1435980; GSM1435981	QUE for 24h HT1080_ETP_10	GSM1435945; GSM1435946; GSM1435947; GSM1435948; GSM1435949; GSM1435950	treated	GPL13158:[HT_HG-U133_Plus_PM] Affymetrix HT HG-U133+ PM Array Plate
HBEXP000749	HBIN041495	quercetin	Ingredient	GSE59368	Homo sapiens			Fibrosarcoma	HT1080	Expression profiling by array	Total RNA	human cellline	Fibrosarcoma; HT1080	/	DMSO	GSM1435976; GSM1435977; GSM1435978; GSM1435979; GSM1435980; GSM1435981	QUE for 24h HT1080_ETP_30	GSM1435951; GSM1435952; GSM1435953; GSM1435954; GSM1435955; GSM1435956	treated	GPL13158:[HT_HG-U133_Plus_PM] Affymetrix HT HG-U133+ PM Array Plate
HBEXP000750	HBIN041495	quercetin	Ingredient	GSE59368	Homo sapiens			Fibrosarcoma	HT1080	Expression profiling by array	Total RNA	human cellline	Fibrosarcoma; HT1080	/	DMSO	GSM1435976; GSM1435977; GSM1435978; GSM1435979; GSM1435980; GSM1435981	QUE for 24h HT1080_ETP_60	GSM1435957; GSM1435958; GSM1435959; GSM1435960; GSM1435961; GSM1435962	treated	GPL13158:[HT_HG-U133_Plus_PM] Affymetrix HT HG-U133+ PM Array Plate
HBEXP000751	HBIN041495	quercetin	Ingredient	GSE59368	Homo sapiens			Fibrosarcoma	HT1080	Expression profiling by array	Total RNA	human cellline	Fibrosarcoma; HT1080	/	DMSO	GSM1435976; GSM1435977; GSM1435978; GSM1435979; GSM1435980; GSM1435981	QUE for 24h HT1080_ETP_80	GSM1435963; GSM1435964; GSM1435965; GSM1435966; GSM1435967; GSM1435968	treated	GPL13158:[HT_HG-U133_Plus_PM] Affymetrix HT HG-U133+ PM Array Plate
HBEXP000752	HBIN041495	quercetin	Ingredient	GSE59368	Homo sapiens			Fibrosarcoma	HT1080	Expression profiling by array	Total RNA	human cellline	Fibrosarcoma; HT1080	/	DMSO	GSM1435976; GSM1435977; GSM1435978; GSM1435979; GSM1435980; GSM1435981	QUE for 24h HT1080_ETP_100	GSM1435969; GSM1435970; GSM1435971; GSM1435972; GSM1435973; GSM1435974; GSM1435975	treated	GPL13158:[HT_HG-U133_Plus_PM] Affymetrix HT HG-U133+ PM Array Plate
HBEXP000753	HBIN041495	quercetin	Ingredient	GSE62805	Mus musculus	C57BL/6J	Liver			Expression profiling by array	Total RNA	mouse C57BL/6J male	C57BL/6J; Liver	/	a AIN-93G diet	GSM1533635; GSM1533636; GSM1533637; GSM1533638; GSM1533639; GSM1533640	a AIN-93G diet containing 0.05% (0.05% quercetin diet) quercertin for 20 weeks	GSM1533641; GSM1533642; GSM1533643; GSM1533644; GSM1533645; GSM1533646	feed	GPL1261:[Mouse430_2] Affymetrix Mouse Genome 430 2.0 Array
HBEXP000754	HBIN041495	quercetin	Ingredient	GSE62805	Mus musculus	C57BL/6J	Liver			Expression profiling by array	Total RNA	mouse C57BL/6J male	C57BL/6J; Liver	/	a AIN-93G diet	GSM1533635; GSM1533636; GSM1533637; GSM1533638; GSM1533639; GSM1533640	a AIN-93G diet containingor 1% quercertin for 20 weeks	GSM1533647; GSM1533648; GSM1533649; GSM1533650; GSM1533651; GSM1533652	feed	GPL1261:[Mouse430_2] Affymetrix Mouse Genome 430 2.0 Array
HBEXP000755	HBIN041495	quercetin	Ingredient	GSE63227	Mus musculus	C57BL/6J	Small intestine			Expression profiling by array	Total RNA	mouse C57BL/6J male	C57BL/6J; Small intestine	/	a high-fat diet 	GSM1544047; GSM1544048; GSM1544049; GSM1544050; GSM1544051; GSM1544052; GSM1544053; GSM1544054; GSM1544055; GSM1544056; GSM1544057; GSM1544058	with supplementation of 0.33% (w/w) quercetin (HF-Q) for 12 weeks	GSM1544059; GSM1544060; GSM1544061; GSM1544062; GSM1544063; GSM1544064; GSM1544065; GSM1544066; GSM1544067; GSM1544068; GSM1544069	feed	GPL13912:Agilent-028005 SurePrint G3 Mouse GE 8x60K Microarray (Feature Number version)
HBEXP000756	HBIN041495	quercetin	Ingredient	GSE71367	Mus musculus	C57BL/6J	Epididymal adipose			Expression profiling by array	Total RNA	mouse C57BL/6J male	C57BL/6J; Epididymal adipose	/	a Western diet high in fat, cholesterol, and sucrose	GSM1833093; GSM1833094; GSM1833095; GSM1833096; GSM1833097; GSM1833098; GSM1833099; GSM1833100; GSM1833101	same Western diet containing 0.05% quercetin for 18 weeks	GSM1833102; GSM1833103; GSM1833104; GSM1833105; GSM1833106; GSM1833107; GSM1833108; GSM1833109; GSM1833110	feed	GPL1261:[Mouse430_2] Affymetrix Mouse Genome 430 2.0 Array
HBEXP000757	HBIN041495	quercetin	Ingredient	GSE7259	Homo sapiens			Colon carcinoma	Caco-2	Expression profiling by array	Total RNA	human cellline	Colon carcinoma; Caco-2	/	no treatment	GSM174945; GSM174946	quercetin for 5 days	GSM174819; GSM174944	treated	GPL571:[HG-U133A_2] Affymetrix Human Genome U133A 2.0 Array
HBEXP000758	HBIN041495	quercetin	Ingredient	GSE7259	Homo sapiens			Colon carcinoma	Caco-2	Expression profiling by array	Total RNA	human cellline	Colon carcinoma; Caco-2	/	no treatment	GSM174945; GSM174946	quercetin for 10 days	GSM174947; GSM174948	treated	GPL571:[HG-U133A_2] Affymetrix Human Genome U133A 2.0 Array
HBEXP000759	HBIN042099	Resibufogenin	Ingredient	GSE85871	Homo sapiens			Breast cancer	MCF-7	Expression profiling by array	Total RNA	human cellline	Breast cancer; MCF-7	/	vehicle control (DMSO)	GSM2286248; GSM2286249; GSM2286316; GSM2286317; GSM2286398; GSM2286399	1uM Resibufogenin for 12h	GSM2286300; GSM2286301	treated	GPL571:[HG-U133A_2] Affymetrix Human Genome U133A 2.55 Array
HBEXP000760	HBIN042111	resveratrol	Ingredient	GSE11291	Mus musculus	B6C3F1	Heart			Expression profiling by array	Total RNA	mouse	B6C3F1; Heart	/	a control diet	GSM284972; GSM284973; GSM284974; GSM284975; GSM284976	4.9 mg resveratrol per kg bodyweight	GSM284982; GSM284983; GSM284984; GSM284985; GSM284986	feed	GPL1261:[Mouse430_2] Affymetrix Mouse Genome 430 2.0 Array
HBEXP000761	HBIN042111	resveratrol	Ingredient	GSE11291	Mus musculus	B6C3F1	Gastrocnemius muscle			Expression profiling by array	Total RNA	mouse	B6C3F1; Gastrocnemius muscle	/	a control diet	GSM284992; GSM284993; GSM284994; GSM284995; GSM284996	4.9 mg resveratrol per kg bodyweight	GSM285002; GSM285003; GSM285004; GSM285005; GSM285006	feed	GPL1261:[Mouse430_2] Affymetrix Mouse Genome 430 2.0 Array
HBEXP000762	HBIN042111	resveratrol	Ingredient	GSE113298	Mus musculus	C57BL/6	Cortex			Expression profiling by high throughput sequencing	mRNA	mouse	C57BL/6; Cortex	/	vehicle control	GSM3103062; GSM3103063; GSM3103064	resveratrol (10mg/kg) for 2 weeks	GSM3103065; GSM3103066; GSM3103067	intra-peritoneal injection	GPL17021:Illumina HiSeq 2500 (Mus musculus)
HBEXP000763	HBIN042111	resveratrol	Ingredient	GSE117620	Homo sapiens			Anaplastic astrocytoma cell	TB98	Expression profiling by high throughput sequencing	mRNA	human cellline	Anaplastic astrocytoma cell; TB98	/	DMSO	GSM3305243; GSM3305244; GSM3305245	20uM resveratrol for 24h	GSM3305240; GSM3305241; GSM3305242	treated	GPL20301:Illumina HiSeq 4000 (Homo sapiens)
HBEXP000764	HBIN042111	resveratrol	Ingredient	GSE117620	Homo sapiens			Anaplastic astrocytoma cell	TB98	Expression profiling by high throughput sequencing	mRNA	human cellline	Anaplastic astrocytoma cell; TB98	/	DMSO	GSM3305243; GSM3305244; GSM3305245	10nM resveratrol for 24h	GSM3305246; GSM3305247; GSM3305248	treated	GPL20301:Illumina HiSeq 4000 (Homo sapiens)
HBEXP000765	HBIN042111	resveratrol	Ingredient	GSE117620	Homo sapiens			Anaplastic astrocytoma cell	TB98	Expression profiling by high throughput sequencing	mRNA	human cellline	Anaplastic astrocytoma cell; TB98	/	DMSO	GSM3305243; GSM3305244; GSM3305245	2nM resveratrol for 24h	GSM3305249; GSM3305250; GSM3305251	treated	GPL20301:Illumina HiSeq 4000 (Homo sapiens)
HBEXP000766	HBIN042111	resveratrol	Ingredient	GSE25412	Homo sapiens			Breast cancer	MCF-7	Expression profiling by array	Total RNA	human	Breast cancer; MCF-7	/	vehicle control	GSM624008; GSM624009; GSM624010	150uM resveratrol fro 8h 	GSM624011; GSM624012; GSM624013	treated	GPL6244:[HuGene-1_0-st] Affymetrix Human Gene 1.0 ST Array [transcript (gene) version]
HBEXP000767	HBIN042111	resveratrol	Ingredient	GSE25412	Homo sapiens			Breast cancer	MCF-7	Expression profiling by array	Total RNA	human	Breast cancer; MCF-7	/	vehicle control	GSM624008; GSM624009; GSM624010	250uM resveratrol for 8h	GSM624014; GSM624015; GSM624016	treated	GPL6244:[HuGene-1_0-st] Affymetrix Human Gene 1.0 ST Array [transcript (gene) version]
HBEXP000768	HBIN042111	resveratrol	Ingredient	GSE31685	Homo sapiens		Rheumatoid arthritis	Synovial membrane		Expression profiling by array	Total RNA	human	Rheumatoid arthritis; Synovial membrane	/	no treatment	GSM786584; GSM786586; GSM786588	100uM resveratrol	GSM786585; GSM786587; GSM786589	treated	GPL6244:[HuGene-1_0-st] Affymetrix Human Gene 1.0 ST Array [transcript (gene) version]
HBEXP000769	HBIN042111	resveratrol	Ingredient	GSE32357	Homo sapiens		Vastus lateralis muscle			Expression profiling by array	Total RNA	human	Vastus lateralis muscle	/	placebo	GSM801199; GSM801201; GSM801202; GSM801204; GSM801206; GSM801208; GSM801211; GSM801212; GSM801214; GSM801216	150 mg/day resveratrol for 30 days	GSM801198; GSM801200; GSM801203; GSM801205; GSM801207; GSM801209; GSM801210; GSM801213; GSM801215; GSM801217	oral	GPL11532:[HuGene-1_1-st] Affymetrix Human Gene 1.1 ST Array [transcript (gene) version]
HBEXP000770	HBIN042111	resveratrol	Ingredient	GSE36930	Homo sapiens		Peripheral blood	PBMC		Expression profiling by array	Total RNA	human	Peripheral blood; PBMC	/	vehicle control	GSM906485; GSM906486; GSM906487; GSM906488; GSM906489; GSM906490	resveratrol-enriched for 0h	GSM906503; GSM906504; GSM906505; GSM906506; GSM906507; GSM906508	treated	GPL6244:[HuGene-1_0-st] Affymetrix Human Gene 1.0 ST Array [transcript (gene) version]
HBEXP000771	HBIN042111	resveratrol	Ingredient	GSE36930	Homo sapiens		Peripheral blood	PBMC		Expression profiling by array	Total RNA	human	Peripheral blood; PBMC	/	vehicle control	GSM906485; GSM906486; GSM906487; GSM906488; GSM906489; GSM906490	resveratrol-enriched for 6h	GSM906509; GSM906510; GSM906511; GSM906512; GSM906513; GSM906514	treated	GPL6244:[HuGene-1_0-st] Affymetrix Human Gene 1.0 ST Array [transcript (gene) version]
HBEXP000772	HBIN042111	resveratrol	Ingredient	GSE36930	Homo sapiens		Peripheral blood	PBMC		Expression profiling by array	Total RNA	human	Peripheral blood; PBMC	/	vehicle control	GSM906485; GSM906486; GSM906487; GSM906488; GSM906489; GSM906490	resveratrol-enriched for 12h	GSM906516; GSM906517; GSM906518; GSM906519; GSM906520	treated	GPL6244:[HuGene-1_0-st] Affymetrix Human Gene 1.0 ST Array [transcript (gene) version]
HBEXP000773	HBIN042111	resveratrol	Ingredient	GSE38325	Mus musculus	C57BL/6J	Liver			Expression profiling by array	Total RNA	mouse C57/6J 	C57BL/6J; Liver	high fat diet (HFD)	no treatment	GSM940128; GSM940131; GSM940133; GSM940136; GSM940139; GSM940141	0.4% resveratrol (4g/kg diet) for 26 weeks	GSM940155; GSM940158; GSM940159; GSM940162; GSM940164; GSM940167	feed	GPL7202:Agilent-014868 Whole Mouse Genome Microarray 4x44K G4122F (Probe Name version)
HBEXP000774	HBIN042111	resveratrol	Ingredient	GSE39551	Mus musculus	C57BL/6	Hippocampus			Expression profiling by array	Total RNA	mouse C57BL/6	C57BL/6; Hippocampus	/	DMSO	GSM971596; GSM971598	resveratrol for 24h	GSM971597; GSM971599	treated	GPL7202:Agilent-014868 Whole Mouse Genome Microarray 4x44K G4122F (Probe Name version)
HBEXP000775	HBIN042111	resveratrol	Ingredient	GSE41168	Homo sapiens		Adipose			Expression profiling by array	Total RNA	human	Adipose	/	before treatment	GSM1009760; GSM1009772; GSM1009776; GSM1009800; GSM1009804; GSM1009812; GSM1009820; GSM1009828; GSM1009836; GSM1009844; GSM1009854; GSM1009872; GSM1009886	12 weeks of resveratrol supplementation (75 mg/day) in non-obese, postmenopausal women	GSM1009761; GSM1009773; GSM1009777; GSM1009801; GSM1009805; GSM1009813; GSM1009821; GSM1009829; GSM1009837; GSM1009845; GSM1009855; GSM1009873; GSM1009887	oral gavage	GPL570:[HG-U133_Plus_2] Affymetrix Human Genome U133 Plus 2.0 Array
HBEXP000776	HBIN042111	resveratrol	Ingredient	GSE41168	Homo sapiens		Skeletal muscle			Expression profiling by array	Total RNA	human	Skeletal muscle	/	before treatment	GSM1009762; GSM1009792; GSM1009814; GSM1009822; GSM1009830; GSM1009838; GSM1009846; GSM1009856; GSM1009888	12 weeks of resveratrol supplementation (75 mg/day) in non-obese, postmenopausal women	GSM1009763; GSM1009793; GSM1009815; GSM1009823; GSM1009831; GSM1009839; GSM1009847; GSM1009857; GSM1009889	oral gavage	GPL570:[HG-U133_Plus_2] Affymetrix Human Genome U133 Plus 2.0 Array
HBEXP000777	HBIN042111	resveratrol	Ingredient	GSE42432	Homo sapiens		White adipose			Expression profiling by array	Total RNA	human	White adipose	/	placebo	GSM1039952; GSM1039954; GSM1039955; GSM1039957; GSM1039959; GSM1039962; GSM1039963; GSM1039965; GSM1039967	150 mg/day resveratrol for 30 days	GSM1039951; GSM1039953; GSM1039956; GSM1039958; GSM1039960; GSM1039961; GSM1039964; GSM1039966; GSM1039968	feed	GPL11532:[HuGene-1_1-st] Affymetrix Human Gene 1.1 ST Array [transcript (gene) version]
HBEXP000778	HBIN042111	resveratrol	Ingredient	GSE6089	Mus musculus	C57BL/6NIA	Liver			Expression profiling by array	Total RNA	mouse C57BL/6	C57BL/6NIA; Liver	High Calorie Diet	no treatment	GSM140959; GSM140960; GSM140961; GSM140962; GSM140963	0.04% resveratrol 	GSM140964; GSM140965; GSM140966; GSM140967	feed	GPL2872:Agilent-012694 Whole Mouse Genome G4122A (Feature Number version)
HBEXP000779	HBIN042111	resveratrol	Ingredient	GSE62194	Mus musculus	C57BL/6	Cerebellum			Expression profiling by array	Total RNA	mouse C57BL/6	C57BL/6; Cerebellum	/	Standard diet 	GSM1521825; GSM1521826; GSM1521827; GSM1521828	supplemented with 100 mg/kgchow resveratrol for 8 months	GSM1521820; GSM1521821; GSM1521822; GSM1521823; GSM1521824	feed	GPL6885:Illumina MouseRef-8 v2.0 expression beadchip
HBEXP000780	HBIN042111	resveratrol	Ingredient	GSE62194	Mus musculus	C57BL/6	Cerebellum			Expression profiling by array	Total RNA	mouse C57BL/6	C57BL/6; Cerebellum	phenotype of Csbm/m	Standard diet 	GSM1521806; GSM1521807; GSM1521808; GSM1521809; GSM1521810; GSM1521811	supplemented with 100 mg/kgchow resveratrol for 8 months	GSM1521800; GSM1521801; GSM1521802; GSM1521803; GSM1521804; GSM1521805	feed	GPL6885:Illumina MouseRef-8 v2.0 expression beadchip
HBEXP000781	HBIN042111	resveratrol	Ingredient	GSE65634	Homo sapiens			Fibroblast	C1	Expression profiling by high throughput sequencing	mRNA	human cellline	Fibroblast; C1	/	DMSO	GSM1602250; GSM1602251	75uM resveratrol for 72h	GSM1602253; GSM1602254	treated	GPL11154:Illumina HiSeq 2000 (Homo sapiens)
HBEXP000782	HBIN042111	resveratrol	Ingredient	GSE65634	Homo sapiens			Fibroblast	C1	Expression profiling by high throughput sequencing	mRNA	human cellline	Fibroblast; C1	/	DMSO	GSM1602250; GSM1602251	75uM resveratrol for 72h	GSM1602261; GSM1602262	treated	GPL11154:Illumina HiSeq 2000 (Homo sapiens)
HBEXP000783	HBIN042111	resveratrol	Ingredient	GSE65634	Homo sapiens			Fibroblast	C1	Expression profiling by high throughput sequencing	mRNA	human cellline	Fibroblast; C1	/	DMSO	GSM1602250; GSM1602251	patient 75uM resveratrol for 72h	GSM1602269; GSM1602270	treated	GPL11154:Illumina HiSeq 2000 (Homo sapiens)
HBEXP000784	HBIN042111	resveratrol	Ingredient	GSE65634	Homo sapiens			Fibroblast	C1	Expression profiling by high throughput sequencing	mRNA	human cellline	Fibroblast; C1	/	DMSO	GSM1602250; GSM1602251	patient 75uM resveratrol for 72h	GSM1602277; GSM1602278	treated	GPL11154:Illumina HiSeq 2000 (Homo sapiens)
HBEXP000785	HBIN042111	resveratrol	Ingredient	GSE68421	Homo sapiens		Liver			Expression profiling by array	Total RNA	human	Liver	/	baseline	GSM1671450; GSM1671452; GSM1671454; GSM1671456; GSM1671458; GSM1671460; GSM1671462	resveratrol 1.5 g daily (RSV) for 6 months	GSM1671451; GSM1671453; GSM1671455; GSM1671457; GSM1671459; GSM1671461; GSM1671463	oral	GPL16686:[HuGene-2_0-st] Affymetrix Human Gene 2.0 ST Array [transcript (gene) version]
HBEXP000786	HBIN042111	resveratrol	Ingredient	GSE7111	Mus musculus			Preadipocyte	3T3-L1	Expression profiling by array	Total RNA	mouse	Preadipocyte; 3T3-L1	/	no treatment	GSM170939; GSM179962; GSM179964	resveratrol	GSM179965; GSM179966; GSM179968	treated	GPL1261:[Mouse430_2] Affymetrix Mouse Genome 430 2.0 Array
HBEXP000787	HBIN042111	resveratrol	Ingredient	GSE72119	Homo sapiens		Skin	Primary neonatal normal human epidermal keratinocyte (NHEK)		Expression profiling by array	Total RNA	human cellline	Skin; Primary neonatal normal human epidermal keratinocyte (NHEK)	/	vehicle control	GSM1855605; GSM1855606; GSM1855607; GSM1855608	50uM resveratrol for 16h 	GSM1855602; GSM1855603; GSM1855604	treated	GPL6947:Illumina HumanHT-12 V3.0 expression beadchip
HBEXP000788	HBIN042111	resveratrol	Ingredient	GSE78233	Homo sapiens			Acute monocytic leukemia	THP1	Expression profiling by array	Total RNA	human cellline	Acute monocytic leukemia; THP1	/	no treatment	GSM2069981; GSM2069982; GSM2069983	100uM resveratrol for 24h	GSM2069984; GSM2069985; GSM2069986	treated	GPL10558:Illumina HumanHT-12 V4.0 expression beadchip
HBEXP000789	HBIN042111	resveratrol	Ingredient	GSE79109	Mus musculus		Liver			Expression profiling by array	Total RNA	mouse	Liver	/	normal diet	GSM2085964; GSM2085965; GSM2085966	normal diet+resveratrol	GSM2085970; GSM2085971; GSM2085972	feed	GPL11202:Agilent-026655 Whole Mouse Genome Microarray 4x44K v2 (Probe Name version)
HBEXP000790	HBIN042111	Resveratrol	Ingredient	GSE85871	Homo sapiens			Breast cancer	MCF-7	Expression profiling by array	Total RNA	human cellline	Breast cancer; MCF-7	/	vehicle control (DMSO)	GSM2286248; GSM2286249; GSM2286316; GSM2286317; GSM2286398; GSM2286399	10uM Resveratrol for 12h	GSM2286246; GSM2286247	treated	GPL571:[HG-U133A_2] Affymetrix Human Genome U133A 2.29 Array
HBEXP000791	HBIN042111	resveratrol	Ingredient	GSE9008	Homo sapiens			Lung cancer	A549	Expression profiling by array	Total RNA	human cellline	Lung cancer; A549	/	ethanol	GSM228717	resveratrol (25microM) for 48h	GSM228718; GSM228719; GSM228720	treated	GPL570:[HG-U133_Plus_2] Affymetrix Human Genome U133 Plus 2.0 Array
HBEXP000792	HBIN042306	riboflavin	Ingredient	GSE15132	Homo sapiens			Colon carcinoma	Caco-2	Expression profiling by array	Total RNA	human cellline	Colon carcinoma; Caco-2	/	no treatment	GSM378153; GSM378159; GSM378165	riboflavin depletion for 24h	GSM378154; GSM378160; GSM378166	treated	GPL570:[HG-U133_Plus_2] Affymetrix Human Genome U133 Plus 2.0 Array
HBEXP000793	HBIN042306	riboflavin	Ingredient	GSE15132	Homo sapiens			Colon carcinoma	Caco-2	Expression profiling by array	Total RNA	human cellline	Colon carcinoma; Caco-2	/	no treatment	GSM378153; GSM378159; GSM378165	riboflavin depletion for 48h	GSM378156; GSM378162; GSM378168	treated	GPL570:[HG-U133_Plus_2] Affymetrix Human Genome U133 Plus 2.0 Array
HBEXP000794	HBIN042306	riboflavin	Ingredient	GSE15132	Homo sapiens			Colon carcinoma	Caco-2	Expression profiling by array	Total RNA	human cellline	Colon carcinoma; Caco-2	/	no treatment	GSM378153; GSM378159; GSM378165	riboflavin depletion for 72h	GSM378158; GSM378164; GSM378170	treated	GPL570:[HG-U133_Plus_2] Affymetrix Human Genome U133 Plus 2.0 Array
HBEXP000795	HBIN042438	rosmarinic acid	Ingredient	GSE133277	Homo sapiens		Placenta	Amnion epithelial cell		Expression profiling by array	Total RNA	human cellline	Placenta; Amnion epithelial cell	/	no treatment	GSM3904685; GSM3904686; GSM3904687	20uM RA for 7 days	GSM3904682; GSM3904683; GSM3904684	treated	GPL13667:[HG-U219] Affymetrix Human Genome U219 Array
HBEXP000796	HBIN042466	rotenone	Ingredient	GSE116280	Homo sapiens			Dopaminergic cell	LUHMES	Expression profiling by array	Total RNA	human cellline	Dopaminergic cell; LUHMES	differentiation_7d	DMSO	GSM3223749; GSM3223750; GSM3223751	rotenone 50nM for 12h	GSM3223752; GSM3223753; GSM3223754	treated	GPL17077:Agilent-039494 SurePrint G3 Human GE v2 8x60K Microarray 039381 (Probe Name version)
HBEXP000797	HBIN042466	rotenone	Ingredient	GSE116280	Homo sapiens			Dopaminergic cell	LUHMES	Expression profiling by array	Total RNA	human cellline	Dopaminergic cell; LUHMES	differentiation_7d	DMSO	GSM3223749; GSM3223750; GSM3223751	rotenone 50nM for 24h	GSM3223755; GSM3223756; GSM3223757	treated	GPL17077:Agilent-039494 SurePrint G3 Human GE v2 8x60K Microarray 039381 (Probe Name version)
HBEXP000798	HBIN042466	rotenone	Ingredient	GSE116280	Homo sapiens			Dopaminergic cell	LUHMES	Expression profiling by array	Total RNA	human cellline	Dopaminergic cell; LUHMES	differentiation_7d	DMSO	GSM3223749; GSM3223750; GSM3223751	rotenone 100nM for 24h	GSM3223758; GSM3223759; GSM3223760	treated	GPL17077:Agilent-039494 SurePrint G3 Human GE v2 8x60K Microarray 039381 (Probe Name version)
HBEXP000799	HBIN042466	rotenone	Ingredient	GSE116280	Homo sapiens			Dopaminergic cell	LUHMES	Expression profiling by array	Total RNA	human cellline	Dopaminergic cell; LUHMES	differentiation_15d	DMSO	GSM3223761; GSM3223762; GSM3223763	rotenone 50nM for 12h	GSM3223764; GSM3223765; GSM3223766	treated	GPL17077:Agilent-039494 SurePrint G3 Human GE v2 8x60K Microarray 039381 (Probe Name version)
HBEXP000800	HBIN042466	rotenone	Ingredient	GSE116280	Homo sapiens			Dopaminergic cell	LUHMES	Expression profiling by array	Total RNA	human cellline	Dopaminergic cell; LUHMES	differentiation_15d	DMSO	GSM3223761; GSM3223762; GSM3223763	rotenone 50nM for 24h	GSM3223767; GSM3223768; GSM3223769	treated	GPL17077:Agilent-039494 SurePrint G3 Human GE v2 8x60K Microarray 039381 (Probe Name version)
HBEXP000801	HBIN042466	rotenone	Ingredient	GSE116280	Homo sapiens			Dopaminergic cell	LUHMES	Expression profiling by array	Total RNA	human cellline	Dopaminergic cell; LUHMES	differentiation_15d	DMSO	GSM3223761; GSM3223762; GSM3223763	rotenone 100nM for 24h	GSM3223770; GSM3223771; GSM3223772	treated	GPL17077:Agilent-039494 SurePrint G3 Human GE v2 8x60K Microarray 039381 (Probe Name version)
HBEXP000802	HBIN042466	rotenone	Ingredient	GSE13034	Mus musculus		Embryonic fibroblast			Expression profiling by array	Total RNA	mouse	Embryonic fibroblast	/	vehicle control	GSM326530; GSM326531; GSM326532	1uM rotenone (rot) for 4h	GSM326533; GSM326534; GSM326535	treated	GPL339:[MOE430A] Affymetrix Mouse Expression 430A Array
HBEXP000803	HBIN042466	rotenone	Ingredient	GSE13034	Mus musculus		Embryonic fibroblast			Expression profiling by array	Total RNA	mouse	Embryonic fibroblast	HtrA2 knockout	vehicle control	GSM326536; GSM326537; GSM326538	1uM rotenone (rot) for 4h	GSM326539; GSM326540; GSM326541	treated	GPL339:[MOE430A] Affymetrix Mouse Expression 430A Array
HBEXP000804	HBIN042466	rotenone	Ingredient	GSE22997	Mus musculus	Swiss Albino	Primary cortical neuron			Expression profiling by array	Total RNA	mouse	Swiss Albino; Primary cortical neuron	/	vehicle control	GSM567521; GSM567522; GSM567523; GSM567524	10nM rotenone over a time-course for 8h	GSM567532; GSM567533; GSM567534	treated	GPL6103:Illumina mouseRef-8 v1.1 expression beadchip
HBEXP000805	HBIN042466	rotenone	Ingredient	GSE22997	Mus musculus	Swiss Albino	Primary cortical neuron			Expression profiling by array	Total RNA	mouse	Swiss Albino; Primary cortical neuron	/	vehicle control	GSM567521; GSM567522; GSM567523; GSM567524	10nM rotenone over a time-course for 15h	GSM567535; GSM567536; GSM567537	treated	GPL6103:Illumina mouseRef-8 v1.1 expression beadchip
HBEXP000806	HBIN042466	rotenone	Ingredient	GSE22997	Mus musculus	Swiss Albino	Primary cortical neuron			Expression profiling by array	Total RNA	mouse	Swiss Albino; Primary cortical neuron	/	vehicle control	GSM567521; GSM567522; GSM567523; GSM567524	10nM rotenone over a time-course for 24h	GSM567538; GSM567539; GSM567540	treated	GPL6103:Illumina mouseRef-8 v1.1 expression beadchip
HBEXP000807	HBIN042466	rotenone	Ingredient	GSE35642	Homo sapiens			Neuroepithelioma	SK-N-MC	Expression profiling by array	Total RNA	human cellline	Neuroepithelioma; SK-N-MC	/	vehicle control	GSM872400; GSM872401; GSM872402	5nM of rotenone for 1 week	GSM872403; GSM872404; GSM872405	treated	GPL96:[HG-U133A] Affymetrix Human Genome U133A Array
HBEXP000808	HBIN042466	rotenone	Ingredient	GSE35642	Homo sapiens			Neuroepithelioma	SK-N-MC	Expression profiling by array	Total RNA	human cellline	Neuroepithelioma; SK-N-MC	/	vehicle control	GSM872400; GSM872401; GSM872402	50nM of rotenone for 1 week	GSM872406; GSM872407; GSM872408	treated	GPL96:[HG-U133A] Affymetrix Human Genome U133A Array
HBEXP000809	HBIN042466	rotenone	Ingredient	GSE35642	Homo sapiens			Neuroepithelioma	SK-N-MC	Expression profiling by array	Total RNA	human cellline	Neuroepithelioma; SK-N-MC	/	vehicle control	GSM872409; GSM872410; GSM872411	5nM  of rotenone for 1 week	GSM872412; GSM872413; GSM872414	treated	GPL96:[HG-U133A] Affymetrix Human Genome U133A Array
HBEXP000810	HBIN042466	rotenone	Ingredient	GSE35642	Homo sapiens			Neuroepithelioma	SK-N-MC	Expression profiling by array	Total RNA	human cellline	Neuroepithelioma; SK-N-MC	/	vehicle control	GSM872409; GSM872410; GSM872411	50nM of rotenone for 1 week	GSM872415; GSM872416; GSM872417	treated	GPL96:[HG-U133A] Affymetrix Human Genome U133A Array
HBEXP000811	HBIN042466	rotenone	Ingredient	GSE4773	Homo sapiens		Brain			Expression profiling by array	Total RNA	human cellline	Brain	/	control	GSM107850; GSM107851; GSM107852	rotenone (5 nM) for 1 weeks	GSM107853; GSM107854; GSM107855	treated	GPL570:[HG-U133_Plus_2] Affymetrix Human Genome U133 Plus 2.0 Array
HBEXP000812	HBIN042466	rotenone	Ingredient	GSE4773	Homo sapiens		Brain			Expression profiling by array	Total RNA	human cellline	Brain	/	control	GSM107850; GSM107851; GSM107852	rotenone (5 nM) for 2 weeks	GSM107859; GSM107860; GSM107861	treated	GPL570:[HG-U133_Plus_2] Affymetrix Human Genome U133 Plus 2.0 Array
HBEXP000813	HBIN042466	rotenone	Ingredient	GSE4773	Homo sapiens		Brain			Expression profiling by array	Total RNA	human cellline	Brain	/	control	GSM107850; GSM107851; GSM107852	rotenone (5 nM) for 4 weeks	GSM107865; GSM107866; GSM107867	treated	GPL570:[HG-U133_Plus_2] Affymetrix Human Genome U133 Plus 2.0 Array
HBEXP000814	HBIN042466	rotenone	Ingredient	GSE64553	Homo sapiens			Fibroblast	MRC-5	Expression profiling by high throughput sequencing	Total RNA	human cellline	Fibroblast; MRC-5	/	control	GSM1574089; GSM1574090; GSM1574091	rotenone was supplemented every 3 days at PD38 population doublings (PD)	GSM1574092; GSM1574093; GSM1574094	treated	GPL11154:Illumina HiSeq 2000 (Homo sapiens);GPL16791:Illumina HiSeq 2500 (Homo sapiens)
HBEXP000815	HBIN042466	rotenone	Ingredient	GSE64553	Homo sapiens			Fibroblast	HFF	Expression profiling by high throughput sequencing	Total RNA	human cellline	Fibroblast; HFF	/	control	GSM1574116; GSM1574117; GSM1574118	rotenone was supplemented every 3 days at PD74 population doublings (PD)	GSM1574143; GSM1574144; GSM1574145	treated	GPL11154:Illumina HiSeq 2000 (Homo sapiens);GPL16791:Illumina HiSeq 2500 (Homo sapiens)
HBEXP000816	HBIN042466	rotenone	Ingredient	GSE64553	Homo sapiens			Fibroblast	MRC-5	Expression profiling by high throughput sequencing	Total RNA	human cellline	Fibroblast; MRC-5	/	control	GSM1574089; GSM1574090; GSM1574091	rotenone was supplemented every 3 days at PD42 population doublings (PD)	GSM1574098; GSM1574099; GSM1574100	treated	GPL11154:Illumina HiSeq 2000 (Homo sapiens);GPL16791:Illumina HiSeq 2500 (Homo sapiens)
HBEXP000817	HBIN042466	rotenone	Ingredient	GSE64553	Homo sapiens			Fibroblast	MRC-5	Expression profiling by high throughput sequencing	Total RNA	human cellline	Fibroblast; MRC-5	/	control	GSM1574089; GSM1574090; GSM1574091	rotenone was supplemented every 3 days at PD48 population doublings (PD)	GSM1574104; GSM1574105; GSM1574106	treated	GPL11154:Illumina HiSeq 2000 (Homo sapiens);GPL16791:Illumina HiSeq 2500 (Homo sapiens)
HBEXP000818	HBIN042466	rotenone	Ingredient	GSE64553	Homo sapiens			Fibroblast	MRC-5	Expression profiling by high throughput sequencing	Total RNA	human cellline	Fibroblast; MRC-5	/	control	GSM1574089; GSM1574090; GSM1574091	rotenone was supplemented every 3 days at PD52 population doublings (PD)	GSM1574110; GSM1574111; GSM1574112	treated	GPL11154:Illumina HiSeq 2000 (Homo sapiens);GPL16791:Illumina HiSeq 2500 (Homo sapiens)
HBEXP000819	HBIN042466	rotenone	Ingredient	GSE64553	Homo sapiens			Fibroblast	HFF	Expression profiling by high throughput sequencing	Total RNA	human cellline	Fibroblast; HFF	/	control	GSM1574116; GSM1574117; GSM1574118	rotenone was supplemented every 3 days at PD22 population doublings (PD)	GSM1574113; GSM1574114; GSM1574115	treated	GPL11154:Illumina HiSeq 2000 (Homo sapiens);GPL16791:Illumina HiSeq 2500 (Homo sapiens)
HBEXP000820	HBIN042466	rotenone	Ingredient	GSE64553	Homo sapiens			Fibroblast	HFF	Expression profiling by high throughput sequencing	Total RNA	human cellline	Fibroblast; HFF	/	control	GSM1574116; GSM1574117; GSM1574118	rotenone was supplemented every 3 days at PD26 population doublings (PD)	GSM1574119; GSM1574120; GSM1574121	treated	GPL11154:Illumina HiSeq 2000 (Homo sapiens);GPL16791:Illumina HiSeq 2500 (Homo sapiens)
HBEXP000821	HBIN042466	rotenone	Ingredient	GSE64553	Homo sapiens			Fibroblast	HFF	Expression profiling by high throughput sequencing	Total RNA	human cellline	Fibroblast; HFF	/	control	GSM1574116; GSM1574117; GSM1574118	rotenone was supplemented every 3 days at PD30 population doublings (PD)	GSM1574125; GSM1574126; GSM1574127	treated	GPL11154:Illumina HiSeq 2000 (Homo sapiens);GPL16791:Illumina HiSeq 2500 (Homo sapiens)
HBEXP000822	HBIN042466	rotenone	Ingredient	GSE64553	Homo sapiens			Fibroblast	HFF	Expression profiling by high throughput sequencing	Total RNA	human cellline	Fibroblast; HFF	/	control	GSM1574116; GSM1574117; GSM1574118	rotenone was supplemented every 3 days at PD34 population doublings (PD)	GSM1574131; GSM1574132; GSM1574133	treated	GPL11154:Illumina HiSeq 2000 (Homo sapiens);GPL16791:Illumina HiSeq 2500 (Homo sapiens)
HBEXP000823	HBIN042466	rotenone	Ingredient	GSE64553	Homo sapiens			Fibroblast	HFF	Expression profiling by high throughput sequencing	Total RNA	human cellline	Fibroblast; HFF	/	control	GSM1574116; GSM1574117; GSM1574118	rotenone was supplemented every 3 days at PD58 population doublings (PD)	GSM1574137; GSM1574138; GSM1574139	treated	GPL11154:Illumina HiSeq 2000 (Homo sapiens);GPL16791:Illumina HiSeq 2500 (Homo sapiens)
HBEXP000824	HBIN042466	rotenone	Ingredient	GSE70249	Mus musculus	C57BL/6 x CAST	Cortical neuron			Expression profiling by high throughput sequencing	Total RNA	mouse	C57BL/6 x CAST; Cortical neuron	/	vehicle control	GSM1722555; GSM1722556; GSM1722557; GSM1722558; GSM1722559; GSM1722560; GSM1722561; GSM1722562; GSM1722563; GSM1722564; GSM1722565; GSM1722566; GSM1722567; GSM1722568; GSM1722569; GSM1722570; GSM1722571; GSM1722572; GSM1722573; GSM1722574; GSM1722575; GSM1722576; GSM1722577; GSM1722578; GSM1722579; GSM1722580; GSM1722581; GSM1722582; GSM1722583; GSM1722584; GSM1722585; GSM1722586; GSM1722587; GSM1722588; GSM1722589; GSM1722590; GSM1722591; GSM1722592; GSM1722593; GSM1722594; GSM1722595; GSM1722596; GSM1722597; GSM1722598; GSM1722599; GSM1722600; GSM1722601; GSM1722602; GSM1722603	0.01uM rotenonefor 24h 	GSM1722480; GSM1722481	treated	GPL17021:Illumina HiSeq 2500 (Mus musculus)
HBEXP000825	HBIN042467	rottlerin	Ingredient	GSE23741	Homo sapiens		Dermal	Fibroblast		Expression profiling by array	Total RNA	human cellline	Dermal; Fibroblast	/	control	GSM585874; GSM585875; GSM585876	normal incubated with rottlerin (50 ug/mL) for 24h	GSM585877; GSM585878; GSM585879	incubated	GPL570:[HG-U133_Plus_2] Affymetrix Human Genome U133 Plus 2.0 Array
HBEXP000826	HBIN042467	rottlerin	Ingredient	GSE23741	Homo sapiens		Dermal	Fibroblast		Expression profiling by array	Total RNA	human cellline	Dermal; Fibroblast	/	control	GSM585874; GSM585875; GSM585876	systemic incubated with rottlerin (50 ug/mL) for 24h	GSM585883; GSM585884; GSM585885	incubated	GPL570:[HG-U133_Plus_2] Affymetrix Human Genome U133 Plus 2.0 Array
HBEXP000827	HBIN042787	Saikosaponin A	Ingredient	GSE85871	Homo sapiens			Breast cancer	MCF-7	Expression profiling by array	Total RNA	human cellline	Breast cancer; MCF-7	/	vehicle control (DMSO)	GSM2286248; GSM2286249; GSM2286316; GSM2286317; GSM2286398; GSM2286399	10uM Saikosaponin A for 12h	GSM2286228; GSM2286229	treated	GPL571:[HG-U133A_2] Affymetrix Human Genome U133A 2.20 Array
HBEXP000828	HBIN042801	Saikosaponin D	Ingredient	GSE85871	Homo sapiens			Breast cancer	MCF-7	Expression profiling by array	Total RNA	human cellline	Breast cancer; MCF-7	/	vehicle control (DMSO)	GSM2286248; GSM2286249; GSM2286316; GSM2286317; GSM2286398; GSM2286399	10uM Saikosaponin D for 12h	GSM2286230; GSM2286231	treated	GPL571:[HG-U133A_2] Affymetrix Human Genome U133A 2.21 Array
HBEXP000829	HBIN042854	Salidroside	Ingredient	GSE85871	Homo sapiens			Breast cancer	MCF-7	Expression profiling by array	Total RNA	human cellline	Breast cancer; MCF-7	/	vehicle control (DMSO)	GSM2286248; GSM2286249; GSM2286316; GSM2286317; GSM2286398; GSM2286399	10uM Salidroside for 12h	GSM2286318; GSM2286319	treated	GPL571:[HG-U133A_2] Affymetrix Human Genome U133A 2.63 Array
HBEXP000830	HBIN042901	Salvianolic acid B	Ingredient	GSE85871	Homo sapiens			Breast cancer	MCF-7	Expression profiling by array	Total RNA	human cellline	Breast cancer; MCF-7	/	vehicle control (DMSO)	GSM2286248; GSM2286249; GSM2286316; GSM2286317; GSM2286398; GSM2286399	10uM Salvianolic acid B for 12h	GSM2286232; GSM2286233	treated	GPL571:[HG-U133A_2] Affymetrix Human Genome U133A 2.22 Array
HBEXP000831	HBIN043028	resveratrol	Ingredient	GSE14777	Homo sapiens			Cervical cancer	HeLa	Expression profiling by array	Total RNA	human cellline	Cervical cancer; HeLa	/	DMSO	GSM368875; GSM368876; GSM368891	SGR	GSM368874; GSM368893	treated	GPL5166:Genotypic/UHN Human ss-H19K8 cDNA Array
HBEXP000832	HBIN043028	sanguinarine	Ingredient	GSE19781	Mus musculus		Primary myocyte			Expression profiling by array	Total RNA	mouse	Primary myocyte	/	vehicle control(EtOH)	GSM493939; GSM493940; GSM493941; GSM493942; GSM493943; GSM493944; GSM493945	1.5 ug/ml sanguinarine for 1h	GSM493946; GSM493947; GSM493948; GSM493949	treated	GPL6887:Illumina MouseWG-6 v2.0 expression beadchip
HBEXP000833	HBIN043028	sanguinarine	Ingredient	GSE19781	Mus musculus		Primary myocyte			Expression profiling by array	Total RNA	mouse	Primary myocyte	/	vehicle control(EtOH)	GSM493939; GSM493940; GSM493941; GSM493942; GSM493943; GSM493944; GSM493945	25 ug/ml sanguinarine for 1h	GSM493950; GSM493951; GSM493952; GSM493953; GSM493954; GSM493955; GSM493956; GSM493957	treated	GPL6887:Illumina MouseWG-6 v2.0 expression beadchip
HBEXP000834	HBIN043028	Sanguinarine	Ingredient	GSE85871	Homo sapiens			Breast cancer	MCF-7	Expression profiling by array	Total RNA	human cellline	Breast cancer; MCF-7	/	vehicle control (DMSO)	GSM2286248; GSM2286249; GSM2286316; GSM2286317; GSM2286398; GSM2286399	1uM Sanguinarine for 12h	GSM2286394; GSM2286395	treated	GPL571:[HG-U133A_2] Affymetrix Human Genome U133A 2.101 Array
HBEXP000835	HBIN043078	Santonin	Ingredient	GSE85871	Homo sapiens			Breast cancer	MCF-7	Expression profiling by array	Total RNA	human cellline	Breast cancer; MCF-7	/	vehicle control (DMSO)	GSM2286248; GSM2286249; GSM2286316; GSM2286317; GSM2286398; GSM2286399	10uM Santonin for 12h	GSM2286388; GSM2286389	treated	GPL571:[HG-U133A_2] Affymetrix Human Genome U133A 2.98 Array
HBEXP000836	HBIN043228	SAUCHINONE	Ingredient	GSE113247	Homo sapiens			Hepatocellular carcinoma	HepG2	Expression profiling by high throughput sequencing	mRNA	human	Hepatocellular carcinoma; HepG2	/	no treatment	GSM3100877; GSM3100878	0.5 microM	GSM3100879; GSM3100880	treated	GPL18573:Illumina NextSeq 500 (Homo sapiens)
HBEXP000837	HBIN043228	SAUCHINONE	Ingredient	GSE113247	Homo sapiens			Hepatocellular carcinoma	HepG2	Expression profiling by high throughput sequencing	mRNA	human	Hepatocellular carcinoma; HepG2	/	no treatment	GSM3100877; GSM3100878	5 microM	GSM3100881; GSM3100882	treated	GPL18573:Illumina NextSeq 500 (Homo sapiens)
HBEXP000838	HBIN043228	SAUCHINONE	Ingredient	GSE113247	Homo sapiens			Hepatocellular carcinoma	HepG2	Expression profiling by high throughput sequencing	mRNA	human	Hepatocellular carcinoma; HepG2	/	no treatment	GSM3100877; GSM3100878	50 microM	GSM3100883; GSM3100884	treated	GPL18573:Illumina NextSeq 500 (Homo sapiens)
HBEXP000839	HBIN043347	Schisantherin A	Ingredient	GSE85871	Homo sapiens			Breast cancer	MCF-7	Expression profiling by array	Total RNA	human cellline	Breast cancer; MCF-7	/	vehicle control (DMSO)	GSM2286248; GSM2286249; GSM2286316; GSM2286317; GSM2286398; GSM2286399	10uM Schisantherin A for 12h	GSM2286322; GSM2286323	treated	GPL571:[HG-U133A_2] Affymetrix Human Genome U133A 2.65 Array
HBEXP000840	HBIN043359	Schizandrin	Ingredient	GSE85871	Homo sapiens			Breast cancer	MCF-7	Expression profiling by array	Total RNA	human cellline	Breast cancer; MCF-7	/	vehicle control (DMSO)	GSM2286248; GSM2286249; GSM2286316; GSM2286317; GSM2286398; GSM2286399	10uM Schizandrin for 12h	GSM2286324; GSM2286325	treated	GPL571:[HG-U133A_2] Affymetrix Human Genome U133A 2.66 Array
HBEXP000841	HBIN043527	Scutellarein	Ingredient	GSE85871	Homo sapiens			Breast cancer	MCF-7	Expression profiling by array	Total RNA	human cellline	Breast cancer; MCF-7	/	vehicle control (DMSO)	GSM2286248; GSM2286249; GSM2286316; GSM2286317; GSM2286398; GSM2286399	10uM Scutellarein for 12h	GSM2286340; GSM2286341	treated	GPL571:[HG-U133A_2] Affymetrix Human Genome U133A 2.74 Array
HBEXP000842	HBIN043695	senecionine	Ingredient	GSE69269	Homo sapiens		Primary hepatocyte			Expression profiling by array	Total RNA	human	Primary hepatocyte	/	solvent control (1 % acetonitrile)	GSM1696570; GSM1696571; GSM1696572	100uM senecionine for 24h	GSM1696573; GSM1696574; GSM1696575	treated	GPL570:[HG-U133_Plus_2] Affymetrix Human Genome U133 Plus 2.0 Array
HBEXP000843	HBIN043755	Sennoside A	Ingredient	GSE85871	Homo sapiens			Breast cancer	MCF-7	Expression profiling by array	Total RNA	human cellline	Breast cancer; MCF-7	/	vehicle control (DMSO)	GSM2286248; GSM2286249; GSM2286316; GSM2286317; GSM2286398; GSM2286399	10uM Sennoside A for 12h	GSM2286376; GSM2286377	treated	GPL571:[HG-U133A_2] Affymetrix Human Genome U133A 2.92 Array
HBEXP000844	HBIN043798	sesamin	Ingredient	GSE86565	Homo sapiens			Breast cancer	MCF-7	Expression profiling by array	Total RNA	human cellline	Breast cancer; MCF-7	/	control cells	GSM1565338; GSM1565339; GSM1565340	Comparing the expression profiles of the genes in response to sesamin(SE)	GSM2305880; GSM2305881; GSM2305882	treated	GPL13699:AIST Human EstrArray 2
HBEXP000845	HBIN043899	shikonin	Ingredient	GSE24743	Homo sapiens			Lymphoma	U937	Expression profiling by array	Total RNA	human	Lymphoma; U937	/	no treatment	GSM609400; GSM609401	100nM shikonin for 3h	GSM609402; GSM609404	treated	GPL570:[HG-U133_Plus_2] Affymetrix Human Genome U133 Plus 2.0 Array
HBEXP000846	HBIN043899	shikonin	Ingredient	GSE34298	Homo sapiens			Leukemia	K562	Expression profiling by array	Total RNA	human	Leukemia; K562	/	no treatment	GSM846882; GSM846883; GSM846884	4uM shikonin for 4h	GSM846885; GSM846886; GSM846887	treated	GPL570:[HG-U133_Plus_2] Affymetrix Human Genome U133 Plus 2.0 Array
HBEXP000847	HBIN044034	Silybin	Ingredient	GSE85871	Homo sapiens			Breast cancer	MCF-7	Expression profiling by array	Total RNA	human cellline	Breast cancer; MCF-7	/	vehicle control (DMSO)	GSM2286248; GSM2286249; GSM2286316; GSM2286317; GSM2286398; GSM2286399	10uM Silybin for 12h	GSM2286332; GSM2286333	treated	GPL571:[HG-U133A_2] Affymetrix Human Genome U133A 2.70 Array
HBEXP000848	HBIN044040	silymarin	Ingredient	GSE50994	Homo sapiens			Hepatoma	Huh7.5.1	Expression profiling by array	Total RNA	human cellline	Hepatoma; Huh7.5.1	/	DMSO	GSM1234327; GSM1234331; GSM1234336; GSM1234339	silymarin for 4h	GSM1234321; GSM1234324; GSM1234328; GSM1234332	treated	GPL6244:[HuGene-1_0-st] Affymetrix Human Gene 1.0 ST Array [transcript (gene) version]
HBEXP000849	HBIN044040	silymarin	Ingredient	GSE50994	Homo sapiens			Hepatoma	Huh7.5.1	Expression profiling by array	Total RNA	human cellline	Hepatoma; Huh7.5.1	/	DMSO	GSM1234327; GSM1234331; GSM1234336; GSM1234339	silymarin for 8h	GSM1234333; GSM1234338; GSM1234341	treated	GPL6244:[HuGene-1_0-st] Affymetrix Human Gene 1.0 ST Array [transcript (gene) version]
HBEXP000850	HBIN044040	silymarin	Ingredient	GSE50994	Homo sapiens			Hepatoma	Huh7.5.1	Expression profiling by array	Total RNA	human cellline	Hepatoma; Huh7.5.1	/	DMSO	GSM1234327; GSM1234331; GSM1234336; GSM1234339	silymarin for 24h	GSM1234320; GSM1234323; GSM1234335	treated	GPL6244:[HuGene-1_0-st] Affymetrix Human Gene 1.0 ST Array [transcript (gene) version]
HBEXP000851	HBIN044040	silymarin	Ingredient	GSE67504	Homo sapiens			Hepatocellular carcinoma	HepG2	Expression profiling by array	Total RNA	human	Hepatocellular carcinoma; HepG2	/	control	GSM1648186; GSM1648187; GSM1648188	25uM silymarin	GSM1648192; GSM1648193; GSM1648194	treated	GPL6254:Phalanx Human OneArray
HBEXP000852	HBIN044493	spermidine	Ingredient	GSE86882	Mus musculus	C57BL/6	Heart			Expression profiling by array	Total RNA	mouse	C57BL/6; Heart	/	control	GSM2309823; GSM2309824; GSM2309825; GSM2309826	aged mice and aged mice treated with spermidine	GSM2309827; GSM2309828; GSM2309829; GSM2309830	treated	GPL6885:Illumina MouseRef-8 v2.0 expression beadchip
HBEXP000853	HBIN044494	spermine	Ingredient	GSE63006	Mus musculus	C57BL/6	Tibialis anterior			Expression profiling by array	Total RNA	mouse	C57BL/6; Tibialis anterior	/	control plasmid	GSM1537930; GSM1537931; GSM1537932; GSM1537933	spermine oxidase for 7 days	GSM1537934; GSM1537935; GSM1537936; GSM1537937	treated	GPL6885:Illumina MouseRef-8 v2.0 expression beadchip
HBEXP000854	HBIN044730	stearic acid	Ingredient	GSE34045	Homo sapiens			Hepatocellular carcinoma	HepG2	Expression profiling by array	Total RNA	human cellline	Hepatocellular carcinoma; HepG2	/	control	GSM840936; GSM840937; GSM840938; GSM840939	incubated in 100uM stearic acid  for 7 days 	GSM840948; GSM840949; GSM840950; GSM840951	incubated	GPL6254:Phalanx Human OneArray
HBEXP000855	HBIN044730	stearic acid	Ingredient	GSE42220	Mus musculus			Preadipocyte	3T3-L1	Expression profiling by array	Total RNA	mouse	Preadipocyte; 3T3-L1	/	control	GSM1035793; GSM1035794; GSM1035795; GSM1035796	treated with either 250uM SA for 48h	GSM1035805; GSM1035806; GSM1035807; GSM1035808	treated	GPL11533:[MoGene-1_1-st] Affymetrix Mouse Gene 1.1 ST Array [transcript (gene) version]
HBEXP000856	HBIN044730	stearic acid	Ingredient	GSE77104	Mus musculus	C57BL/6	Bone marrow	Macrophage		Expression profiling by array	Total RNA	mouse	C57BL/6; Bone marrow; Macrophage	/	125 uM BSA for 4 h (vehicle control)	GSM2044371; GSM2044372; GSM2044373	250uM stearic acid (SA) for 5h or 20h	GSM2044386; GSM2044387; GSM2044388; GSM2044389	treated	GPL6246:[MoGene-1_0-st] Affymetrix Mouse Gene 1.0 ST Array [transcript (gene) version]
HBEXP000857	HBIN044918	stigmasterol	Ingredient	GSE119012	Mus musculus	129/Sv-C57BL/6	Testis			Expression profiling by high throughput sequencing	mRNA	mouse	129/Sv-C57BL/6; Testis	/	control	GSM3356633; GSM3356634; GSM3356635; GSM3356636	incubated for seven days in 100uM oleic, elaidic or stearic acid	GSM3356641; GSM3356642; GSM3356643; GSM3356644	incubated	GPL17021:Illumina HiSeq 2500 (Mus musculus)
HBEXP000858	HBIN045003	Strychnine	Ingredient	GSE85871	Homo sapiens			Breast cancer	MCF-7	Expression profiling by array	Total RNA	human cellline	Breast cancer; MCF-7	/	vehicle control (DMSO)	GSM2286248; GSM2286249; GSM2286316; GSM2286317; GSM2286398; GSM2286399	10uM Strychnine for 12h	GSM2286344; GSM2286345	treated	GPL571:[HG-U133A_2] Affymetrix Human Genome U133A 2.76 Array
HBEXP000859	HBIN045028	styrene	Ingredient	GSE108967	Mus musculus	CD-1	Lung			Expression profiling by array	Total RNA	mouse	CD-1; Lung	/	control	GSM2916814; GSM2916815; GSM2916816; GSM2916817; GSM2916818	exposed to 6 inhalation concentrations of styrene:1 ppm for a single 6 hour exposure	GSM2916819; GSM2916820; GSM2916821; GSM2916822; GSM2916823	exposed	GPL11180:[HT_MG-430_PM] Affymetrix HT MG-430 PM Array Plate
HBEXP000860	HBIN045028	styrene	Ingredient	GSE108967	Mus musculus	CD-1	Lung			Expression profiling by array	Total RNA	mouse	CD-1; Lung	/	control	GSM2916814; GSM2916815; GSM2916816; GSM2916817; GSM2916818	exposed to 6 inhalation concentrations of styrene:5 ppm for a single 6 hour exposure	GSM2916824; GSM2916825; GSM2916826; GSM2916827; GSM2916828	exposed	GPL11180:[HT_MG-430_PM] Affymetrix HT MG-430 PM Array Plate
HBEXP000861	HBIN045028	styrene	Ingredient	GSE108967	Mus musculus	CD-1	Lung			Expression profiling by array	Total RNA	mouse	CD-1; Lung	/	control	GSM2916814; GSM2916815; GSM2916816; GSM2916817; GSM2916818	exposed to 6 inhalation concentrations of styrene:10 ppm for a single 6 hour exposure	GSM2916829; GSM2916830; GSM2916831; GSM2916832; GSM2916833	exposed	GPL11180:[HT_MG-430_PM] Affymetrix HT MG-430 PM Array Plate
HBEXP000862	HBIN045028	styrene	Ingredient	GSE108967	Mus musculus	CD-1	Lung			Expression profiling by array	Total RNA	mouse	CD-1; Lung	/	control	GSM2916814; GSM2916815; GSM2916816; GSM2916817; GSM2916818	exposed to 6 inhalation concentrations of styrene:20 ppm for a single 6 hour exposure	GSM2916834; GSM2916835; GSM2916836; GSM2916837; GSM2916838	exposed	GPL11180:[HT_MG-430_PM] Affymetrix HT MG-430 PM Array Plate
HBEXP000863	HBIN045028	styrene	Ingredient	GSE108967	Mus musculus	CD-1	Lung			Expression profiling by array	Total RNA	mouse	CD-1; Lung	/	control	GSM2916814; GSM2916815; GSM2916816; GSM2916817; GSM2916818	exposed to 6 inhalation concentrations of styrene:40 ppm for a single 6 hour exposure	GSM2916839; GSM2916840; GSM2916841; GSM2916842; GSM2916843	exposed	GPL11180:[HT_MG-430_PM] Affymetrix HT MG-430 PM Array Plate
HBEXP000864	HBIN045028	styrene	Ingredient	GSE108967	Mus musculus	CD-1	Lung			Expression profiling by array	Total RNA	mouse	CD-1; Lung	/	control	GSM2916814; GSM2916815; GSM2916816; GSM2916817; GSM2916818	exposed to 6 inhalation concentrations of styrene:  120 ppm for a single 6 hour exposure	GSM2916844; GSM2916845; GSM2916846; GSM2916847; GSM2916848	exposed	GPL11180:[HT_MG-430_PM] Affymetrix HT MG-430 PM Array Plate
HBEXP000865	HBIN045028	styrene	Ingredient	GSE75157	Mus musculus	C57BL/6	Lung			Expression profiling by array	Total RNA	mouse	C57BL/6; Lung	/	control	GSM1944318; GSM1944319; GSM1944320; GSM1944321; GSM1944322	male C57Bl/6 (WT) mice following a single 6-hr inhalation exposure of styrene at  1 ppm	GSM1944323; GSM1944324; GSM1944325; GSM1944326; GSM1944327	inhalation	GPL11180:[HT_MG-430_PM] Affymetrix HT MG-430 PM Array Plate
HBEXP000866	HBIN045028	styrene	Ingredient	GSE75157	Mus musculus	C57BL/6	Lung			Expression profiling by array	Total RNA	mouse	C57BL/6; Lung	/	control	GSM1944318; GSM1944319; GSM1944320; GSM1944321; GSM1944322	male C57Bl/6 (WT) mice following a single 6-hr inhalation exposure of styrene at  5 ppm	GSM1944328; GSM1944329; GSM1944330; GSM1944331; GSM1944332	inhalation	GPL11180:[HT_MG-430_PM] Affymetrix HT MG-430 PM Array Plate
HBEXP000867	HBIN045028	styrene	Ingredient	GSE75157	Mus musculus	C57BL/6	Lung			Expression profiling by array	Total RNA	mouse	C57BL/6; Lung	/	control	GSM1944318; GSM1944319; GSM1944320; GSM1944321; GSM1944322	male C57Bl/6 (WT) mice following a single 6-hr inhalation exposure of styrene at  10 ppm	GSM1944333; GSM1944334; GSM1944335; GSM1944336; GSM1944337	inhalation	GPL11180:[HT_MG-430_PM] Affymetrix HT MG-430 PM Array Plate
HBEXP000868	HBIN045028	styrene	Ingredient	GSE75157	Mus musculus	C57BL/6	Lung			Expression profiling by array	Total RNA	mouse	C57BL/6; Lung	/	control	GSM1944318; GSM1944319; GSM1944320; GSM1944321; GSM1944322	male C57Bl/6 (WT) mice following a single 6-hr inhalation exposure of styrene at 20 ppm	GSM1944338; GSM1944339; GSM1944340; GSM1944341; GSM1944342	inhalation	GPL11180:[HT_MG-430_PM] Affymetrix HT MG-430 PM Array Plate
HBEXP000869	HBIN045028	styrene	Ingredient	GSE75157	Mus musculus	C57BL/6	Lung			Expression profiling by array	Total RNA	mouse	C57BL/6; Lung	/	control	GSM1944318; GSM1944319; GSM1944320; GSM1944321; GSM1944322	male C57Bl/6 (WT) mice following a single 6-hr inhalation exposure of styrene at 40 ppm	GSM1944343; GSM1944344; GSM1944345; GSM1944346; GSM1944347	inhalation	GPL11180:[HT_MG-430_PM] Affymetrix HT MG-430 PM Array Plate
HBEXP000870	HBIN045028	styrene	Ingredient	GSE75157	Mus musculus	C57BL/6	Lung			Expression profiling by array	Total RNA	mouse	C57BL/6; Lung	/	control	GSM1944318; GSM1944319; GSM1944320; GSM1944321; GSM1944322	male C57Bl/6 (WT) mice following a single 6-hr inhalation exposure of styrene at 120 ppm	GSM1944348; GSM1944349; GSM1944350; GSM1944351; GSM1944352	inhalation	GPL11180:[HT_MG-430_PM] Affymetrix HT MG-430 PM Array Plate
HBEXP000871	HBIN045028	styrene	Ingredient	GSE75158	Mus musculus	C57BL/6	Liver			Expression profiling by array	Total RNA	mouse	C57BL/6; Liver	/	control	GSM1944353; GSM1944354; GSM1944355; GSM1944356; GSM1944357	were exposed to 6 inhalation concentrations of styrene:1 ppm for a single 6 hour exposure	GSM1944358; GSM1944359; GSM1944360; GSM1944361; GSM1944362	exposed	GPL11180:[HT_MG-430_PM] Affymetrix HT MG-430 PM Array Plate
HBEXP000872	HBIN045028	styrene	Ingredient	GSE75158	Mus musculus	C57BL/6	Liver			Expression profiling by array	Total RNA	mouse	C57BL/6; Liver	/	control	GSM1944353; GSM1944354; GSM1944355; GSM1944356; GSM1944357	were exposed to 6 inhalation concentrations of styrene:5 ppm for a single 6 hour exposure	GSM1944363; GSM1944364; GSM1944365; GSM1944366; GSM1944367	exposed	GPL11180:[HT_MG-430_PM] Affymetrix HT MG-430 PM Array Plate
HBEXP000873	HBIN045028	styrene	Ingredient	GSE75158	Mus musculus	C57BL/6	Liver			Expression profiling by array	Total RNA	mouse	C57BL/6; Liver	/	control	GSM1944353; GSM1944354; GSM1944355; GSM1944356; GSM1944357	were exposed to 6 inhalation concentrations of styrene:10 ppm for a single 6 hour exposure	GSM1944368; GSM1944369; GSM1944370; GSM1944371; GSM1944372	exposed	GPL11180:[HT_MG-430_PM] Affymetrix HT MG-430 PM Array Plate
HBEXP000874	HBIN045028	styrene	Ingredient	GSE75158	Mus musculus	C57BL/6	Liver			Expression profiling by array	Total RNA	mouse	C57BL/6; Liver	/	control	GSM1944353; GSM1944354; GSM1944355; GSM1944356; GSM1944357	were exposed to 6 inhalation concentrations of styrene:20 ppm for a single 6 hour exposure	GSM1944373; GSM1944374; GSM1944375; GSM1944376; GSM1944377	exposed	GPL11180:[HT_MG-430_PM] Affymetrix HT MG-430 PM Array Plate
HBEXP000875	HBIN045028	styrene	Ingredient	GSE75158	Mus musculus	C57BL/6	Liver			Expression profiling by array	Total RNA	mouse	C57BL/6; Liver	/	control	GSM1944353; GSM1944354; GSM1944355; GSM1944356; GSM1944357	were exposed to 6 inhalation concentrations of styrene:40 ppm for a single 6 hour exposure	GSM1944378; GSM1944379; GSM1944380; GSM1944381; GSM1944382	exposed	GPL11180:[HT_MG-430_PM] Affymetrix HT MG-430 PM Array Plate
HBEXP000876	HBIN045028	styrene	Ingredient	GSE75158	Mus musculus	C57BL/6	Liver			Expression profiling by array	Total RNA	mouse	C57BL/6; Liver	/	control	GSM1944353; GSM1944354; GSM1944355; GSM1944356; GSM1944357	were exposed to 6 inhalation concentrations of styrene:120 ppm for a single 6 hour exposure	GSM1944383; GSM1944384; GSM1944385; GSM1944386; GSM1944387	exposed	GPL11180:[HT_MG-430_PM] Affymetrix HT MG-430 PM Array Plate
HBEXP000877	HBIN045028	styrene	Ingredient	GSE98470	Mus musculus	C57BL/6	Lung			Expression profiling by array	Total RNA	C57BL/6 mice: wild type (WT)	C57BL/6; Lung	/	control	GSM2596936; GSM2596937; GSM2596938; GSM2596939	26 weeks styrene inhalation exposure at a single concentration (120ppm) in strain of C57BL/6 mice: wild type (WT)	GSM2596940; GSM2596941; GSM2596942; GSM2596943; GSM2596944	treated	GPL11180:[HT_MG-430_PM] Affymetrix HT MG-430 PM Array Plate
HBEXP000878	HBIN045028	styrene	Ingredient	GSE98470	Mus musculus	C57BL/6	Lung			Expression profiling by array	Total RNA	C57BL/6 mice:CYP2F2(-/-) knock-out (KO)	C57BL/6; Lung	/	control	GSM2597009; GSM2597010; GSM2597011; GSM2597012; GSM2597013	52 weeks styrene inhalation exposure at a single concentration (120ppm) in strain of C57BL/6 mice:CYP2F2(-/-) knock-out (KO)	GSM2597023; GSM2597024; GSM2597025; GSM2597026; GSM2597027	treated	GPL11180:[HT_MG-430_PM] Affymetrix HT MG-430 PM Array Plate
HBEXP000879	HBIN045028	styrene	Ingredient	GSE98470	Mus musculus	C57BL/6	Lung			Expression profiling by array	Total RNA	C57BL/6 mice:CYP2F2(-/-) knock-out (KO)	C57BL/6; Lung	/	control	GSM2597009; GSM2597010; GSM2597011; GSM2597012; GSM2597013	78 weeks styrene inhalation exposure at a single concentration (120ppm) in strain of C57BL/6 mice:CYP2F2(-/-) knock-out (KO)	GSM2597032; GSM2597033; GSM2597034; GSM2597035; GSM2597036	treated	GPL11180:[HT_MG-430_PM] Affymetrix HT MG-430 PM Array Plate
HBEXP000880	HBIN045028	styrene	Ingredient	GSE98470	Mus musculus	C57BL/6	Lung			Expression profiling by array	Total RNA	C57BL/6 mice:CYP2F2(-/-) knock-out (KO)	C57BL/6; Lung	/	control	GSM2597009; GSM2597010; GSM2597011; GSM2597012; GSM2597013	104 weeks styrene inhalation exposure at a single concentration (120ppm) in strain of C57BL/6 mice:CYP2F2(-/-) knock-out (KO)	GSM2597043; GSM2597044; GSM2597045; GSM2597046; GSM2597047	treated	GPL11180:[HT_MG-430_PM] Affymetrix HT MG-430 PM Array Plate
HBEXP000881	HBIN045028	styrene	Ingredient	GSE98470	Mus musculus	CD-1	Lung			Expression profiling by array	Total RNA	C57BL/6 mice:CD-1 mice	CD-1; Lung	/	control	GSM2597048; GSM2597049; GSM2597050; GSM2597051; GSM2597052	26 weeks styrene inhalation exposure at a single concentration (120ppm) in strain of C57BL/6 mice:CD-1 mice	GSM2597053; GSM2597054; GSM2597055; GSM2597056; GSM2597057	treated	GPL11180:[HT_MG-430_PM] Affymetrix HT MG-430 PM Array Plate
HBEXP000882	HBIN045028	styrene	Ingredient	GSE98470	Mus musculus	CD-1	Lung			Expression profiling by array	Total RNA	C57BL/6 mice:CD-1 mice	CD-1; Lung	/	control	GSM2597048; GSM2597049; GSM2597050; GSM2597051; GSM2597052	52 weeks styrene inhalation exposure at a single concentration (120ppm) in strain of C57BL/6 mice:CD-1 mice	GSM2597062; GSM2597063; GSM2597064	treated	GPL11180:[HT_MG-430_PM] Affymetrix HT MG-430 PM Array Plate
HBEXP000883	HBIN045028	styrene	Ingredient	GSE98470	Mus musculus	CD-1	Lung			Expression profiling by array	Total RNA	C57BL/6 mice:CD-1 mice	CD-1; Lung	/	control	GSM2597048; GSM2597049; GSM2597050; GSM2597051; GSM2597052	78 weeks styrene inhalation exposure at a single concentration (120ppm) in strain of C57BL/6 mice:CD-1 mice	GSM2597070; GSM2597071; GSM2597072	treated	GPL11180:[HT_MG-430_PM] Affymetrix HT MG-430 PM Array Plate
HBEXP000884	HBIN045028	styrene	Ingredient	GSE98470	Mus musculus	CD-1	Lung			Expression profiling by array	Total RNA	C57BL/6 mice:CD-1 mice	CD-1; Lung	/	control	GSM2597048; GSM2597049; GSM2597050; GSM2597051; GSM2597052	104 weeks styrene inhalation exposure at a single concentration (120ppm) in strain of C57BL/6 mice:CD-1 mice	GSM2597080; GSM2597081; GSM2597082; GSM2597083; GSM2597084; GSM2597085; GSM2597086; GSM2597087; GSM2597088; GSM2597089	treated	GPL11180:[HT_MG-430_PM] Affymetrix HT MG-430 PM Array Plate
HBEXP000885	HBIN045028	styrene	Ingredient	GSE98470	Mus musculus	C57BL/6	Lung			Expression profiling by array	Total RNA	C57BL/6 mice: wild type (WT)	C57BL/6; Lung	/	control	GSM2596936; GSM2596937; GSM2596938; GSM2596939	52 weeks styrene inhalation exposure at a single concentration (120ppm) in strain of C57BL/6 mice: wild type (WT)	GSM2596950; GSM2596951; GSM2596952; GSM2596953; GSM2596970	treated	GPL11180:[HT_MG-430_PM] Affymetrix HT MG-430 PM Array Plate
HBEXP000886	HBIN045028	styrene	Ingredient	GSE98470	Mus musculus	C57BL/6	Lung			Expression profiling by array	Total RNA	C57BL/6 mice: wild type (WT)	C57BL/6; Lung	/	control	GSM2596936; GSM2596937; GSM2596938; GSM2596939	78 weeks styrene inhalation exposure at a single concentration (120ppm) in strain of C57BL/6 mice: wild type (WT)	GSM2596956; GSM2596957; GSM2596958; GSM2596959; GSM2596960	treated	GPL11180:[HT_MG-430_PM] Affymetrix HT MG-430 PM Array Plate
HBEXP000887	HBIN045028	styrene	Ingredient	GSE98470	Mus musculus	C57BL/6	Lung			Expression profiling by array	Total RNA	C57BL/6 mice: wild type (WT)	C57BL/6; Lung	/	control	GSM2596936; GSM2596937; GSM2596938; GSM2596939	104 weeks styrene inhalation exposure at a single concentration (120ppm) in strain of C57BL/6 mice: wild type (WT)	GSM2596965; GSM2596966; GSM2596967; GSM2596968; GSM2596969	treated	GPL11180:[HT_MG-430_PM] Affymetrix HT MG-430 PM Array Plate
HBEXP000888	HBIN045028	styrene	Ingredient	GSE98470	Mus musculus	C57BL/6	Lung			Expression profiling by array	Total RNA	C57BL/6 mice:2B6 transgenic (TG)	C57BL/6; Lung	/	control	GSM2596971; GSM2596972; GSM2596973; GSM2596974	26 weeks styrene inhalation exposure at a single concentration (120ppm) in strain of C57BL/6 mice:2B6 transgenic (TG) 	GSM2596975; GSM2596976; GSM2596977; GSM2596978; GSM2596979	treated	GPL11180:[HT_MG-430_PM] Affymetrix HT MG-430 PM Array Plate
HBEXP000889	HBIN045028	styrene	Ingredient	GSE98470	Mus musculus	C57BL/6	Lung			Expression profiling by array	Total RNA	C57BL/6 mice:2B6 transgenic (TG)	C57BL/6; Lung	/	control	GSM2596971; GSM2596972; GSM2596973; GSM2596974	52 weeks styrene inhalation exposure at a single concentration (120ppm) in strain of C57BL/6 mice: 2B6 transgenic (TG)	GSM2596985; GSM2596986; GSM2596987; GSM2596988; GSM2596989	treated	GPL11180:[HT_MG-430_PM] Affymetrix HT MG-430 PM Array Plate
HBEXP000890	HBIN045028	styrene	Ingredient	GSE98470	Mus musculus	C57BL/6	Lung			Expression profiling by array	Total RNA	C57BL/6 mice:2B6 transgenic (TG)	C57BL/6; Lung	/	control	GSM2596971; GSM2596972; GSM2596973; GSM2596974	78 weeks styrene inhalation exposure at a single concentration (120ppm) in strain of C57BL/6 mice: 2B6 transgenic (TG))	GSM2596995; GSM2596996; GSM2596997	treated	GPL11180:[HT_MG-430_PM] Affymetrix HT MG-430 PM Array Plate
HBEXP000891	HBIN045028	styrene	Ingredient	GSE98470	Mus musculus	C57BL/6	Lung			Expression profiling by array	Total RNA	C57BL/6 mice:2B6 transgenic (TG)	C57BL/6; Lung	/	control	GSM2596971; GSM2596972; GSM2596973; GSM2596974	104 weeks styrene inhalation exposure at a single concentration (120ppm) in strain of C57BL/6 mice: 2B6 transgenic (TG)	GSM2597003; GSM2597004; GSM2597005; GSM2597006; GSM2597007; GSM2597008	treated	GPL11180:[HT_MG-430_PM] Affymetrix HT MG-430 PM Array Plate
HBEXP000892	HBIN045028	styrene	Ingredient	GSE98470	Mus musculus	C57BL/6	Lung			Expression profiling by array	Total RNA	C57BL/6 mice:CYP2F2(-/-) knock-out (KO)	C57BL/6; Lung	/	control	GSM2597009; GSM2597010; GSM2597011; GSM2597012; GSM2597013	26 weeks styrene inhalation exposure at a single concentration (120ppm) in strain of C57BL/6 mice:CYP2F2(-/-) knock-out (KO)	GSM2597014; GSM2597015; GSM2597016; GSM2597017	treated	GPL11180:[HT_MG-430_PM] Affymetrix HT MG-430 PM Array Plate
HBEXP000893	HBIN045506	Tanshinone IIA	Ingredient	GSE85871	Homo sapiens			Breast cancer	MCF-7	Expression profiling by array	Total RNA	human cellline	Breast cancer; MCF-7	/	vehicle control (DMSO)	GSM2286248; GSM2286249; GSM2286316; GSM2286317; GSM2286398; GSM2286399	10uM Tanshinone IIA for 12h	GSM2286216; GSM2286217	treated	GPL571:[HG-U133A_2] Affymetrix Human Genome U133A 2.14 Array
HBEXP000894	HBIN045582	taurine	Ingredient	GSE12730	Mus musculus	C57BL/6	Liver			Expression profiling by array	Total RNA	mouse	C57BL/6; Liver	/	Normal Protein (20% casein; NP)	GSM319126; GSM319127; GSM319128	Normal Protein + taurine (1% taurine supplementation in water ad libitum; NP+tau) liver 	GSM319129; GSM319130; GSM319131	feed	GPL1261:[Mouse430_2] Affymetrix Mouse Genome 430 2.0 Array
HBEXP000895	HBIN045582	taurine	Ingredient	GSE12730	Mus musculus	C57BL/6	Liver			Expression profiling by array	Total RNA	mouse	C57BL/6; Liver	/	Normal Protein (20% casein; NP)	GSM319126; GSM319127; GSM319128	Normal Protein + taurine (1% taurine supplementation in water ad libitum; NP+tau)  hindleg skeletal muscle	GSM319337; GSM319338; GSM319339	feed	GPL1261:[Mouse430_2] Affymetrix Mouse Genome 430 2.0 Array
HBEXP000896	HBIN045582	taurine	Ingredient	GSE20577	Mus musculus	C57BL/6	Liver			Expression profiling by array	Total RNA	mouse	C57BL/6; Liver	pregnant	Normal Protein (20% casein; NP)	GSM517045; GSM517046; GSM517047	taurine (1% taurine supplementation in water ad libitum) liver	GSM517048; GSM517049; GSM517050	feed	GPL1261:[Mouse430_2] Affymetrix Mouse Genome 430 2.0 Array
HBEXP000897	HBIN045582	taurine	Ingredient	GSE20577	Mus musculus	C57BL/6	Liver			Expression profiling by array	Total RNA	mouse	C57BL/6; Liver	pregnant	Normal Protein (20% casein; NP)	GSM517045; GSM517046; GSM517047	taurine (1% taurine supplementation in water ad libitum) skeletal muscle	GSM517054; GSM517055; GSM517056	feed	GPL1261:[Mouse430_2] Affymetrix Mouse Genome 430 2.0 Array
HBEXP000898	HBIN045582	taurine	Ingredient	GSE57373	Mus musculus	C57BL/6	Skeletal muscle			Expression profiling by array	Total RNA	mouse	C57BL/6; Skeletal muscle	/	control	GSM1381324; GSM1381325; GSM1381326	young Taurine transporter (SLC6A6)	GSM1381327; GSM1381328; GSM1381329	treated	GPL10787:Agilent-028005 SurePrint G3 Mouse GE 8x60K Microarray (Probe Name version)
HBEXP000899	HBIN045582	taurine	Ingredient	GSE57373	Mus musculus	C57BL/6	Skeletal muscle			Expression profiling by array	Total RNA	mouse	C57BL/6; Skeletal muscle	/	control	GSM1381324; GSM1381325; GSM1381326	old Taurine transporter (SLC6A6)	GSM1381333; GSM1381334; GSM1381335	treated	GPL10787:Agilent-028005 SurePrint G3 Mouse GE 8x60K Microarray (Probe Name version)
HBEXP000900	HBIN045582	taurine	Ingredient	GSE77648	Mus musculus	C57BL/6N	Cerebral neocortex	NPC		Expression profiling by array	Total RNA	 Timed-pregnant C57BL/6N mice	C57BL/6N; Cerebral neocortex; NPC; 	/	saline (control)	GSM2055634; GSM2055635; GSM2055636	two intraperitoneal (i.p.) injections of  8 mg/mL phenobarbital in saline (80 mg/kg ) twice a day, 6h apart on E10-11	GSM2055637; GSM2055638; GSM2055639	injection	GPL10787:Agilent-028005 SurePrint G3 Mouse GE 8x60K Microarray (Probe Name version)
HBEXP000901	HBIN045592	tauroursodeoxycholic acid	Ingredient	GSE108096	Mus musculus	C57BL/6	Liver			Expression profiling by high throughput sequencing	mRNA	mouse	C57BL/6; Liver	/	control	GSM2889472; GSM2889473; GSM2889474; GSM2889475	4 Lis1 knockout livers (KO) for 2 months	GSM2889476; GSM2889477; GSM2889478; GSM2889479	treated	GPL17021:Illumina HiSeq 2500 (Mus musculus)
HBEXP000902	HBIN045592	tauroursodeoxycholic acid	Ingredient	GSE123733	Mus musculus	C57BL/6NCr	Liver			Expression profiling by array	Total RNA	mouse	C57BL/6NCr; Liver	/	vehicle	GSM3510391; GSM3510392; GSM3510393; GSM3510394	treated with TUDCA 	GSM3510395; GSM3510396; GSM3510397; GSM3510398	feed	GPL17400:[MoGene-2_1-st] Affymetrix Mouse Gene 2.1 ST Array [transcript (gene) version]
HBEXP000903	HBIN045705	taxol	Ingredient	GSE58840	Homo sapiens			Ovarian cancer	SKOV3	Expression profiling by array	Total RNA	human cellline	Ovarian cancer; SKOV3	/	control	GSM1420639	established by stepwise increasing Taxol concentration	GSM1420640; GSM1420641	treated	GPL16951:Phalanx Human OneArray Ver. 6 Release 1
HBEXP000904	HBIN045705	taxol	Ingredient	GSE58877	Homo sapiens			Ovarian cancer	SKOV3	Expression profiling by array	Total RNA	human cellline	Ovarian cancer; SKOV3	/	control	GSM1421258; GSM1421259	stepwise increasing Taxol concentration SKOV3/Tx50	GSM1421260; GSM1421261	treated	GPL15493:Phalanx Human OneArray Ver. 5 Release 4
HBEXP000905	HBIN045705	taxol	Ingredient	GSE58877	Homo sapiens			Ovarian cancer	SKOV3	Expression profiling by array	Total RNA	human cellline	Ovarian cancer; SKOV3	/	control	GSM1421258; GSM1421259	stepwise increasing Taxol concentration  SKOV3/Tx600	GSM1421262; GSM1421263	treated	GPL15493:Phalanx Human OneArray Ver. 5 Release 4
HBEXP000906	HBIN045705	taxol	Ingredient	GSE60335	Homo sapiens			Ovarian cancer	SKOV3	Expression profiling by array	Total RNA	human cellline	Ovarian cancer; SKOV3	/	control	GSM1471913; GSM1471914	taxol-resistant cell lines SKOV3/Tx50	GSM1471915; GSM1471916	treated	GPL13287:Phalanx Human OneArray [Annotation HOA5 release 1.0]
HBEXP000907	HBIN045705	taxol	Ingredient	GSE60335	Homo sapiens			Ovarian cancer	SKOV3	Expression profiling by array	Total RNA	human cellline	Ovarian cancer; SKOV3	/	control	GSM1471913; GSM1471914	taxol-resistant cell lines SKOV3/Tx600 	GSM1471917; GSM1471918	treated	GPL13287:Phalanx Human OneArray [Annotation HOA5 release 1.0]
HBEXP000908	HBIN045847	Telocinobufagin	Ingredient	GSE85871	Homo sapiens			Breast cancer	MCF-7	Expression profiling by array	Total RNA	human cellline	Breast cancer; MCF-7	/	vehicle control (DMSO)	GSM2286248; GSM2286249; GSM2286316; GSM2286317; GSM2286398; GSM2286399	1uM Telocinobufagin for 12h	GSM2286310; GSM2286311	treated	GPL571:[HG-U133A_2] Affymetrix Human Genome U133A 2.60 Array
HBEXP000909	HBIN046010	testosterone	Ingredient	GSE124704	Homo sapiens		Prostate cancer			Expression profiling by high throughput sequencing	mRNA	human cellline	Prostate cancer	/	control	GSM3543626; GSM3543627; GSM3543628; GSM3543629	treated with castration-resistant PC (CRPC) patient-derived xenograft (PDX) lines(tumor type:LuCaP 35CR-ENZR tumor) EOS(end of study)	GSM3543630; GSM3543631; GSM3543632; GSM3543633	treated	GPL16791:Illumina HiSeq 2500 (Homo sapiens)
HBEXP000910	HBIN046010	testosterone	Ingredient	GSE124704	Homo sapiens		Prostate cancer			Expression profiling by high throughput sequencing	mRNA	human cellline	Prostate cancer	/	control	GSM3543634; GSM3543635; GSM3543636; GSM3543637	treated with castration-resistant PC (CRPC) patient-derived xenograft (PDX) lines(tumor type:LuCaP 35CR-ENZR tumor) D5(day 5)	GSM3543638; GSM3543639; GSM3543640; GSM3543641; GSM3543642; GSM3543643	treated	GPL16791:Illumina HiSeq 2500 (Homo sapiens)
HBEXP000911	HBIN046010	testosterone	Ingredient	GSE124704	Homo sapiens		Prostate cancer			Expression profiling by high throughput sequencing	mRNA	human cellline	Prostate cancer	/	control	GSM3543644; GSM3543645; GSM3543646; GSM3543647	Testosterone on castration-resistant PC (CRPC) patient-derived xenograft (PDX) lines(tumor type:LuCaP 35CR-ENZR tumor) D5(day 5)	GSM3543648; GSM3543649; GSM3543650; GSM3543651	treated	GPL16791:Illumina HiSeq 2500 (Homo sapiens)
HBEXP000912	HBIN046010	testosterone	Ingredient	GSE124704	Homo sapiens		Prostate cancer			Expression profiling by high throughput sequencing	mRNA	human cellline	Prostate cancer	/	control	GSM3543652; GSM3543653; GSM3543654; GSM3543655	Testosterone on castration-resistant PC (CRPC) patient-derived xenograft (PDX) lines(tumor type:LuCaP 35CR-ENZR tumor) D5(day 5)	GSM3543656; GSM3543657; GSM3543658; GSM3543659	treated	GPL16791:Illumina HiSeq 2500 (Homo sapiens)
HBEXP000913	HBIN046010	testosterone	Ingredient	GSE124704	Homo sapiens		Prostate cancer			Expression profiling by high throughput sequencing	mRNA	human cellline	Prostate cancer	/	control	GSM3543660; GSM3543661; GSM3543662; GSM3543663	Testosterone on castration-resistant PC (CRPC) patient-derived xenograft (PDX) lines(tumor type:LuCaP 35CR-ENZR tumor) EOS(end of study)	GSM3543664; GSM3543665; GSM3543666; GSM3543667; GSM3543668; GSM3543669	treated	GPL16791:Illumina HiSeq 2500 (Homo sapiens)
HBEXP000914	HBIN046010	testosterone	Ingredient	GSE128328	Homo sapiens		Endometrium			Expression profiling by high throughput sequencing	Total RNA	human cellline	Endometrium	/	control	GSM3671466; GSM3671467; GSM3671468; GSM3671469	cultured in normal follicular phase and PCOS hormone profiles for 14 days	GSM3671470; GSM3671471; GSM3671472; GSM3671473	cultured	GPL20301:Illumina HiSeq 4000 (Homo sapiens)
HBEXP000915	HBIN046010	testosterone	Ingredient	GSE1582	Mus musculus	BALB/c	Lacrimal gland			Expression profiling by array	Total RNA	mouse	BALB/c; Lacrimal gland	/	Placebo-Treated 	GSM27185; GSM27186; GSM27187	Testosterone-Treated Submandibular	GSM27188; GSM27189; GSM27190	treated	GPL1310:Amersham CodeLink UniSet Mouse I Bioarray
HBEXP000916	HBIN046010	testosterone	Ingredient	GSE1582	Mus musculus	BALB/c	Lacrimal gland			Expression profiling by array	Total RNA	mouse	BALB/c; Lacrimal gland	/	Placebo-Treated 	GSM27185; GSM27186; GSM27187	Testosterone-Treated Lacrimal	GSM27194; GSM27195; GSM27196	treated	GPL1310:Amersham CodeLink UniSet Mouse I Bioarray
HBEXP000917	HBIN046010	testosterone	Ingredient	GSE1582	Mus musculus	BALB/c	Lacrimal gland			Expression profiling by array	Total RNA	mouse	BALB/c; Lacrimal gland	/	Placebo-Treated 	GSM27185; GSM27186; GSM27187	Testosterone-Treated Meibomian Glands	GSM27200; GSM27201; GSM27202	treated	GPL1310:Amersham CodeLink UniSet Mouse I Bioarray
HBEXP000918	HBIN046010	testosterone	Ingredient	GSE16486	Mus musculus	CD-1	Gastrocnemius muscle			Expression profiling by array	Total RNA	mouse	CD-1; Gastrocnemius muscle	/	Placebo	GSM414369; GSM414370; GSM414371	Testosterone	GSM414375; GSM414376; GSM414377	treated	GPL1261:[Mouse430_2] Affymetrix Mouse Genome 430 2.0 Array
HBEXP000919	HBIN046010	testosterone	Ingredient	GSE17461	Homo sapiens			Prostate cancer	LNCaP	Expression profiling by array	Total RNA	human cellline	Prostate cancer; LNCaP	/	ethanol control (no exogenous androgen)	GSM435448; GSM435449; GSM435450	treated with 5nM testosterone	GSM435451; GSM435452; GSM435453	treated	GPL8971:NimbleGen Homo sapiens HG18 60mer expr 4plex (4x72k)
HBEXP000920	HBIN046010	testosterone	Ingredient	GSE17553	Mus musculus	129BL/6	Efferent duct			Expression profiling by array	Total RNA	mouse	129BL/6; Efferent duct	Adult animals were castrated or sham-castrated, allowed to recover for 14 days	vehicle (castrated and sham-castrated as biological controls)	GSM437528; GSM437538	Efferent duct TP treated	GSM437539; GSM437540	treated	GPL1261:[Mouse430_2] Affymetrix Mouse Genome 430 2.0 Array
HBEXP000921	HBIN046010	testosterone	Ingredient	GSE17553	Mus musculus	129BL/6	Efferent duct			Expression profiling by array	Total RNA	mouse	129BL/6; Efferent duct	Adult animals were castrated or sham-castrated, allowed to recover for 14 days	vehicle (castrated and sham-castrated as biological controls)	GSM437528; GSM437538	Caput epididymis TP treated	GSM437533; GSM437534	treated	GPL1261:[Mouse430_2] Affymetrix Mouse Genome 430 2.0 Array
HBEXP000922	HBIN046010	testosterone	Ingredient	GSE3995	Mus musculus	BALB/c	Lacrimal gland			Expression profiling by array	Total RNA	mouse	BALB/c; Lacrimal gland	/	Placebo-Treated	GSM91242; GSM91243; GSM91244	Female Testosterone-Treated Lacrimal Gland Sample 	GSM91245; GSM91246; GSM91247	treated	GPL81:[MG_U74Av2] Affymetrix Murine Genome U74A Version 2 Array;GPL1310:Amersham CodeLink UniSet Mouse I Bioarray;GPL4295:CodeLink™ UniSet Mouse 20K I Bioarray;GPL8321:[Mouse430A_2] Affymetrix Mouse Genome 430A 2.0 Array
HBEXP000923	HBIN046010	testosterone	Ingredient	GSE3995	Mus musculus	BALB/c	Lacrimal gland			Expression profiling by array	Total RNA	mouse	BALB/c; Lacrimal gland	/	Placebo-Treated	GSM91242; GSM91243; GSM91244	Female Testosterone-Treated Meibomian Gland Sample	GSM91251; GSM91252; GSM91253	treated	GPL81:[MG_U74Av2] Affymetrix Murine Genome U74A Version 2 Array;GPL1310:Amersham CodeLink UniSet Mouse I Bioarray;GPL4295:CodeLink™ UniSet Mouse 20K I Bioarray;GPL8321:[Mouse430A_2] Affymetrix Mouse Genome 430A 2.0 Array
HBEXP000924	HBIN046010	testosterone	Ingredient	GSE3995	Mus musculus	BALB/c	Lacrimal gland			Expression profiling by array	Total RNA	mouse	BALB/c; Lacrimal gland	/	Placebo-Treated	GSM91242; GSM91243; GSM91244	Female Testosterone-Treated Submandibular Gland Sample 	GSM91256; GSM91257; GSM91258	treated	GPL81:[MG_U74Av2] Affymetrix Murine Genome U74A Version 2 Array;GPL1310:Amersham CodeLink UniSet Mouse I Bioarray;GPL4295:CodeLink™ UniSet Mouse 20K I Bioarray;GPL8321:[Mouse430A_2] Affymetrix Mouse Genome 430A 2.0 Array
HBEXP000925	HBIN046010	testosterone	Ingredient	GSE3995	Mus musculus	BALB/c	Submandibular Gland			Expression profiling by array	Total RNA	mouse	BALB/c; Submandibular Gland	/	Placebo-Treated	GSM91274; GSM91275; GSM91276	Female Testosterone-Treated Submandibular Gland Sample	GSM91277; GSM91278; GSM91279	treated	GPL81:[MG_U74Av2] Affymetrix Murine Genome U74A Version 2 Array;GPL1310:Amersham CodeLink UniSet Mouse I Bioarray;GPL4295:CodeLink™ UniSet Mouse 20K I Bioarray;GPL8321:[Mouse430A_2] Affymetrix Mouse Genome 430A 2.0 Array
HBEXP000926	HBIN046010	testosterone	Ingredient	GSE438	Mus musculus		Testis			Expression profiling by array	Total RNA	mouse	Testis	/	control	GSM6733	pretreated with testosterone proprionate for 2 weeks 	GSM6734; GSM6735; GSM6736	treated	GPL81:[MG_U74Av2] Affymetrix Murine Genome U74A Version 2 Array
HBEXP000927	HBIN046010	testosterone	Ingredient	GSE47181	Mus musculus		Prostate			Expression profiling by array	Total RNA	mouse	Prostate	/	vehicle control	GSM1146181; GSM1146182; GSM1146183	treated with testosterone for 3 days	GSM1146184; GSM1146185; GSM1146186	injection	GPL6887:Illumina MouseWG-6 v2.0 expression beadchip
HBEXP000928	HBIN046010	testosterone	Ingredient	GSE47181	Mus musculus		Kidney			Expression profiling by array	Total RNA	mouse	Kidney	/	vehicle control	GSM1146181; GSM1146182; GSM1146183	treated with testosterone for 3 days 	GSM1146188; GSM1146189; GSM1146190	injection	GPL6887:Illumina MouseWG-6 v2.0 expression beadchip
HBEXP000929	HBIN046010	testosterone	Ingredient	GSE47181	Mus musculus		Epididymis			Expression profiling by array	Total RNA	mouse	Epididymis	/	vehicle control	GSM1146181; GSM1146182; GSM1146183	treated with testosterone for 3 days	GSM1146196; GSM1146197; GSM1146198	injection	GPL6887:Illumina MouseWG-6 v2.0 expression beadchip
HBEXP000930	HBIN046010	testosterone	Ingredient	GSE47181	Mus musculus		Prostate			Expression profiling by array	Total RNA	mouse	Prostate	/	vehicle control	GSM1259291; GSM1259292; GSM1259293	treated with testosterone for 12h	GSM1259294; GSM1259295; GSM1259296	injection	GPL6887:Illumina MouseWG-6 v2.0 expression beadchip
HBEXP000931	HBIN046010	testosterone	Ingredient	GSE47181	Mus musculus		Kidney			Expression profiling by array	Total RNA	mouse	Kidney	/	vehicle control	GSM1259291; GSM1259292; GSM1259293	treated with testosterone for 12h	GSM1259303; GSM1259304; GSM1259305	injection	GPL6887:Illumina MouseWG-6 v2.0 expression beadchip
HBEXP000932	HBIN046010	testosterone	Ingredient	GSE47181	Mus musculus		Epididymis			Expression profiling by array	Total RNA	mouse	Epididymis	/	vehicle control	GSM1259291; GSM1259292; GSM1259293	treated with testosterone for 12h	GSM1259312; GSM1259313; GSM1259314	injection	GPL6887:Illumina MouseWG-6 v2.0 expression beadchip
HBEXP000933	HBIN046010	testosterone	Ingredient	GSE49986	Mus musculus	C57BL/6J	BNST/POA			Expression profiling by array	Total RNA	mouse	C57BL/6J; BNST/POA	/	control	GSM1211135; GSM1211136; GSM1211137; GSM1211138; GSM1211139	BNST/POA Day 4 Female+T	GSM1211140; GSM1211141; GSM1211142; GSM1211143; GSM1211144	treated	GPL6885:Illumina MouseRef-8 v2.0 expression beadchip
HBEXP000934	HBIN046010	testosterone	Ingredient	GSE49986	Mus musculus	C57BL/6J	BNST/POA			Expression profiling by array	Total RNA	mouse	C57BL/6J; BNST/POA	/	control	GSM1211135; GSM1211136; GSM1211137; GSM1211138; GSM1211139	BNST/POA Day 60 Female+T	GSM1211155; GSM1211156; GSM1211157; GSM1211158	treated	GPL6885:Illumina MouseRef-8 v2.0 expression beadchip
HBEXP000935	HBIN046010	testosterone	Ingredient	GSE49986	Mus musculus	C57BL/6J	Striatum			Expression profiling by array	Total RNA	mouse	C57BL/6J; Striatum	/	control	GSM1211164; GSM1211165; GSM1211166; GSM1211167; GSM1211168	Striatum Day 4 Female+T	GSM1211169; GSM1211170; GSM1211171; GSM1211172; GSM1211173	treated	GPL6885:Illumina MouseRef-8 v2.0 expression beadchip
HBEXP000936	HBIN046010	testosterone	Ingredient	GSE49986	Mus musculus	C57BL/6J	Striatum			Expression profiling by array	Total RNA	mouse	C57BL/6J; Striatum	/	control	GSM1211164; GSM1211165; GSM1211166; GSM1211167; GSM1211168	Striatum Day 60 Female+T	GSM1211184; GSM1211185; GSM1211186; GSM1211187	treated	GPL6885:Illumina MouseRef-8 v2.0 expression beadchip
HBEXP000937	HBIN046010	testosterone	Ingredient	GSE5106	Homo sapiens		Skeletal muscle			Expression profiling by array	Total RNA	human cellline	Skeletal muscle	Hiv-Infected Men Experiencing Weight Loss	Placebo	GSM113921; GSM115323; GSM115325; GSM115326; GSM115327; GSM115328; GSM115329; GSM115330; GSM115331; 	300mg testosterone enanthate weekly for 16 weeks	GSM115332; GSM115333; GSM115334; GSM115335; GSM115336; GSM115337; GSM115338; GSM115339; GSM115340; GSM115341; 	injection	GPL571:[HG-U133A_2] Affymetrix Human Genome U133A 2.0 Array
HBEXP000938	HBIN046010	testosterone	Ingredient	GSE5877	Mus musculus	MRL/lpr	Lacrimal gland			Expression profiling by array	Total RNA	mouse	MRL/lpr; Lacrimal gland	/	Placebo	GSM136834; GSM136835; GSM136836	MRL/lpr	GSM136837; GSM136838; GSM136839	treated	GPL2894:GE Healthcare/Amersham Biosciences CodeLink™ UniSet Mouse 20K I Bioarray;GPL8321:[Mouse430A_2] Affymetrix Mouse Genome 430A 2.0 Array
HBEXP000939	HBIN046010	testosterone	Ingredient	GSE5877	Mus musculus	MRL/lpr	Lacrimal gland			Expression profiling by array	Total RNA	mouse	MRL/lpr; Lacrimal gland	/	Placebo	GSM136834; GSM136835; GSM136836	Non-Obese Diabetic (NOD)	GSM136843; GSM136844; GSM136845	treated	GPL2894:GE Healthcare/Amersham Biosciences CodeLink™ UniSet Mouse 20K I Bioarray;GPL8321:[Mouse430A_2] Affymetrix Mouse Genome 430A 2.0 Array
HBEXP000940	HBIN046010	testosterone	Ingredient	GSE59375	Mus musculus	C57BL/6	Brain			Expression profiling by array	Total RNA	mouse	C57BL/6; Brain	/	vehicle control	GSM1436034; GSM1436038	treated with intraperitoneal injection of testosterone propionate female mice brain	GSM1436033; GSM1436037	injection	GPL1261:[Mouse430_2] Affymetrix Mouse Genome 430 2.0 Array
HBEXP000941	HBIN046010	testosterone	Ingredient	GSE8466	Homo sapiens		Prostate	Epithelial cell		Expression profiling by array	Total RNA	human cellline	Prostate; Epithelial cell	/	Placebo	GSM174558; GSM174559; GSM174560; GSM174561	epithelial cells from a randomly selected subset of patients in the neoadjuvant ADT trial (at 0, 3-6, and 6-9 months of treatment; n=3 in each group)	GSM174566; GSM174567; GSM174568; GSM174569	treated	GPL4766:FHCRC Human Prostate PEDB cDNA Array v8
HBEXP000942	HBIN046010	testosterone	Ingredient	GSE86457	Homo sapiens			ES-derived neural stem cell	hNSC	Expression profiling by high throughput sequencing	mRNA	human cellline	ES-derived neural stem cell; hNSC	/	DMSO (solvent)	GSM2302970; GSM2302971; GSM2302972; GSM2302973; GSM2302974; GSM2302975; GSM2302976; GSM2302977; GSM2302978; GSM2302979	effects on human neural stem cells (hNSCs) by treatment Testosterone 100nM	GSM2302980; GSM2302981; GSM2302982; GSM2302983; GSM2302984; GSM2302985; GSM2302986; GSM2302987; GSM2302988	treated	GPL16791:Illumina HiSeq 2500 (Homo sapiens)
HBEXP000943	HBIN046010	testosterone	Ingredient	GSE86457	Homo sapiens			ES-derived neural stem cell	hNSC	Expression profiling by high throughput sequencing	mRNA	human cellline	ES-derived neural stem cell; hNSC	/	DMSO (solvent)	GSM2302970; GSM2302971; GSM2302972; GSM2302973; GSM2302974; GSM2302975; GSM2302976; GSM2302977; GSM2302978; GSM2302979	effects on human neural stem cells (hNSCs) by treatment Testosterone 10nM	GSM2928169; GSM2928170; GSM2928171	treated	GPL16791:Illumina HiSeq 2500 (Homo sapiens)
HBEXP000944	HBIN046084	Tetrahydropalmatine	Ingredient	GSE85871	Homo sapiens			Breast cancer	MCF-7	Expression profiling by array	Total RNA	human cellline	Breast cancer; MCF-7	/	vehicle control (DMSO)	GSM2286248; GSM2286249; GSM2286316; GSM2286317; GSM2286398; GSM2286399	10uM Tetrahydropalmatine for 12h	GSM2286366; GSM2286367	treated	GPL571:[HG-U133A_2] Affymetrix Human Genome U133A 2.87 Array
HBEXP000945	HBIN046176	thalicthuberine	Ingredient	GSE83459	Homo sapiens			Prostate cancer	LNCaP	Expression profiling by array	Total RNA	human cellline	Prostate cancer; LNCaP	/	DMSO	GSM2148990; GSM2148991; GSM2148992	15uM Thalicthuberine for 24 h	GSM2203769; GSM2203770; GSM2203771	treated	GPL16604:Agilent-032034 VPC Human 180K v3 (Probe Name version)
HBEXP000946	HBIN046244	thapsigargin	Ingredient	GSE103719	Homo sapiens			Embryo kidney cell	HEK293	Expression profiling by high throughput sequencing	mRNA	human cellline	Embryo kidney cell; HEK293	/	DMSO	GSM2779661; GSM2779662; GSM2779663; GSM2779664	2uM thapsigargin for 2h	GSM2779665; GSM2779666; GSM2779667; GSM2779668	treated	GPL18573:Illumina NextSeq 500 (Homo sapiens)
HBEXP000947	HBIN046244	thapsigargin	Ingredient	GSE106172	Mus musculus		Kidney	Podocyte		Expression profiling by array	Total RNA	mouse	Kidney; Podocyte	/	DMSO	GSM2830969; GSM2830970; GSM2830971	2.5uM thapsigargin for 16h	GSM2830972; GSM2830973; GSM2830974	treated	GPL16570:[MoGene-2_0-st] Affymetrix Mouse Gene 2.0 ST Array [transcript (gene) version]
HBEXP000948	HBIN046244	thapsigargin	Ingredient	GSE129942	Homo sapiens		Kidney	Epithelial cell		Expression profiling by high throughput sequencing	mRNA	human cellline	Kidney; Epithelial cell	/	DMSO	GSM3728387; GSM3728388; GSM3728389	100nM of thapsigargin was added for 12h	GSM3728390; GSM3728391; GSM3728392	treated	GPL16791:Illumina HiSeq 2500 (Homo sapiens)
HBEXP000949	HBIN046244	thapsigargin	Ingredient	GSE21979	Homo sapiens			Medulloblastoma	Daoy	Expression profiling by array	Total RNA	human cellline	Medulloblastoma; Daoy	/	DMSO	GSM546541; GSM546544	1uM thapsigargin for 3h 	GSM546542; GSM546545	treated	GPL570:[HG-U133_Plus_2] Affymetrix Human Genome U133 Plus 2.0 Array
HBEXP000950	HBIN046244	thapsigargin	Ingredient	GSE21979	Homo sapiens			Medulloblastoma	Daoy	Expression profiling by array	Total RNA	human cellline	Medulloblastoma; Daoy	/	DMSO	GSM546541; GSM546544	1uM thapsigargin for 8h	GSM546543; GSM546546	treated	GPL570:[HG-U133_Plus_2] Affymetrix Human Genome U133 Plus 2.0 Array
HBEXP000951	HBIN046244	thapsigargin	Ingredient	GSE24497	Homo sapiens			Neuroblastoma	SHSY5Y	Expression profiling by array	Total RNA	human cellline	Neuroblastoma; SHSY5Y	/	DMSO	GSM603226; GSM603227; GSM603228	thapsigargin	GSM603229; GSM603230; GSM603231	treated	GPL6104:Illumina humanRef-8 v2.0 expression beadchip
HBEXP000952	HBIN046244	thapsigargin	Ingredient	GSE31447	Homo sapiens			Lymphoblastoid	LCL	Expression profiling by array	Total RNA	human cellline	Lymphoblastoid; LCL	/	DMSO	GSM785127; GSM785128; GSM785135; GSM785136	TG applied for 3h	GSM781689; GSM785126; GSM785133; GSM785134	treated	GPL570:[HG-U133_Plus_2] Affymetrix Human Genome U133 Plus 2.0 Array
HBEXP000953	HBIN046244	thapsigargin	Ingredient	GSE31447	Homo sapiens			Lymphoblastoid	LCL	Expression profiling by array	Total RNA	human cellline	Lymphoblastoid; LCL	/	DMSO	GSM785127; GSM785128; GSM785135; GSM785136	TG applied for 24h	GSM780861; GSM781215	treated	GPL570:[HG-U133_Plus_2] Affymetrix Human Genome U133 Plus 2.0 Array
HBEXP000954	HBIN046244	thapsigargin	Ingredient	GSE31447	Homo sapiens			Lymphoblastoid	LCL	Expression profiling by array	Total RNA	human cellline	Lymphoblastoid; LCL	/	DMSO	GSM785127; GSM785128; GSM785135; GSM785136	TG applied for 72h	GSM781265; GSM781686	treated	GPL570:[HG-U133_Plus_2] Affymetrix Human Genome U133 Plus 2.0 Array
HBEXP000955	HBIN046244	thapsigargin	Ingredient	GSE31447	Homo sapiens			Lymphoblastoid	LCL	Expression profiling by array	Total RNA	human cellline	Lymphoblastoid; LCL	/	saline	GSM780863; GSM781216	saline+TG for 24h	GSM780864; GSM781217	treated	GPL570:[HG-U133_Plus_2] Affymetrix Human Genome U133 Plus 2.0 Array
HBEXP000956	HBIN046244	thapsigargin	Ingredient	GSE31447	Homo sapiens			Lymphoblastoid	LCL	Expression profiling by array	Total RNA	human cellline	Lymphoblastoid; LCL	/	saline	GSM780863; GSM781216	saline+TG for 72h	GSM781286; GSM781688	treated	GPL570:[HG-U133_Plus_2] Affymetrix Human Genome U133 Plus 2.0 Array
HBEXP000957	HBIN046244	thapsigargin	Ingredient	GSE39244	Mus musculus		Embryonic fibroblast			Expression profiling by array	Total RNA	mouse	Embryonic fibroblast	/	no treatment	GSM958760; GSM958772	TG for 6h	GSM958769; GSM958781	treated	GPL6887:Illumina MouseWG-6 v2.0 expression beadchip
HBEXP000958	HBIN046244	thapsigargin	Ingredient	GSE41666	Homo sapiens			Hepatocellular carcinoma	HepG2	Expression profiling by array	Total RNA	human cellline	Hepatocellular carcinoma; HepG2	/	Normoxia	GSM1021504; GSM1021512; GSM1021520	0.3uM thapsigargin for  24h 	GSM1021506; GSM1021514; GSM1021522	treated	GPL10558:Illumina HumanHT-12 V4.0 expression beadchip
HBEXP000959	HBIN046244	thapsigargin	Ingredient	GSE41666	Homo sapiens			Colon cancer	HCT116	Expression profiling by array	Total RNA	human cellline	Colon cancer; HCT116	/	Normoxia	GSM1021500; GSM1021508; GSM1021516	0.3uM thapsigargin for  24h 	GSM1021502; GSM1021510; GSM1021518	treated	GPL10558:Illumina HumanHT-12 V4.0 expression beadchip
HBEXP000960	HBIN046244	thapsigargin	Ingredient	GSE57138	Mus musculus			Fibroblast	3T3	Expression profiling by high throughput sequencing	mRNA	mouse	Fibroblast; 3T3	/	control	GSM1375876; GSM1375877	500nM thapsigargin for 24h	GSM1375878; GSM1375879	treated	GPL11002:Illumina Genome Analyzer IIx (Mus musculus)
HBEXP000961	HBIN046248	theanine	Ingredient	GSE120546	Mus musculus	AKR/J	Hippocampus			Expression profiling by array	Total RNA	mouse	AKR/J; Hippocampus	/	Confront Water;Water	GSM3402798; GSM3402799	theanine Confront	GSM3402800; GSM3402801	feed	GPL16570:[MoGene-2_0-st] Affymetrix Mouse Gene 2.0 ST Array [transcript (gene) version]
HBEXP000962	HBIN046248	theanine	Ingredient	GSE120546	Mus musculus	AKR/J	Hippocampus			Expression profiling by array	Total RNA	mouse	AKR/J; Hippocampus	/	Confront Water;Water	GSM3402798; GSM3402799	theanine Confron Single	GSM3402804; GSM3402805	feed	GPL16570:[MoGene-2_0-st] Affymetrix Mouse Gene 2.0 ST Array [transcript (gene) version]
HBEXP000963	HBIN046526	tomatidine	Ingredient	GSE72651	Mus musculus	C57BL/6	Skeletal muscle			Expression profiling by array	Total RNA	mouse C57BL/6	C57BL/6; Skeletal muscle	/	control	GSM1867308; GSM1867309; GSM1867310; GSM1867311; GSM1867312	0.05% tomatidine (TM) for 2 months	GSM1867313; GSM1867314; GSM1867315; GSM1867316; GSM1867317	treated	GPL6885:Illumina MouseRef-8 v2.0 expression beadchip
HBEXP000964	HBIN047173	triptolide	Ingredient	GSE16760	Homo sapiens			Lung cancer	A549	Expression profiling by array	Total RNA	human cellline	Lung cancer; A549	/	no treatment	GSM419939; GSM419971; GSM419984	0.05uM of tripolide for 1h	GSM419930; GSM419931; GSM419932	treated	GPL8755:PF - Agilent-014850 Whole Human Genome Microarray 4x44K
HBEXP000965	HBIN047173	triptolide	Ingredient	GSE16760	Homo sapiens			Lung cancer	A549	Expression profiling by array	Total RNA	human cellline	Lung cancer; A549	/	no treatment	GSM419939; GSM419971; GSM419984	0.15uM of tripolide for 1h	GSM419933; GSM419934; GSM419935	treated	GPL8755:PF - Agilent-014850 Whole Human Genome Microarray 4x44K
HBEXP000966	HBIN047173	triptolide	Ingredient	GSE16760	Homo sapiens			Lung cancer	A549	Expression profiling by array	Total RNA	human cellline	Lung cancer; A549	/	no treatment	GSM419939; GSM419971; GSM419984	0.45uM of tripolide for 1h	GSM419936; GSM419937; GSM419938	treated	GPL8755:PF - Agilent-014850 Whole Human Genome Microarray 4x44K
HBEXP000967	HBIN047173	triptolide	Ingredient	GSE16760	Homo sapiens			Lung cancer	A549	Expression profiling by array	Total RNA	human cellline	Lung cancer; A549	/	no treatment	GSM419939; GSM419971; GSM419984	0.05uM of tripolide for 2h	GSM419985; GSM419986; GSM419993	treated	GPL8755:PF - Agilent-014850 Whole Human Genome Microarray 4x44K
HBEXP000968	HBIN047173	triptolide	Ingredient	GSE16760	Homo sapiens			Lung cancer	A549	Expression profiling by array	Total RNA	human cellline	Lung cancer; A549	/	no treatment	GSM419939; GSM419971; GSM419984	0.15uM of tripolide for 2h	GSM419994; GSM420002; GSM420003	treated	GPL8755:PF - Agilent-014850 Whole Human Genome Microarray 4x44K
HBEXP000969	HBIN047173	triptolide	Ingredient	GSE16760	Homo sapiens			Lung cancer	A549	Expression profiling by array	Total RNA	human cellline	Lung cancer; A549	/	no treatment	GSM419939; GSM419971; GSM419984	0.45uM of tripolide for 2h	GSM420004; GSM420006; GSM420107	treated	GPL8755:PF - Agilent-014850 Whole Human Genome Microarray 4x44K
HBEXP000970	HBIN047173	triptolide	Ingredient	GSE16760	Homo sapiens			Lung cancer	A549	Expression profiling by array	Total RNA	human cellline	Lung cancer; A549	/	no treatment	GSM419939; GSM419971; GSM419984	0.05uM of tripolide for 4h	GSM420113; GSM420115; GSM420119	treated	GPL8755:PF - Agilent-014850 Whole Human Genome Microarray 4x44K
HBEXP000971	HBIN047173	triptolide	Ingredient	GSE16760	Homo sapiens			Lung cancer	A549	Expression profiling by array	Total RNA	human cellline	Lung cancer; A549	/	no treatment	GSM419939; GSM419971; GSM419984	0.15uM of tripolide for 4h	GSM420120; GSM420121; GSM420122	treated	GPL8755:PF - Agilent-014850 Whole Human Genome Microarray 4x44K
HBEXP000972	HBIN047173	triptolide	Ingredient	GSE16760	Homo sapiens			Lung cancer	A549	Expression profiling by array	Total RNA	human cellline	Lung cancer; A549	/	no treatment	GSM419939; GSM419971; GSM419984	0.45uM of tripolide for 4h	GSM420123; GSM420136; GSM420137	treated	GPL8755:PF - Agilent-014850 Whole Human Genome Microarray 4x44K
HBEXP000973	HBIN047173	triptolide	Ingredient	GSE28662	Homo sapiens			Breast cancer	MCF-7	Expression profiling by array	Total RNA	human cellline	Breast cancer; MCF-7	/	DMSO	GSM710149; GSM710150	500 nM triptolide for 2h	GSM710161; GSM710162	treated	GPL3921:[HT_HG-U133A] Affymetrix HT Human Genome U133A Array
HBEXP000974	HBIN047173	triptolide	Ingredient	GSE28662	Homo sapiens			Breast cancer	MCF-7	Expression profiling by array	Total RNA	human cellline	Breast cancer; MCF-7	/	DMSO	GSM710149; GSM710150	500 nM triptolide for 4h	GSM710163; GSM710164	treated	GPL3921:[HT_HG-U133A] Affymetrix HT Human Genome U133A Array
HBEXP000975	HBIN047173	triptolide	Ingredient	GSE28662	Homo sapiens			Breast cancer	MCF-7	Expression profiling by array	Total RNA	human cellline	Breast cancer; MCF-7	/	DMSO	GSM710149; GSM710150	500 nM triptolide for 6h	GSM710165; GSM710166	treated	GPL3921:[HT_HG-U133A] Affymetrix HT Human Genome U133A Array
HBEXP000976	HBIN047173	triptolide	Ingredient	GSE48895	Mus musculus			Embryonic stem cell	V6.5	Expression profiling by high throughput sequencing	mRNA	mouse	Embryonic stem cell; V6.5	/	control	GSM1186452; GSM1186453	treated for 12.5 min with 500nM triptolide	GSM1186454; GSM1186455	treated	GPL15103:Illumina HiSeq 1000 (Mus musculus)
HBEXP000977	HBIN047173	triptolide	Ingredient	GSE48895	Mus musculus			Embryonic stem cell	V6.5	Expression profiling by high throughput sequencing	mRNA	mouse	Embryonic stem cell; V6.5	/	control	GSM1186452; GSM1186453	treated for 50 min with 500nM triptolide	GSM1186457; GSM1186458	treated	GPL15103:Illumina HiSeq 1000 (Mus musculus)
HBEXP000978	HBIN047173	triptolide	Ingredient	GSE74490	Mus musculus	C57BL/6	Pancreatic cancer	Fibroblast		Expression profiling by high throughput sequencing	mRNA	mouse	C57BL/6; Pancreatic cancer; Fibroblast	/	no treatment	GSM1921796; GSM1921799; GSM1921802	100nM triptolide for 6h	GSM1921797; GSM1921800; GSM1921803	treated	GPL17021:Illumina HiSeq 2500 (Mus musculus)
HBEXP000979	HBIN047173	triptolide	Ingredient	GSE74490	Mus musculus	C57BL/6	Pancreatic cancer	Fibroblast		Expression profiling by high throughput sequencing	mRNA	mouse	C57BL/6; Pancreatic cancer; Fibroblast	/	no treatment	GSM1921796; GSM1921799; GSM1921802	100nM triptolide for 24h	GSM1921798; GSM1921801; GSM1921804	treated	GPL17021:Illumina HiSeq 2500 (Mus musculus)
HBEXP000980	HBIN047173	triptolide	Ingredient	GSE99514	Mus musculus	129S1	Lung			Expression profiling by array	Total RNA	mouse 129S1	129S1; Lung	/	no treatment	GSM2645339; GSM2645340	1 mg/kg body weight five days a week for 2 months	GSM2645344; GSM2645345; GSM2645346	gavage	GPL6246:[MoGene-1_0-st] Affymetrix Mouse Gene 1.0 ST Array [transcript (gene) version]
HBEXP000981	HBIN047588	urocanic acid	Ingredient	GSE8760	Homo sapiens		Epidermis	Keratinocyte		Expression profiling by array	Total RNA	human cellline	Epidermis; Keratinocyte	/	control	GSM217619; GSM217627	treated with cis-UCA (10ug/ml) 	GSM217620; GSM217629	treated	GPL96:[HG-U133A] Affymetrix Human Genome U133A Array
HBEXP000982	HBIN047588	urocanic acid	Ingredient	GSE8760	Homo sapiens		Epidermis	Keratinocyte		Expression profiling by array	Total RNA	human cellline	Epidermis; Keratinocyte	/	control	GSM217619; GSM217627	treated with trans-UCA (10ug/ml) 	GSM217623; GSM217630	treated	GPL96:[HG-U133A] Affymetrix Human Genome U133A Array
HBEXP000983	HBIN047610	ursodeoxycholic acid	Ingredient	GSE143798	Homo sapiens			Glioma	LN229	Expression profiling by high throughput sequencing	mRNA	human cellline	Glioma; LN229	/	control	GSM4274743; GSM4274744; GSM4274745	800uM ursodeoxycholic for 48h	GSM4274746; GSM4274747; GSM4274748	treated	GPL16791:Illumina HiSeq 2500 (Homo sapiens)
HBEXP000984	HBIN047610	ursodeoxycholic acid	Ingredient	GSE21266	Mus musculus			Colon epithelium	IEC-6	Expression profiling by array	Total RNA	mouse	Colon epithelium; IEC-6	/	control	GSM531768; GSM531769; GSM531770	UDCA treatment	GSM531771; GSM531772; GSM531773	treated	GPL8321:[Mouse430A_2] Affymetrix Mouse Genome 430A 2.0 Array
HBEXP000985	HBIN047610	ursodeoxycholic acid	Ingredient	GSE67504	Homo sapiens			Hepatocellular carcinoma	HepG2	Expression profiling by array	Total RNA	human cellline	Hepatocellular carcinoma; HepG2	/	control	GSM1648187; GSM1648188	treated with 25uM hepatoprotective agents	GSM1648195; GSM1648196; GSM1648197	treated	GPL6254:Phalanx Human OneArray
HBEXP000986	HBIN047610	Ursodeoxycholic acid	Ingredient	GSE85871	Homo sapiens			Breast cancer	MCF-7	Expression profiling by array	Total RNA	human cellline	Breast cancer; MCF-7	/	vehicle control (DMSO)	GSM2286248; GSM2286249; GSM2286316; GSM2286317; GSM2286398; GSM2286399	10uM Ursodeoxycholic acid for 12h	GSM2286254; GSM2286255	treated	GPL571:[HG-U133A_2] Affymetrix Human Genome U133A 2.32 Array
HBEXP000987	HBIN047613	ursolic acid	Ingredient	GSE120243	Mus musculus	C57BL/6J	Liver			Expression profiling by array	Total RNA	mouse	C57BL/6J; Liver	/	normal diet	GSM3396702; GSM3396703; GSM3396704	Total RNA of liver tissues was obtained from ursolic acid added high-fat diet-fed mice 	GSM3396708; GSM3396709; GSM3396710	feed	GPL6887:Illumina MouseWG-6 v2.0 expression beadchip
HBEXP000988	HBIN047613	ursolic acid	Ingredient	GSE120243	Mus musculus	C57BL/6J	Liver			Expression profiling by array	Total RNA	mouse	C57BL/6J; Liver	/	normal diet	GSM3396702; GSM3396703; GSM3396704	Total RNA of skeletal muscle tissues was obtained from ursolic acid added high-fat diet-fed mice 	GSM3396717; GSM3396718; GSM3396719	feed	GPL6887:Illumina MouseWG-6 v2.0 expression beadchip
HBEXP000989	HBIN047613	ursolic acid	Ingredient	GSE120243	Mus musculus	C57BL/6J	Liver			Expression profiling by array	Total RNA	mouse	C57BL/6J; Liver	/	normal diet	GSM3396702; GSM3396703; GSM3396704	Total RNA of adipose tissues was obtained from ursolic acid added high-fat diet-fed mice 	GSM3396726; GSM3396727; GSM3396728	feed	GPL6887:Illumina MouseWG-6 v2.0 expression beadchip
HBEXP000990	HBIN047613	ursolic acid	Ingredient	GSE28017	Mus musculus	C57BL/6	Gastrocnemius muscle			Expression profiling by array	Total RNA	mouse	C57BL/6; Gastrocnemius muscle	C57BL/6 mice were	standard chow (control)	GSM692838; GSM692839; GSM692840; GSM692841	standard chow containing 0.27% ursolic acid for 5 weeks	GSM692842; GSM692843; GSM692844; GSM692845	feed	GPL6096:[MoEx-1_0-st] Affymetrix Mouse Exon 1.0 ST Array [transcript (gene) version]
HBEXP000991	HBIN047613	ursolic acid	Ingredient	GSE72651	Mus musculus	C57BL/6	Skeletal muscle			Expression profiling by array	Total RNA	mouse	C57BL/6; Skeletal muscle	22-month-old male C57BL/6 mice	standard chow (control)	GSM1867308; GSM1867309; GSM1867310; GSM1867311; GSM1867312	standard chow supplemented with 0.27% ursolic acid (UA)  for 2 months.	GSM1867318; GSM1867319; GSM1867320; GSM1867321; GSM1867322; GSM1867323	feed	GPL6885:Illumina MouseRef-8 v2.0 expression beadchip
HBEXP000992	HBIN047763	vasopressin	Ingredient	GSE19938	Mus musculus			Collecting duct cell	mpkCCD	Expression profiling by array	Total RNA	mouse	Collecting duct cell; mpkCCD	/	control	GSM498222; GSM498223; GSM498224	exposed to the vasopressin V2 receptor analog, dDAVP, at a physiological concentration, 0.1nM, for 5 days	GSM498225; GSM498226; GSM498227	exposed	GPL1261:[Mouse430_2] Affymetrix Mouse Genome 430 2.0 Array
HBEXP000993	HBIN047763	vasopressin	Ingredient	GSE5953	Mus musculus		Kidney medulla			Expression profiling by array	Total RNA	mouse	Kidney medulla	/	control	GSM138399	3 mice infused with either arginine vasopressin (AVP) or des-amino-D-arginine vasopressin (dDAVP)	GSM138396; GSM138398	infused	GPL4380:Mouse NIA 15K Custom Duplicate Spots
HBEXP000994	HBIN047763	vasopressin	Ingredient	GSE79525	Mus musculus			Collecting duct cell	mpkCCD	Expression profiling by high throughput sequencing	mRNA	mouse	Collecting duct cell; mpkCCD	/	control	GSM2096946; GSM2096948; GSM2096950; GSM2096952; GSM2096954; GSM2096955; GSM2096957; GSM2096959; GSM2096961	treated with 0.1 nM dDAVP in serum-free medium for 24h	GSM2096963; GSM2096964; GSM2096966; GSM2096968; GSM2096970; GSM2096972; GSM2096974; GSM2096976; GSM2096977	treated	GPL13112:Illumina HiSeq 2000 (Mus musculus)
HBEXP000995	HBIN047763	vasopressin	Ingredient	GSE95008	Mus musculus			Collecting duct cell	mpkCCD	Expression profiling by high throughput sequencing	mRNA	mouse	Collecting duct cell; mpkCCD	/	control (not mutated in PKA two catalytic subunits) cell lines	GSM2494232; GSM2494233; GSM2494234	PKA double knockout cell lines	GSM2494235; GSM2494236; GSM2494237	treated	GPL21493:Illumina HiSeq 3000 (Mus musculus)
HBEXP000996	HBIN047954	vincristine	Ingredient	GSE105059	Homo sapiens			Medulloblastoma	D-425	Expression profiling by array	Total RNA	human cellline	Medulloblastoma; D-425	/	control	GSM2817077; GSM2817079	knockdown experiment with two MB cell lines	GSM2817076; GSM2817078	treated	GPL10904:Illumina HumanHT-12 V4.0 expression beadchip (gene symbol)
HBEXP000997	HBIN047954	vincristine	Ingredient	GSE110376	Homo sapiens		Diffuse large B-cell lymphoma			Expression profiling by array	Total RNA	human cellline	Diffuse large B-cell lymphoma	/	control	GSM2989269; GSM2989270	B-cell-associated gene signature (BAGS), and a probability of response to vincristine was performed for each sample	GSM2989271; GSM2989272; GSM2989273; GSM2989274	treated	GPL570:[HG-U133_Plus_2] Affymetrix Human Genome U133 Plus 2.0 Array
HBEXP000998	HBIN047954	vincristine	Ingredient	GSE125001	Mus musculus	C57BL/6	Dorsal root ganglia			Expression profiling by high throughput sequencing	lncRNA	mouse	C57BL/6; Dorsal root ganglia	C57BL/6 mice	vehicle	GSM3560834; GSM3560835; GSM3560836	treated with vincristine	GSM3560837; GSM3560838; GSM3560839	treated	GPL19057:Illumina NextSeq 500 (Mus musculus)
HBEXP000999	HBIN047954	vincristine	Ingredient	GSE127485	Mus musculus	BALB/c	Leukemia			Expression profiling by array	Total RNA	mouse	BALB/c; Leukemia	/	control	GSM4478406; GSM4478407; GSM4478408	were cultured with 500 ng/mL doxycycline (in other words, with or without expression of P-K220) for 24h later	GSM4478409; GSM4478410; GSM4478411	cultured	GPL1261:[Mouse430_2] Affymetrix Mouse Genome 430 2.0 Array
HBEXP001000	HBIN047954	vincristine	Ingredient	GSE35372	Homo sapiens			Promyelocytic leukemia cell	HL-60	Expression profiling by array	Total RNA	human cellline	Promyelocytic leukemia cell; HL-60	/	control	GSM867064; GSM867076; GSM867088	4h following radiation exposure	GSM867065; GSM867066; GSM867077; GSM867078; GSM867089; GSM867090	exposed	GPL6947:Illumina HumanHT-12 V3.0 expression beadchip
HBEXP001001	HBIN047954	vincristine	Ingredient	GSE69255	Homo sapiens			Follicular lymphoma cell	RL	Expression profiling by array	Total RNA	human cellline	Follicular lymphoma cell; RL	/	control	GSM1696221; GSM1696222; GSM1696223	RL cells were cultured alone or co-cultured with neutrophils, in the presence of vincristine for 2h	GSM1696224; GSM1696225; GSM1696226	cultured	GPL10558:Illumina HumanHT-12 V4.0 expression beadchip
HBEXP001002	HBIN047954	vincristine	Ingredient	GSE75090	Mus musculus	G12D	Leukemia			Expression profiling by high throughput sequencing	lncRNA	mouse	G12D; Leukemia	/	Kras wild type	GSM1942487; GSM1942488; GSM1942489	functional dissection of  mutant Kras (Kras G12D) isogenic ALL cells demonstrated induction of methotrexate resistance	GSM1942484; GSM1942485; GSM1942486	treated	GPL13112:Illumina HiSeq 2000 (Mus musculus)
HBEXP001003	HBIN047954	vincristine	Ingredient	GSE7556	Homo sapiens			Ovarian cancer	SKOV3	Expression profiling by array	Total RNA	human cellline	Ovarian cancer; SKOV3	/	SKOV3	GSM183338; GSM183341	undertaken for each of SKOV3 and SKVCR 2.0	GSM183342; GSM183344	treated	GPL570:[HG-U133_Plus_2] Affymetrix Human Genome U133 Plus 2.0 Array
HBEXP001004	HBIN047954	vincristine	Ingredient	GSE81413	Homo sapiens		B cell lymphoma	Farage cell		Expression profiling by array	Total RNA	human cellline	B cell lymphoma; Farage cell	/	control	GSM2152040; GSM2152042	Farage cells treated with 1 ug/ml CHOP for 2 days and 3 days compared with untreated Farage cells	GSM2152039; GSM2152041	treated	GPL16686:[HuGene-2_0-st] Affymetrix Human Gene 2.0 ST Array [transcript (gene) version]
HBEXP001005	HBIN048036	vitamin a	Ingredient	GSE23119	Mus musculus	BALB/c	Testis	Spermatogonia		Expression profiling by array	Total RNA	mouse	BALB/c; Testis; Spermatogonia	/	control	GSM573579; GSM573580; GSM573581	VAD spermatogonia at 18 weeks	GSM573582; GSM573583; GSM573584	treated	GPL1261:[Mouse430_2] Affymetrix Mouse Genome 430 2.0 Array
HBEXP001006	HBIN048036	vitamin a	Ingredient	GSE23119	Mus musculus	BALB/c	Testis	Spermatogonia		Expression profiling by array	Total RNA	mouse	BALB/c; Testis; Spermatogonia	/	control	GSM573579; GSM573580; GSM573581	VAD spermatogonia at 25 weeks	GSM573585; GSM573586; GSM573587	treated	GPL1261:[Mouse430_2] Affymetrix Mouse Genome 430 2.0 Array
HBEXP001007	HBIN048036	vitamin a	Ingredient	GSE65805	Mus musculus	C57BL/6	Nasal-associated lymph	Lymphocyte		Expression profiling by array	Total RNA	mouse	C57BL/6; Nasal-associated lymph; Lymphocyte	/	control	GSM1606617; GSM1606618; GSM1606619	the gene expression profiles differentially expressed in nasal-associated lymph tissue (NALT) lymphocytes from vitamin A-sufficient and vitamin A-deficient mice following infection with Sendai virus	GSM1606620; GSM1606621; GSM1606622	treated	GPL11180:[HT_MG-430_PM] Affymetrix HT MG-430 PM Array Plate
HBEXP001008	HBIN048036	vitamin a	Ingredient	GSE73556	Homo sapiens		Glioblastoma	Glioma initiating cell		Expression profiling by array	Total RNA	human cellline	Glioblastoma; Glioma initiating cell	/	1% O2	GSM1897946; GSM1897947; GSM1897948	CD133+ D456MG GICs were cultured under 20% O2 for 12h	GSM1897949; GSM1897950; GSM1897951	cultured	GPL4133:Agilent-014850 Whole Human Genome Microarray 4x44K G4112F (Feature Number version)
HBEXP001009	HBIN048036	vitamin a	Ingredient	GSE74904	Mus musculus		Left ventricle			Expression profiling by array	Total RNA	mouse	Left ventricle	/	control	GSM1937200; GSM1937201; GSM1937202	LRAT knockout mice on vitamin A sufficient or deficient diets were compared to age and gender matched wildtype mice on a vitamin A sufficient diet	GSM1937197; GSM1937198; GSM1937199	treated	GPL6246:[MoGene-1_0-st] Affymetrix Mouse Gene 1.0 ST Array [transcript (gene) version]
HBEXP001010	HBIN048036	vitamin a	Ingredient	GSE74905	Mus musculus		Right ventricle			Expression profiling by array	Total RNA	mouse	Right ventricle	/	control	GSM1937206; GSM1937207; GSM1937208	LRAT knockout mice on vitamin A sufficient or deficient diets were compared to age-matched wildtype mice on a vitamin A sufficient diet	GSM1937209; GSM1937210; GSM1937211	treated	GPL6246:[MoGene-1_0-st] Affymetrix Mouse Gene 1.0 ST Array [transcript (gene) version]
HBEXP001011	HBIN048036	vitamin a	Ingredient	GSE87844	Mus musculus	C57BL/6J	Liver			Expression profiling by array	Total RNA	mouse	C57BL/6J; Liver	/	control	GSM2341776; GSM2341777; GSM2341778	C57Bl/6J WT vitamin A sufficient birth (PN0) control with WT vitamin A deficient PN0 and Cyp1b1-null vitamin A sufficient PN0	GSM2341779; GSM2341780; GSM2341781	feed	GPL4134:Agilent-014868 Whole Mouse Genome Microarray 4x44K G4122F (Feature Number version)
HBEXP001012	HBIN048036	vitamin a	Ingredient	GSE87845	Mus musculus	C57BL/6J	Liver			Expression profiling by array	Total RNA	mouse	C57BL/6J; Liver	/	control	GSM2341804; GSM2341805	Low fat 12 percent kcal vitamin A sufficient - Low fat 12 percent kcal vitamin A sufficient compared to Low fat 12 percent kcal vitamin A deficient - Low fat 12 percent kcal vitamin A deficient	GSM2341806; GSM2341807	feed	GPL4134:Agilent-014868 Whole Mouse Genome Microarray 4x44K G4122F (Feature Number version)
HBEXP001013	HBIN048049	vitamin d2	Ingredient	GSE48167	Mus musculus	C57BL/6J	Ovary			Expression profiling by array	Total RNA	2-month-old C57BL/6J mice 	C57BL/6J; Ovary	/	normal diet	GSM1171581; GSM1171582; GSM1171583; GSM1171584	VD-deficient diet during early life	GSM1171585; GSM1171586; GSM1171587; GSM1171588	feed	GPL10333:Agilent-026655 Whole Mouse Genome Microarray 4x44K v2 (Feature Number version)
HBEXP001014	HBIN048049	vitamin d2	Ingredient	GSE48167	Mus musculus	C57BL/6J	Ovary			Expression profiling by array	Total RNA	2-month-old C57BL/6J mice 	C57BL/6J; Ovary	/	normal diet	GSM1171581; GSM1171582; GSM1171583; GSM1171584	VD-deficient diet during peripubertal stage	GSM1171589; GSM1171590; GSM1171591; GSM1171592	feed	GPL10333:Agilent-026655 Whole Mouse Genome Microarray 4x44K v2 (Feature Number version)
HBEXP001015	HBIN048049	vitamin d2	Ingredient	GSE48169	Mus musculus	C57BL/6J	Pituitary			Expression profiling by array	Total RNA	mouse C57BL/6	C57BL/6J; Pituitary	/	normal diet	GSM1171595; GSM1171596; GSM1171597; GSM1171598	VD-deficient diet during early life	GSM1171599; GSM1171600; GSM1171601; GSM1171602	feed	GPL10333:Agilent-026655 Whole Mouse Genome Microarray 4x44K v2 (Feature Number version)
HBEXP001016	HBIN048049	vitamin d2	Ingredient	GSE48169	Mus musculus	C57BL/6J	Pituitary			Expression profiling by array	Total RNA	mouse C57BL/6	C57BL/6J; Pituitary	/	normal diet	GSM1171595; GSM1171596; GSM1171597; GSM1171598	VD-deficient diet during peripubertal stage	GSM1171603; GSM1171604; GSM1171605; GSM1171606	feed	GPL10333:Agilent-026655 Whole Mouse Genome Microarray 4x44K v2 (Feature Number version)
HBEXP001017	HBIN048051	vitamin e	Ingredient	GSE110747	Mus musculus	C57BL/6N	Liver			Expression profiling by array	Total RNA	Male C57BL6/N mice	C57BL/6N; Liver	/	normal diet	GSM3015878; GSM3015879; GSM3015880; GSM3015881; GSM3015882; GSM3015883; GSM3015884; GSM3015885; GSM3015886; GSM3015887; GSM3015888; GSM3015889	four weeks with a vitamin E-enriched antioxidant diet for Exercise	GSM3015890; GSM3015891; GSM3015892; GSM3015893; GSM3015894; GSM3015895; GSM3015896; GSM3015897; GSM3015898; GSM3015899; GSM3015900; GSM3015901	feed	GPL17400:[MoGene-2_1-st] Affymetrix Mouse Gene 2.1 ST Array [transcript (gene) version]
HBEXP001018	HBIN048051	vitamin e	Ingredient	GSE110747	Mus musculus	C57BL/6N	Liver			Expression profiling by array	Total RNA	Male C57BL6/N mice	C57BL/6N; Liver	/	normal diet	GSM3015878; GSM3015879; GSM3015880; GSM3015881; GSM3015882; GSM3015883; GSM3015884; GSM3015885; GSM3015886; GSM3015887; GSM3015888; GSM3015889	four weeks with a vitamin E-enriched antioxidant diet for Sedentary	GSM3015912; GSM3015913; GSM3015914; GSM3015915; GSM3015916; GSM3015917; GSM3015918; GSM3015919; GSM3015920; GSM3015921	feed	GPL17400:[MoGene-2_1-st] Affymetrix Mouse Gene 2.1 ST Array [transcript (gene) version]
HBEXP001019	HBIN048051	vitamin e	Ingredient	GSE42813	Mus musculus	C57BL/6J	Aorta			Expression profiling by array	Total RNA	mouse	C57BL/6J; Aorta	APOE-deficient mice	control (C57BL/6J) mice	GSM478610; GSM478611	treated for 7 months with the antioxidant vitamin E (2000 IU/kd diet)	GSM1050380; GSM1050381	treated	GPL1261:[Mouse430_2] Affymetrix Mouse Genome 430 2.0 Array
HBEXP001020	HBIN048051	vitamin e	Ingredient	GSE8150	Mus musculus	B6C3F1	Neocortex			Expression profiling by array	Total RNA	mouse B6/C3H F1 hybrid	B6C3F1; Neocortex	/	control	GSM201796; GSM201797; GSM201799; GSM201801; GSM201802	1000mg/kg of α-tocopherol since the middle age (15 months)	GSM201804; GSM201805; GSM201806; GSM201808; GSM201809	feed	GPL1261:[Mouse430_2] Affymetrix Mouse Genome 430 2.0 Array
HBEXP001021	HBIN048051	vitamin e	Ingredient	GSE93819	Mus musculus	C57BL/6J	Liver			Expression profiling by array	Total RNA	7-week-old C57BL/6J male mice	C57BL/6J; Liver	/	fed CL diet containing 0.02% astaxanthin for 12 weeks.	GSM2462953; GSM2462954; GSM2462955; GSM2462956; GSM2462957	fed CL diet containing 0.02% vitamin E for 12 weeks	GSM2462963; GSM2462964; GSM2462965; GSM2462966; GSM2462967	feed	GPL1261:[Mouse430_2] Affymetrix Mouse Genome 430 2.0 Array
HBEXP001022	HBIN048069	vitamin k2	Ingredient	GSE76098	Homo sapiens			ESC-derived hepatocyte	ESC-Hep	Expression profiling by high throughput sequencing	mRNA	human cellline	ESC-derived hepatocyte; ESC-Hep	/	no treatment	GSM1974237; GSM1974238	50uM Vitamin K2	GSM1974241; GSM1974242	treated	GPL20795:HiSeq X Ten (Homo sapiens)
HBEXP001023	HBIN048300	withaferin a	Ingredient	GSE112384	Homo sapiens			Neuroblastoma	IMR-32	Expression profiling by array	Total RNA	human cellline	Neuroblastoma; IMR-32	/	DMSO (control) 	GSM3069334; GSM3069335; GSM3069336	treated with 1uM withaferin A (WA)	GSM3069337; GSM3069338; GSM3069339; GSM3069340; GSM3069341; GSM3069342	treated	GPL10558:Illumina HumanHT-12 V4.0 expression beadchip
HBEXP001024	HBIN048300	withaferin a	Ingredient	GSE112384	Homo sapiens			Neuroblastoma	IMR-32	Expression profiling by array	Total RNA	human cellline	Neuroblastoma; IMR-32	/	DMSO (control) 	GSM3069334; GSM3069335; GSM3069336	treated with 1uM withaferin A (WA)	GSM3069346; GSM3069347; GSM3069348; GSM3069349; GSM3069350; GSM3069351	treated	GPL10558:Illumina HumanHT-12 V4.0 expression beadchip
HBEXP001025	HBIN048300	withaferin a	Ingredient	GSE137519	Homo sapiens			Prostate cancer	22Rv1	Expression profiling by high throughput sequencing	mRNA	human cellline	Prostate cancer; 22Rv1	/	vehicle-treated control	GSM4080845; GSM4080846; GSM4080847	treated with 2uM withaferin A (WA) for 16h	GSM4080848; GSM4080849; GSM4080850	treated	GPL24676:Illumina NovaSeq 6000 (Homo sapiens)
HBEXP001026	HBIN048300	withaferin a	Ingredient	GSE43374	Mus musculus		Rat her-2/neu expressing murine cells			Expression profiling by array	Total RNA	mouse	Rat her-2/neu expressing murine cells	/	control	GSM1061640; GSM1061641; GSM1061642	treated with Withaferin A (WA) for 6h	GSM1061643; GSM1061644; GSM1061645	treated	GPL6887:Illumina MouseWG-6 v2.0 expression beadchip
HBEXP001027	HBIN048300	withaferin a	Ingredient	GSE53049	Homo sapiens			Breast cancer	MCF-7	Expression profiling by array	Total RNA	human cellline	Breast cancer; MCF-7	/	control	GSM1281058; GSM1281059; GSM1281060	treated with Withaferin A (WA)	GSM1281061; GSM1281062; GSM1281063	treated	GPL10558:Illumina HumanHT-12 V4.0 expression beadchip
HBEXP001028	HBIN048300	withaferin a	Ingredient	GSE53049	Homo sapiens			Breast cancer	MCF-7	Expression profiling by array	Total RNA	human cellline	Breast cancer; MCF-7	/	control	GSM1281058; GSM1281059; GSM1281060	treated with MDA-MB-231 cells	GSM1281067; GSM1281068; GSM1281069	treated	GPL10558:Illumina HumanHT-12 V4.0 expression beadchip
HBEXP001029	HBIN048300	withaferin a	Ingredient	GSE55728	Homo sapiens			Prostate cancer	PC-3	Expression profiling by array	Total RNA	human cellline	Prostate cancer; PC-3	/	DMSO	GSM1342503; GSM1342505; GSM1342507; GSM1342509	prostate cancer cells following WA treatment	GSM1342504; GSM1342506; GSM1342508; GSM1342510	treated	GPL16699:Agilent-039494 SurePrint G3 Human GE v2 8x60K Microarray 039381 (Feature Number version)
HBEXP001030	HBIN048300	withaferin a	Ingredient	GSE78187	Homo sapiens			T-cell lymphoma	CUTLL1	Expression profiling by array	Total RNA	human cellline	T-cell lymphoma; CUTLL1	/	DMSO control	GSM2069225; GSM2069226; GSM2069227; GSM2069228; GSM2069229; GSM2069230	treated with Withaferin A for 24h	GSM2069231; GSM2069232; GSM2069233; GSM2069234; GSM2069235; GSM2069236	treated	GPL10558:Illumina HumanHT-12 V4.0 expression beadchip
HBEXP001031	HBIN048300	withaferin a	Ingredient	GSE84156	Mus musculus	C57BL/6J	Hypothalamus			Expression profiling by array	Total RNA	mouse	C57BL/6J; Hypothalamus	/	DMSO	GSM2228303; GSM2228304; GSM2228305; GSM2228306	treated with Withaferin A	GSM2228311; GSM2228312; GSM2228313; GSM2228314	treated	GPL6246:[MoGene-1_0-st] Affymetrix Mouse Gene 1.0 ST Array [transcript (gene) version]
HBEXP001032	HBIN048859	zearalenone	Ingredient	GSE14774	Mus musculus	CD-1	Testis			Expression profiling by array	Total RNA	mouse	CD-1; Testis	CD-1 mice	Ethanol	GSM367000; GSM367001	CD-1 mice were in vivo exposed to several doses of EDs following a defined protocol 4mg/l	GSM367452; GSM367453; GSM367455; GSM367457; GSM367458; GSM367461	exposed	GPL7509:Operon Mouse 3.0.1 Cincinnati University
HBEXP001033	HBIN048859	zearalenone	Ingredient	GSE14774	Mus musculus	CD-1	Testis			Expression profiling by array	Total RNA	mouse	CD-1; Testis	CD-1 mice	Ethanol	GSM367000; GSM367001	CD-1 mice were in vivo exposed to several doses of EDs following a defined protocol 12mg/l	GSM367466; GSM367470; GSM367472; GSM367474; GSM367476; GSM367477	exposed	GPL7509:Operon Mouse 3.0.1 Cincinnati University
HBEXP001034	HBIN048859	zearalenone	Ingredient	GSE14774	Mus musculus	CD-1	Testis			Expression profiling by array	Total RNA	mouse	CD-1; Testis	CD-1 mice	Ethanol	GSM367000; GSM367001	CD-1 mice were in vivo exposed to several doses of EDs following a defined protocol 20mg/l	GSM367479; GSM367481; GSM367482; GSM367483; GSM367485; GSM367487	exposed	GPL7509:Operon Mouse 3.0.1 Cincinnati University
HBEXP001035	HBIN048859	zearalenone	Ingredient	GSE15249	Homo sapiens			Breast cancer	MCF-7	Expression profiling by array	Total RNA	human cellline	Breast cancer; MCF-7	/	control cells	GSM380877; GSM380878; GSM380879	alpha-ZEA	GSM380880; GSM380881; GSM380882	treated	GPL8307:AIST Human EstrArray
HBEXP001036	HBIN048859	zearalenone	Ingredient	GSE15249	Homo sapiens			Breast cancer	MCF-7	Expression profiling by array	Total RNA	human cellline	Breast cancer; MCF-7	/	control cells	GSM380877; GSM380878; GSM380879	beta-ZEA	GSM380883; GSM380884; GSM380885	treated	GPL8307:AIST Human EstrArray
HBEXP001037	HBIN049172	γ-tocopherol	Ingredient	GSE8146	Mus musculus	B6C3F1	Heart			Expression profiling by array	mRNA	mouse	B6C3F1; Heart	/	control	GSM201741; GSM201753; GSM201767; GSM201768; GSM201770	1000mg/kg of γ-tocopherol for 15 months	GSM201772; GSM201773; GSM201775; GSM201777; GSM201778	feed	GPL81:[MG_U74Av2] Affymetrix Murine Genome U74A Version 2 Array
