Herb_,Herb_cn_name,segmented_function,segmented_indication
HERB000001,阿比西尼亚刺桐,[],[]
HERB000002,阿比西尼亚牛筋果,[],[]
HERB000003,阿尔及利亚棉蓟,[],[]
HERB000004,阿尔及利亚补血草,[],[]
HERB000005,阿尔及利亚鸢尾,[],[]
HERB000006,阿尔泰银莲花,[],[]
HERB000007,阿尔泰紫菀,[],[]
HERB000008,阿富汗丁香,[],[]
HERB000009,阿富汗杜鹃花,[],[]
HERB000010,阿富汗黑麦草,[],[]
HERB000011,阿福泽尔马钱子,[],[]
HERB000012,,[],[]
HERB000013,,[],[]
HERB000014,阿根廷鼠曲草,[],[]
HERB000015,,[],[]
HERB000016,阿江榄仁,[],[]
HERB000017,,[],[]
HERB000018,阿拉伯胶金合欢,[],[]
HERB000019,阿拉伯金合欢,[],[]
HERB000020,阿拉伯婆婆纳,[],[]
HERB000021,阿里红,[],[]
HERB000022,阿里山五味子,[],[]
HERB000023,,[],[]
HERB000024,,[],[]
HERB000025,阿曼苏丹没药,[],[]
HERB000026,阿诺特花椒,[],[]
HERB000027,,[],[]
HERB000028,,[],[]
HERB000029,阿魏,[],[]
HERB000030,,[],[]
HERB000031,,[],[]
HERB000032,阿育魏实,[],[]
HERB000033,阿月浑子,[],[]
HERB000034,,[],[]
HERB000035,矮大黄,[],[]
HERB000036,矮地茶,['cough.2'],[]
HERB000037,埃及车轴草,[],[]
HERB000038,埃及大翅蓟,[],[]
HERB000039,埃及假虎刺,[],[]
HERB000040,埃及千里光,[],[]
HERB000041,埃及鼠尾草,[],[]
HERB000042,,[],[]
HERB000043,,[],[]
HERB000044,埃及种植鸢尾,[],[]
HERB000045,,[],[]
HERB000046,艾菊,[],[]
HERB000047,,[],[]
HERB000048,埃利斯多孔菌,[],[]
HERB000049,艾麻黄,[],[]
HERB000050,艾纳香,[],[]
HERB000051,,[],[]
HERB000052,埃塞俄比亚羽扇豆,[],[]
HERB000053,,[],[]
HERB000054,,[],[]
HERB000055,,[],[]
HERB000056,,[],[]
HERB000057,艾实,[],[]
HERB000058,,[],[]
HERB000059,,[],[]
HERB000060,,[],[]
HERB000061,,[],[]
HERB000062,矮桐子,[],[]
HERB000063,爱娃筋骨草,[],[]
HERB000064,,[],[]
HERB000065,矮向日葵,[],[]
HERB000066,艾叶,[],[]
HERB000067,艾叶黄芩,[],[]
HERB000068,矮紫金牛,[],[]
HERB000069,,[],[]
HERB000070,,[],[]
HERB000071,安哥拉八角枫,[],[]
HERB000072,安哥拉八角枫,[],[]
HERB000073,安哥拉黄瓜,[],[]
HERB000074,安哥拉紫檀,[],[]
HERB000075,,[],[]
HERB000076,,[],[]
HERB000077,,[],[]
HERB000078,暗红委陵菜,[],[]
HERB000079,,[],[]
HERB000080,安徽贝母,[],[]
HERB000081,,[],[]
HERB000082,安徽松木,[],[]
HERB000083,安徽银莲花,[],[]
HERB000084,氨基比林,[],[]
HERB000085,龙舌兰,[],[]
HERB000086,安罗,[],[]
HERB000087,,[],[]
HERB000088,安乃近,[],[]
HERB000089,,[],[]
HERB000090,安息香,[],[]
HERB000091,按叶,[],[]
HERB000092,按油,[],[]
HERB000093,暗紫贝母,[],[]
HERB000094,,[],[]
HERB000095,暗棕炭团菌,[],[]
HERB000096,澳大利亚红豆杉,[],[]
HERB000097,澳大利亚千金藤,[],[]
HERB000098,澳大利亚桑,[],[]
HERB000099,,[],[]
HERB000100,,[],[]
HERB000101,奥地利鳞毛蕨,[],[]
HERB000102,,[],[]
HERB000103,,[],[]
HERB000104,,[],[]
HERB000105,,[],[]
HERB000106,,[],[]
HERB000107,凹脉丁公藤,[],[]
HERB000108,,[],[]
HERB000109,凹舌兰,[],[]
HERB000110,,[],[]
HERB000111,,[],[]
HERB000112,,[],[]
HERB000113,,[],[]
HERB000114,凹头苋,[],[]
HERB000115,奥托肉豆蔻,[],[]
HERB000116,,[],[]
HERB000117,凹叶厚朴,[],[]
HERB000118,凹叶瑞香,[],[]
HERB000119,凹叶野百合,[],[]
HERB000120,澳洲百脉根,[],[]
HERB000121,澳洲坚果,[],[]
HERB000122,澳洲茄,[],[]
HERB000123,澳洲商陆,[],[]
HERB000124,澳洲屎豆,[],[]
HERB000125,,[],[]
HERB000126,,[],[]
HERB000127,,[],[]
HERB000128,巴旦杏仁,[],[]
HERB000129,巴豆,[],[]
HERB000130,巴豆霜,[],[]
HERB000131,巴伐利亚龙胆,[],[]
HERB000132,白鲜皮,[],[]
HERB000133,巴戟,[],[]
HERB000134,巴戟天,[],[]
HERB000135,八角枫,[],[]
HERB000136,八角黄皮,[],[]
HERB000137,八角茴香,[],[]
HERB000138,八角茴香油,[],[]
HERB000139,八角莲,[],[]
HERB000140,巴拉圭茶,[],[]
HERB000141,巴拿马合欢,[],[]
HERB000142,巴拿马山石榴,[],[]
HERB000143,菝葜,[],[]
HERB000144,霸王鞭,[],[]
HERB000145,,[],[]
HERB000146,,[],[]
HERB000147,巴西萝芙木,[],[]
HERB000148,巴西马兜铃,[],[]
HERB000149,巴西千里光,[],[]
HERB000150,巴西千里光,[],[]
HERB000151,,[],[]
HERB000152,巴西香无患子,[],[]
HERB000153,巴西页岩,[],[]
HERB000154,,[],[]
HERB000155,巴夏嘎,[],[]
HERB000156,八仙草,[],[]
HERB000157,八仙花,[],[]
HERB000158,八月扎,[],[]
HERB000159,白八角莲,[],[]
HERB000160,白背叶,[],[]
HERB000161,白扁豆,[],[]
HERB000162,百部,[],[]
HERB000163,白草霜,[],[]
HERB000164,白鲳,[],[]
HERB000165,白丑,[],"['purgative.2', 'hematuria.3']"
HERB000166,白刺,[],[]
HERB000167,,[],[]
HERB000168,白刺花,[],[]
HERB000169,白刺花根,[],[]
HERB000170,白刺花叶,[],[]
HERB000171,白刺花子,[],[]
HERB000172,白葱,[],[]
HERB000173,,[],[]
HERB000174,白豆蔻,[],[]
HERB000175,,[],[]
HERB000176,白鹅膏,[],[]
HERB000177,白矾,[],"['1%', '10%', '2%']"
HERB000178,白饭豆,[],[]
HERB000179,白饭树,[],[]
HERB000180,白饭树根,[],[]
HERB000181,白茯苓,[],[]
HERB000182,白附子,[],[]
HERB000183,柏根白皮,[],[]
HERB000184,白钩藤,[],[]
HERB000185,白鬼笔,[],[]
HERB000186,白果,[],[]
HERB000187,白果根,[],[]
HERB000188,白果树皮,[],[]
HERB000189,白果叶,[],[]
HERB000190,白果紫草,[],[]
HERB000191,白蒿,[],[]
HERB000192,百合,[],[]
HERB000193,百合花,[],[]
HERB000194,白鹤灵芝,[],[]
HERB000195,百合子,[],[]
HERB000196,白鹤乌头,[],[]
HERB000197,白花菜子,[],[]
HERB000198,白花丹,[],[]
HERB000199,白花丹参,[],[]
HERB000200,百花蜂斗菜,[],[]
HERB000201,白花甘西鼠尾草,[],[]
HERB000202,百花蒿,[],[]
HERB000203,白花爵床,[],[]
HERB000204,白花龙胆,[],[]
HERB000205,白花前胡,[],[]
HERB000206,白花蛇,[],[]
HERB000207,白花射干,[],[]
HERB000208,白花蛇舌草,[],[]
HERB000209,白花水飞蓟,[],[]
HERB000210,白花藤,[],[]
HERB000211,白花夏枯草,[],[]
HERB000212,白花夏至草,[],[]
HERB000213,白花映山红,[],[]
HERB000214,白花罂粟,[],[]
HERB000215,白花油麻藤,[],[]
HERB000216,白及,[],[]
HERB000217,白蒺藜,[],[]
HERB000218,白坚木,[],[]
HERB000219,败酱,[],[]
HERB000220,白僵蚕,[],[]
HERB000221,败酱草,[],[]
HERB000222,白胶香,[],[]
HERB000223,白芥,[],[]
HERB000224,白桔梗,[],"['expectoration.2', 'antipyretic.3']"
HERB000225,白芥子,[],[]
HERB000226,白槿花,[],[]
HERB000227,白菊花根,[],[]
HERB000228,白蜡树,[],[]
HERB000229,,[],[]
HERB000230,白兰根,[],[]
HERB000231,白兰花,[],[]
HERB000232,白藜芦醇,[],[]
HERB000233,百里香 ,[],[]
HERB000234,百里香酚,[],[]
HERB000235,,[],[]
HERB000236,,[],[]
HERB000237,白蔹,[],[]
HERB000238,白蔹子,[],[]
HERB000239,百两金,[],[]
HERB000240,白萝卜清膏,[],[]
HERB000241,白马骨,[],[]
HERB000242,白茅根,[],[]
HERB000243,白茅根,[],[]
HERB000244,白茅根,[],[]
HERB000245,白茅根,[],[]
HERB000246,白毛藤,[],[]
HERB000247,白毛夏枯草,[],[]
HERB000248,,[],[]
HERB000249,白梅花,[],[]
HERB000250,白木通,[],[]
HERB000251,白木通根,[],[]
HERB000252,白木乌桕,[],[]
HERB000253,白木香,[],[]
HERB000254,白牛胆,[],[]
HERB000255,白牛膝,[],[]
HERB000256,白皮松,[],[]
HERB000257,白前,[],[]
HERB000258,白千层,[],[]
HERB000259,白屈菜,[],[]
HERB000260,白屈菜根,[],[]
HERB000261,百日草,[],[]
HERB000262,百日青,[],[]
HERB000263,白柔毛香茶菜,[],[]
HERB000264,百蕊草,[],[]
HERB000265,白散沫花,[],[]
HERB000266,,[],[]
HERB000267,白芍,[],[]
HERB000268,白芍药,[],[]
HERB000269,白舌根,[],[]
HERB000270,,[],[]
HERB000271,白首乌,[],[]
HERB000272,白鼠狼,[],[]
HERB000273,柏树叶,[],[]
HERB000274,白水仙,[],[]
HERB000275,,[],[]
HERB000276,白苏梗,[],[]
HERB000277,白苏叶,[],[]
HERB000278,白苏子,[],[]
HERB000279,百岁叶,[],[]
HERB000280,,[],[]
HERB000281,白头翁,[],[]
HERB000282,白头翁花,[],[]
HERB000283,白头翁叶,[],[]
HERB000284,白土苓,[],[]
HERB000285,白薇,[],[]
HERB000286,白鲜皮,[],[]
HERB000287,白鲜树,[],[]
HERB000288,白香草木樨,[],[]
HERB000289,白鲜根,[],[]
HERB000290,,[],[]
HERB000291,白亚麻,[],[]
HERB000292,百眼藤,[],[]
HERB000293,白药子,[],[]
HERB000294,白叶瓜馥木,[],[]
HERB000295,,[],[]
HERB000296,白叶莓,[],[]
HERB000297,白夜米仔兰,[],[]
HERB000298,白叶藤,[],[]
HERB000299,白叶香茶菜,[],[]
HERB000300,白罂粟,[],[]
HERB000301,,[],[]
HERB000302,白玉兰,[],[]
HERB000303,白羽扇豆,[],[]
HERB000304,白芸花,[],[]
HERB000305,白芷,[],[]
HERB000306,柏枝节,[],[]
HERB000307,白芝麻,[],[]
HERB000308,白芷叶,[],[]
HERB000309,白术,[],[]
HERB000310,白竹鼠,[],[]
HERB000311,柏子仁,[],[]
HERB000312,半边莲,[],[]
HERB000313,,[],[]
HERB000314,半边苏,[],[]
HERB000315,斑地锦,[],[]
HERB000316,,[],[]
HERB000317,,[],[]
HERB000318,,[],[]
HERB000319,斑鸠,[],[]
HERB000320,斑鸠菊,[],[]
HERB000321,,[],[]
HERB000322,,[],[]
HERB000323,板蓝根,[],[]
HERB000324,板栗,[],[]
HERB000325,斑蝥,[],[]
HERB000326,,[],[]
HERB000327,瓣蕊唐松草,[],[]
HERB000328,,[],[]
HERB000329,斑纹芦荟,[],[]
HERB000330,半夏,[],[]
HERB000331,半夏曲,[],[]
HERB000332,斑叶地锦,[],[]
HERB000333,斑叶萍蓬草,[],[]
HERB000334,斑叶萍蓬草,[],[]
HERB000335,,[],[]
HERB000336,半月形铁线蕨,[],[]
HERB000337,,[],[]
HERB000338,半枝莲,[],[]
HERB000339,斑子麻黄,[],[]
HERB000340,,[],[]
HERB000341,,[],[]
HERB000342,榜嘎,[],[]
HERB000343,棒叶蕨藻,[],[]
HERB000344,,[],[]
HERB000345,,[],[]
HERB000346,报春花,[],[]
HERB000347,报春石斛,[],[]
HERB000348,,[],[]
HERB000349,宝盖草,[],[]
HERB000350,宝盖灵芝,[],[]
HERB000351,保肝浸膏,[],[]
HERB000352,豹骨,[],[]
HERB000353,抱茎苦荬菜,[],[]
HERB000354,,[],[]
HERB000355,抱茎獐牙菜,[],[]
HERB000356,暴马子,[],[]
HERB000357,毛豆,[],[]
HERB000358,,[],[]
HERB000359,薄片矢车菊,[],[]
HERB000360,包片鼠尾草,[],[]
HERB000361,,[],[]
HERB000362,,[],[]
HERB000363,,[],[]
HERB000364,,[],[]
HERB000365,飞燕草,[],[]
HERB000366,,[],[]
HERB000367,苞叶香茶菜,[],[]
HERB000368,孢子甘蓝,[],[]
HERB000369,,[],[]
HERB000370,,[],[]
HERB000371,北苍术,[],[]
HERB000372,北侧金盏花,[],[]
HERB000373,北豆根,[],[]
HERB000374,,[],[]
HERB000375,北方枸杞根皮,[],[]
HERB000376,北方乌头,[],[]
HERB000377,北非雪松,[],[]
HERB000378,,[],[]
HERB000379,北海当归,[],[]
HERB000380,,[],[]
HERB000381,北黄花菜,[],[]
HERB000382,贝加尔唐松草,[],[]
HERB000383,,[],[]
HERB000384,,[],[]
HERB000385,贝壳杉,[],[]
HERB000386,,[],[]
HERB000387,北刘寄奴,[],[]
HERB000388,北马兜铃,[],[]
HERB000389,北马兜铃根,[],[]
HERB000390,北美艾蒿,[],[]
HERB000391,北美鹅掌楸,[],[]
HERB000392,北美鬼臼,[],[]
HERB000393,北美红杉,[],[]
HERB000394,北美球子蕨,[],[]
HERB000395,北美葶苈子,[],[]
HERB000396,北美香柏,[],[]
HERB000397,,[],[]
HERB000398,北美圆柏,[],[]
HERB000399,北美洲山梗菜,[],[]
HERB000400,贝母,[],[]
HERB000401,贝母兰,[],[]
HERB000402,杯鞘石斛,[],[]
HERB000403,北沙参,[],[]
HERB000404,,[],[]
HERB000405,北水苦荬,[],[]
HERB000406,北五加皮,[],[]
HERB000407,北乌头,[],[]
HERB000408,北五味,[],"['vitro.2', 'damage.3', 'rate.4']"
HERB000409,北五味子,[],[]
HERB000410,,[],[]
HERB000411,北野菊,[],[]
HERB000412,北越钩藤,[],[]
HERB000413,,[],[]
HERB000414,,[],[]
HERB000415,荜茇,[],[]
HERB000416,荜茇根,[],[]
HERB000417,毕澄茄,[],[]
HERB000418,荜澄茄,[],[]
HERB000419,篦齿眼子菜,[],[]
HERB000420,,[],[]
HERB000421,碧冬茄,[],[]
HERB000422,,[],[]
HERB000423,,[],[]
HERB000424,秘鲁钩藤,[],[]
HERB000425,秘鲁古柯,[],[]
HERB000426,,[],[]
HERB000427,秘鲁香蕉,[],[]
HERB000428,,[],[]
HERB000429,蓖麻根,[],[]
HERB000430,蓖麻叶,[],[]
HERB000431,蓖麻油,[],[]
HERB000432,蓖麻子,[],[]
HERB000433,蓖麻子与蓖麻油,[],[]
HERB000434,蓖麻叶,[],[]
HERB000435,,[],[]
HERB000436,彼氏堆心菊,[],[]
HERB000437,萝芙木,[],[]
HERB000438,碧桃干,[],[]
HERB000439,萆薢,[],[]
HERB000440,碧玉散,[],[]
HERB000441,壁纸唐松草,[],[]
HERB000442,,[],[]
HERB000443,马利筋,[],[]
HERB000444,鳞毛蕨,[],[]
HERB000445,马利筋,[],[]
HERB000446,,[],[]
HERB000447,鞭打绣球,[],[]
HERB000448,遍地锦,[],[]
HERB000449,,[],[]
HERB000450,扁豆,[],[]
HERB000451,变豆菜叶,[],[]
HERB000452,扁豆根,[],[]
HERB000453,扁豆花,[],[]
HERB000454,扁豆藤,[],[]
HERB000455,扁豆叶,[],[]
HERB000456,蝙蝠葛,[],[]
HERB000457,蝙蝠葛根,[],[]
HERB000458,,[],[]
HERB000459,绞股蓝,[],[]
HERB000460,山黧豆,[],[]
HERB000461,扁茎黄芪,[],[]
HERB000462,扁茎沿阶草,[],[]
HERB000463,,[],[]
HERB000464,,[],[]
HERB000465,变色马兜铃,[],[]
HERB000466,变色石竹,[],[]
HERB000467,扁蒴藤,[],[]
HERB000468,鞭苔,[],[]
HERB000469,扁桃,[],[]
HERB000470,,[],[]
HERB000471,变形木兰,[],[]
HERB000472,萹蓄,[],[]
HERB000473,鞭叶铁线蕨,[],[]
HERB000474,变异凤尾蕨,[],[]
HERB000475,,[],[]
HERB000476,边缘鳞盖蕨,[],[]
HERB000477,边缘鳞毛蕨,[],[]
HERB000478,扁枝槲寄生,[],[]
HERB000479,变种长叶暗罗,[],[]
HERB000480,变种尖槐藤,[],[]
HERB000481,扁竹根,[],[]
HERB000482,鞭柱唐松草,[],[]
HERB000483,荜澄茄,[],[]
HERB000484,鳖甲,[],[]
HERB000485,别致琉璃草,[],[]
HERB000486,滨海当归,[],[]
HERB000487,滨海前胡,[],[]
HERB000488,,[],[]
HERB000489,,[],[]
HERB000490,,[],[]
HERB000491,,[],[]
HERB000492,冰豆,[],[]
HERB000493,柄果槲寄生,[],[]
HERB000494,柄果花椒,[],[]
HERB000495,冰果唐松草,[],[]
HERB000496,,[],[]
HERB000497,槟榔,[],[]
HERB000498,冰片,[],[]
HERB000499,冰蛇床,[],[]
HERB000500,冰糖,[],[]
HERB000501,并头草,[],[]
HERB000502,并头黄芩,[],[]
HERB000503,,[],[]
HERB000504,,[],[]
HERB000505,波瓣合叶苔,[],[]
HERB000506,菠菜,[],[]
HERB000507,伯格斑鸠菊,[],[]
HERB000508,薄荷,[],[]
HERB000509,薄荷脑,[],[]
HERB000510,薄荷油,[],[]
HERB000511,伯乐树,[],[]
HERB000512,波棱瓜子,[],[]
HERB000513,伯利兹花椒,[],[]
HERB000514,,[],[]
HERB000515,,[],[]
HERB000516,,[],[]
HERB000517,,[],[]
HERB000518,,[],[]
HERB000519,,[],[]
HERB000520,博落回,[],[]
HERB000521,菠萝蜜,[],[]
HERB000522,菠萝香藤,[],[]
HERB000523,播娘蒿,[],[]
HERB000524,黄瓜,[],[]
HERB000525,,[],[]
HERB000526,,[],[]
HERB000527,,[],[]
HERB000528,,[],[]
HERB000529,波士茄,[],[]
HERB000530,,[],[]
HERB000531,波士吴茱萸,[],[]
HERB000532,,[],[]
HERB000533,波斯益母草,[],[]
HERB000534,波斯罂粟,[],[]
HERB000535,,[],[]
HERB000536,,[],[]
HERB000537,波叶大黄,[],[]
HERB000538,波叶枯木,[],[]
HERB000539,波叶山橙,[],[]
HERB000540,,[],[]
HERB000541,波叶乌头,[],[]
HERB000542,,[],[]
HERB000543,,[],[]
HERB000544,,[],[]
HERB000545,,[],[]
HERB000546,补骨脂,[],[]
HERB000547,,[],[]
HERB000548,,[],[]
HERB000549,,[],[]
HERB000550,补血草,[],[]
HERB000551,捕蝇草,[],[]
HERB000552,不育红,[],[]
HERB000553,布渣叶,[],[]
HERB000554,,[],[]
HERB000555,,[],[]
HERB000556,,[],[]
HERB000557,,[],[]
HERB000558,菜豆树,[],[]
HERB000559,,[],[]
HERB000560,,[],[]
HERB000561,苍耳,[],[]
HERB000562,蔡文千金藤,[],[]
HERB000563,蚕豆,[],[]
HERB000564,蚕豆荚壳,[],[]
HERB000565,蚕豆茎,[],[]
HERB000566,蚕豆壳,[],[]
HERB000567,蚕豆叶,[],[]
HERB000568,蚕茧,[],[]
HERB000569,蚕桑,[],[]
HERB000570,蚕沙,[],[]
HERB000571,蝉蜕,[],[]
HERB000572,,[],[]
HERB000573,苍白秤钩风,[],[]
HERB000574,,[],[]
HERB000575,,[],[]
HERB000576,,[],[]
HERB000577,苍耳,[],[]
HERB000578,苍耳根,[],[]
HERB000579,苍耳花,[],[]
HERB000580,苍耳子,[],['0.93']
HERB000581,,[],[]
HERB000582,,[],[]
HERB000583,苍山香茶菜,[],[]
HERB000584,苍术,[],[]
HERB000585,,[],[]
HERB000586,草贝母,[],[]
HERB000587,草本威灵仙,[],[]
HERB000588,草苁蓉,[],[]
HERB000589,草地毛茛,[],[]
HERB000590,草地乌头,[],[]
HERB000591,草甸千里光,[],[]
HERB000592,草豆蔻,[],[]
HERB000593,草菇,[],[]
HERB000594,草果,[],[]
HERB000595,草胡椒,[],[]
HERB000596,草决明,[],"['rabbits.2', 'limbs.3', 'rabbits.4', 'laxative.5']"
HERB000597,草寇仁,[],[]
HERB000598,草帽假杜鹃,[],[]
HERB000599,草莓,[],[]
HERB000600,草莓车轴草,[],[]
HERB000601,草芍药,[],[]
HERB000602,草酸,[],[]
HERB000603,草问荆,[],[]
HERB000604,草乌,[],[]
HERB000605,草乌酒,[],[]
HERB000606,草乌头,[],[]
HERB000607,草乌叶,[],[]
HERB000608,草香豌豆,[],[]
HERB000609,糙叶败酱,[],[]
HERB000610,,[],[]
HERB000611,草原大蓟,[],[]
HERB000612,草原老鹳草,[],[]
HERB000613,海风藤,[],[]
HERB000614,侧柏叶,[],[]
HERB000615,,[],[]
HERB000616,侧子,[],[]
HERB000617,,[],[]
HERB000618,层孔菌,[],[]
HERB000619,茶花,[],[]
HERB000620,茶梅,[],[]
HERB000621,,[],[]
HERB000622,叉歧繁缕,[],[]
HERB000623,,[],[]
HERB000624,,[],[]
HERB000625,叉蕊薯蓣,[],[]
HERB000626,茶室蛇鞭菊,[],[]
HERB000627,茶树,[],[]
HERB000628,茶树根,[],[]
HERB000629,茶条槭,[],[]
HERB000630,,[],[]
HERB000631,茶芎,[],[]
HERB000632,茶叶,[],[]
HERB000633,茶油,[],[]
HERB000634,察隅遍地金,[],[]
HERB000635,茶子,[],[]
HERB000636,茶子心,[],[]
HERB000637,叉子圆柏,[],[]
HERB000638,柴胡,[],[]
HERB000639,柴胡装千里光,[],[]
HERB000640,柴胡装千里光,[],[]
HERB000641,柴黄姜,[],[]
HERB000642,柴黄姜,[],[]
HERB000643,,[],[]
HERB000644,,[],[]
HERB000645,蟾蜍,[],[]
HERB000646,蟾蜍胆,[],[]
HERB000647,潺槁木姜子,[],[]
HERB000648,蟾皮,[],[]
HERB000649,黄檀,[],[]
HERB000650,蟾酥,[],[]
HERB000651,蝉蜕,[],[]
HERB000652,,[],[]
HERB000653,蝉翼藤,[],[]
HERB000654,长白山报春,[],[]
HERB000655,长白松,[],[]
HERB000656,长瓣金莲花,[],[]
HERB000657,,[],[]
HERB000658,,[],[]
HERB000659,长柄凤尾蕨,[],[]
HERB000660,长柄胡椒,[],[]
HERB000661,长柄七叶树,[],[]
HERB000662,长柄圆柏,[],[]
HERB000663,长春花,[],[]
HERB000664,常春藤,[],[]
HERB000665,常春油麻藤,[],[]
HERB000666,,[],[]
HERB000667,长萼金莲木皮,[],[]
HERB000668,长萼瞿麦,[],[]
HERB000669,长萼香茶菜,[],[]
HERB000670,长梗百蕊草,[],[]
HERB000671,长梗粗榧,[],[]
HERB000672,长梗冬青,[],[]
HERB000673,长梗绞股蓝,[],[]
HERB000674,长梗南五味子,[],[]
HERB000675,长梗郁李仁,[],[]
HERB000676,长管假茉莉,[],[]
HERB000677,长管香茶菜,[],[]
HERB000678,长管萱草,[],[]
HERB000679,长果荜茇,[],[]
HERB000680,长果山橙,[],[]
HERB000681,长果雪胆,[],[]
HERB000682,长果罂粟,[],[]
HERB000683,长胡椒,[],[]
HERB000684,长话版克亚树,[],[]
HERB000685,长话钩藤,[],[]
HERB000686,,[],[]
HERB000687,长话图拉书,[],[]
HERB000688,,[],[]
HERB000689,马钱子,[],[]
HERB000690,长喙桉,[],[]
HERB000691,,[],[]
HERB000692,长角豆,[],[]
HERB000693,,[],[]
HERB000694,长距延胡索,[],[]
HERB000695,,[],[]
HERB000696,,[],[]
HERB000697,长毛风毛菊,[],[]
HERB000698,绒叶含笑,[],[]
HERB000699,长毛香科科,[],[]
HERB000700,长毛籽远志,[],[]
HERB000701,,[],[]
HERB000702,菖蒲,[],[]
HERB000703,长前胡,[],[]
HERB000704,长柔毛委陵菜,[],[]
HERB000705,长蕊琉璃草,[],[]
HERB000706,常山,[],[]
HERB000707,长生铁角蕨,[],[]
HERB000708,长蒴黄麻,[],[]
HERB000709,巴豆,[],[]
HERB000710,长穗地榆,[],[]
HERB000711,,[],[]
HERB000712,长筒瞿麦,[],[]
HERB000713,,[],[]
HERB000714,长尾复叶耳蕨,[],[]
HERB000715,长尾婆婆纳,[],[]
HERB000716,香茅,[],[]
HERB000717,,[],[]
HERB000718,,[],[]
HERB000719,长药隔重楼,[],[]
HERB000720,长叶艾菊,[],[]
HERB000721,长叶暗罗,[],[]
HERB000722,长叶薄荷,[],[]
HERB000723,,[],[]
HERB000724,长叶长春花,[],[]
HERB000725,长叶车前,[],[]
HERB000726,长叶地榆,[],[]
HERB000727,长叶榧树,[],[]
HERB000728,长叶哥纳香,[],[]
HERB000729,长叶厚壳桂,[],[]
HERB000730,,[],[]
HERB000731,,[],[]
HERB000732,长叶千里光,[],[]
HERB000733,长叶水麻,[],[]
HERB000734,长叶松,[],[]
HERB000735,长叶天名精,[],[]
HERB000736,长叶香茶菜,[],[]
HERB000737,长叶野萝卜,[],[]
HERB000738,,[],[]
HERB000739,长圆叶小波,[],[]
HERB000740,唐松草,[],[]
HERB000741,长籽马钱,[],[]
HERB000742,当归,[],[]
HERB000743,,[],[]
HERB000744,潮风草,[],[]
HERB000745,炒麦芽,[],[]
HERB000746,炒山甲,[],[]
HERB000747,炒山甲珠,[],[]
HERB000748,炒神曲,[],[]
HERB000749,炒苏子,[],[]
HERB000750,朝鲜白头翁,[],[]
HERB000751,朝鲜苍术,[],[]
HERB000752,,[],[]
HERB000753,朝鲜当归,[],[]
HERB000754,朝鲜槐,[],[]
HERB000755,朝鲜蓟,[],[]
HERB000756,朝鲜狼牙刺,[],[]
HERB000757,朝鲜冷杉,[],[]
HERB000758,朝鲜连翘,[],[]
HERB000759,朝鲜罗万,[],[]
HERB000760,,[],[]
HERB000761,朝鲜五角枫,[],[]
HERB000762,朝鲜淫羊藿,[],[]
HERB000763,炒香干蟾蜍,[],[]
HERB000764,炒枣仁,[],"['2.5', '5.0']"
HERB000765,炒枳壳,[],[]
HERB000766,车前,[],[]
HERB000767,车前草,[],[]
HERB000768,车前叶蓝蓟,[],[]
HERB000769,车前与车前草,[],[]
HERB000770,车前子,[],[]
HERB000771,车桑子叶,[],[]
HERB000772,,[],[]
HERB000773,陈冬菜卤汁,[],[]
HERB000774,陈蒿,[],[]
HERB000775,陈皮,[],[]
HERB000776,辰砂,[],[]
HERB000777,沉香,[],[]
HERB000778,陈棕炭,[],[]
HERB000779,秤杆草,[],[]
HERB000780,秤杆升麻,[],[]
HERB000781,,[],[]
HERB000782,西南唐松草,[],[]
HERB000783,柽柳,[],[]
HERB000784,,[],[]
HERB000785,澄茄子,[],[]
HERB000786,蛏子,[],[]
HERB000787,,[],[]
HERB000788,,[],[]
HERB000789,,[],[]
HERB000790,,[],[]
HERB000791,齿瓣延胡索,[],[]
HERB000792,,[],[]
HERB000793,赤豆,[],[]
HERB000794,赤茯苓,[],[]
HERB000795,赤梗藤,[],[]
HERB000796,翅果黄芪,[],[]
HERB000797,翅果藤,[],[]
HERB000798,,[],[]
HERB000799,赤楠,[],[]
HERB000800,赤芍,[],[]
HERB000801,,[],[]
HERB000802,赤芍药,[],[]
HERB000803,赤石脂,[],[]
HERB000804,赤松,[],[]
HERB000805,赤硝,[],[]
HERB000806,赤小豆,[],[]
HERB000807,,[],[]
HERB000808,赤阳子,[],[]
HERB000809,齿叶草,[],[]
HERB000810,驰野美登木,[],[]
HERB000811,齿叶睡莲,[],[]
HERB000812,,[],[]
HERB000813,齿叶橐吾,[],[]
HERB000814,虫白蜡,[],[]
HERB000815,重瓣萱草,[],[]
HERB000816,重瓣栀子,[],[]
HERB000817,重唇鱼,[],[]
HERB000818,重楼,[],[]
HERB000819,重楼排草,[],[]
HERB000820,崇明八角莲,[],[]
HERB000821,,[],[]
HERB000822,茺蔚子,[],[]
HERB000823,,[],[]
HERB000824,臭阿魏,[],[]
HERB000825,臭柏,[],[]
HERB000826,臭草,[],[]
HERB000827,臭节草根,[],[]
HERB000828,臭冷杉,[],[]
HERB000829,臭茉莉,[],[]
HERB000830,臭牡丹,[],[]
HERB000831,臭牡丹根,[],[]
HERB000832,臭苜蓿根,[],[]
HERB000833,臭山羊,[],[]
HERB000834,臭味红豆,[],[]
HERB000835,臭梧桐,[],[]
HERB000836,臭梧桐根,[],[]
HERB000837,,[],[]
HERB000838,樗白皮,[],[]
HERB000839,除虫菊,[],[]
HERB000840,雏菊,[],[]
HERB000841,楮实,[],[]
HERB000842,楮实子,[],[]
HERB000843,,[],[]
HERB000844,樗叶花椒,[],[]
HERB000845,樗叶花椒根,[],[]
HERB000846,樗叶花椒皮,[],[]
HERB000847,川八角莲,[],[]
HERB000848,川百合,[],[]
HERB000849,川贝母,[],[]
HERB000850,川赤芍,[],[]
HERB000851,川产九节龙,[],[]
HERB000852,川赤芍,[],[]
HERB000853,川党参,[],[]
HERB000854,川滇金丝桃,[],[]
HERB000855,,[],[]
HERB000856,川滇淫羊藿,[],[]
HERB000857,川东獐牙菜,[],[]
HERB000858,川杜仲,[],[]
HERB000859,川鄂淫羊藿,[],[]
HERB000860,川防风,[],[]
HERB000861,川蚣,[],[]
HERB000862,川黄连,[],[]
HERB000863,川黄芩,[],[]
HERB000864,川槿皮,[],[]
HERB000865,川菊,[],[]
HERB000866,川黎果,[],[]
HERB000867,川楝皮,[],[]
HERB000868,川楝子,[],[]
HERB000869,穿龙薯蓣,[],[]
HERB000870,川木通,[],[]
HERB000871,川木香,[],[]
HERB000872,川牛膝,[],[]
HERB000873,穿破石,[],[]
HERB000874,川黔翠雀花,[],[]
HERB000875,川山橙,[],[]
HERB000876,穿山甲,[],[]
HERB000877,穿山龙,[],"['expectorants.2', 'pigs.3', 'flow.4']"
HERB000878,,[],[]
HERB000879,川射干,[],[]
HERB000880,,[],[]
HERB000881,川乌,[],[]
HERB000882,川西淫羊藿,[],[]
HERB000883,川西獐牙菜,[],[]
HERB000884,穿心莲,[],[]
HERB000885,穿心莲叶,[],[]
HERB000886,船形乌头,[],[]
HERB000887,川芎,[],[]
HERB000888,川续断,[],[]
HERB000889,川藏香茶菜,[],[]
HERB000890,串珠耳叶苔,[],[]
HERB000891,木防己,[],[]
HERB000892,垂盆草,[],['damage.2']
HERB000893,,[],[]
HERB000894,,[],[]
HERB000895,垂珠算盘子,[],[]
HERB000896,垂子买麻藤,[],[]
HERB000897,,[],[]
HERB000898,椿白皮,[],[]
HERB000899,唇萼薄荷,[],[]
HERB000900,福寿草,[],[]
HERB000901,椿根皮,[],[]
HERB000902,,[],[]
HERB000903,椿皮,[],[]
HERB000904,,[],[]
HERB000905,,[],[]
HERB000906,唇柱苣苔,[],[]
HERB000907,刺柏,[],[]
HERB000908,,[],[]
HERB000909,刺菜蓟,[],[]
HERB000910,,[],[]
HERB000911,刺豆蔻,[],[]
HERB000912,茨菇,[],[]
HERB000913,刺瑰,[],[]
HERB000914,刺果番荔枝,[],[]
HERB000915,刺果甘草,[],[]
HERB000916,刺果松,[],[]
HERB000917,刺果苏木,[],[]
HERB000918,,[],[]
HERB000919,刺花椒,[],[]
HERB000920,刺花莲子草,[],[]
HERB000921,刺槐花,[],[]
HERB000922,刺槐角,[],[]
HERB000923,刺黄连,[],[]
HERB000924,刺蒺藜,[],[]
HERB000925,,[],[]
HERB000926,刺壳花椒,[],[]
HERB000927,刺梨,[],[]
HERB000928,刺马前子,[],[]
HERB000929,,[],[]
HERB000930,刺芒柄花,[],[]
HERB000931,刺南蛇藤,[],[]
HERB000932,刺楸树皮,[],[]
HERB000933,刺人参,[],[]
HERB000934,刺三加,[],[]
HERB000935,磁石,[],[]
HERB000936,刺天茄,[],[]
HERB000937,,[],[]
HERB000938,刺头复叶耳蕨,[],[]
HERB000939,刺猬皮,[],[]
HERB000940,刺五加,[],[]
HERB000941,刺五加片,[],[]
HERB000942,刺五加叶,[],[]
HERB000943,,[],[]
HERB000944,十大功劳叶,[],[]
HERB000945,刺异叶花椒,[],[]
HERB000946,,[],[]
HERB000947,,[],[]
HERB000948,葱,[],[]
HERB000949,葱白,[],[]
HERB000950,葱花,[],[]
HERB000951,,[],[]
HERB000952,丛粒藻,[],[]
HERB000953,枞木,[],[]
HERB000954,葱实,[],[]
HERB000955,葱须,[],[]
HERB000956,葱叶,[],[]
HERB000957,葱汁,[],[]
HERB000958,雪莲,[],[]
HERB000959,臭冷杉,[],[]
HERB000960,醋,[],[]
HERB000961,粗柄铁线莲,[],[]
HERB000962,粗糙菝葜,[],[]
HERB000963,龙胆,[],[]
HERB000964,粗糙蛇鞭菊,[],[]
HERB000965,粗糙矢车菊,[],[]
HERB000966,,[],[]
HERB000967,粗果唐松草,[],[]
HERB000968,粗果香茶菜,[],[]
HERB000969,簇花獐牙菜,[],[]
HERB000970,粗茎秦艽,[],[]
HERB000971,粗茎乌头,[],[]
HERB000972,粗糠柴,[],[]
HERB000973,醋柳果,[],[]
HERB000974,粗毛甘草,[],[]
HERB000975,,[],[]
HERB000976,粗毛鳞盖蕨,[],[]
HERB000977,粗毛南蛇藤,[],[]
HERB000978,粗毛牛舌草,[],[]
HERB000979,粗毛栓菌,[],[]
HERB000980,粗毛淫羊藿,[],[]
HERB000981,粗皮山核桃,[],[]
HERB000982,粗蛇鞭菊,[],[]
HERB000983,,[],[]
HERB000984,,[],[]
HERB000985,,[],[]
HERB000986,,[],[]
HERB000987,醋酸,[],[]
HERB000988,醋酸地塞米松,[],[]
HERB000989,,[],[]
HERB000990,,[],[]
HERB000991,,[],[]
HERB000992,粗叶榕,[],[]
HERB000993,粗叶悬钩子,[],[]
HERB000994,,[],[]
HERB000995,粗硬毛铁苋菜,[],[]
HERB000996,粗硬毛豚草,[],[]
HERB000997,,[],[]
HERB000998,粗壮龙胆,[],[]
HERB000999,粗壮金鸡纳,[],[]
HERB001000,粗壮咖啡,[],[]
HERB001001,粗壮女贞,[],[]
HERB001002,粗壮酸藤子,[],[]
HERB001003,,[],[]
HERB001004,灯芯柳珊瑚,[],[]
HERB001005,催眠睡茄,[],[]
HERB001006,翠雀花,[],[]
HERB001007,,[],[]
HERB001008,催吐萝芙木,[],[]
HERB001009,翠云草,[],[]
HERB001010,寸冬,[],"['dogs.2', 'pressure.3', 'pigs.4']"
HERB001011,,[],[]
HERB001012,大芭蕉,[],[]
HERB001013,大白顶草,[],[]
HERB001014,大驳骨,[],[]
HERB001015,大波斯菊,[],[]
HERB001016,大草寇,[],[]
HERB001017,大长春花,[],[]
HERB001018,大巢菜,[],[]
HERB001019,大车前,[],[]
HERB001020,大翅蓟,[],[]
HERB001021,,[],[]
HERB001022,大丁草,[],[]
HERB001023,大豆,[],[]
HERB001024,大独活,[],[]
HERB001025,大渡乌头,[],[]
HERB001026,,[],[]
HERB001027,大萼金丝桃,[],[]
HERB001028,大萼香茶菜,[],[]
HERB001029,,[],[]
HERB001030,达尔文小檗,[],[]
HERB001031,大飞扬草,[],[]
HERB001032,大风子,[],[]
HERB001033,大枫子仁,[],[]
HERB001034,大腹皮,[],[]
HERB001035,,[],[]
HERB001036,大果柏木,[],[]
HERB001037,大果大戟,[],[]
HERB001038,大果咖啡,[],[]
HERB001039,大果桃金娘,[],[]
HERB001040,大果西番莲,[],[]
HERB001041,大黑,[],[]
HERB001042,大黑头草,[],[]
HERB001043,大红菇,[],[]
HERB001044,大红罂粟,[],[]
HERB001045,大花糙苏,[],[]
HERB001046,大花倒地铃,[],[]
HERB001047,,[],[]
HERB001048,大花哥纳香,[],[]
HERB001049,大花红景天,[],[]
HERB001050,大花黄花蒿,[],[]
HERB001051,大花樫木,[],[]
HERB001052,大花剪秋罗,[],[]
HERB001053,大花金鸡菊,[],[]
HERB001054,大花金挖耳,[],[]
HERB001055,大花菊,[],[]
HERB001056,大花落新妇,[],[]
HERB001057,大花马齿苋,[],[]
HERB001058,大花山牵牛,[],[]
HERB001059,大花杓兰,[],[]
HERB001060,大花五味子,[],[]
HERB001061,大花细辛,[],[]
HERB001062,大花旋覆花,[],[]
HERB001063,大花旋覆花,[],[]
HERB001064,大花妖文殊兰,[],[]
HERB001065,大花淫羊藿,[],[]
HERB001066,,[],[]
HERB001067,大花紫薇,[],[]
HERB001068,大花紫玉盘,[],[]
HERB001069,大黄,[],[]
HERB001070,大黄豆卷,[],[]
HERB001071,大黄茎,[],[]
HERB001072,,[],[]
HERB001073,大活血,[],['..']
HERB001074,大蓟,[],[]
HERB001075,大蓟,[],[]
HERB001076,大蓟,[],['time.4']
HERB001077,大蓟,[],[]
HERB001078,大蓟,[],[]
HERB001079,大蓟,[],[]
HERB001080,大蓟,[],[]
HERB001081,大金牛草,[],[]
HERB001082,大金钱草,[],[]
HERB001083,大狼毒,[],[]
HERB001084,大丽花,[],[]
HERB001085,大理鹿蹄草,[],[]
HERB001086,大力子,[],"['rats.2', 'laxative.3']"
HERB001087,大良姜,[],[]
HERB001088,大马兜铃,[],[]
HERB001089,,[],[]
HERB001090,大马金,[],[]
HERB001091,大马士革蔷薇,[],[]
HERB001092,大麻叶泽兰,[],[]
HERB001093,大米,[],[]
HERB001094,,[],[]
HERB001095,大棚藤,[],[]
HERB001096,大平丝芋,[],[]
HERB001097,打破碗花花,[],[]
HERB001098,大前胡,[],[]
HERB001099,大青木根,[],[]
HERB001100,大青杨,[],[]
HERB001101,大青叶,[],[]
HERB001102,大青叶胆,[],[]
HERB001103,大三叶升麻,[],[]
HERB001104,大蒜,[],[]
HERB001105,,[],[]
HERB001106,大头黄花蒿,[],[]
HERB001107,大头蒜,[],[]
HERB001108,大头橐吾,[],[]
HERB001109,大菟丝子,[],[]
HERB001110,大团囊虫草,[],[]
HERB001111,大尾摇,[],[]
HERB001112,达乌里秦艽,[],[]
HERB001113,大乌泡,[],[]
HERB001114,,[],[]
HERB001115,大星芹,[],[]
HERB001116,大雪花莲,[],[]
HERB001117,大血藤,[],[]
HERB001118,大叶桉叶,[],[]
HERB001119,大叶白头翁,[],[]
HERB001120,大叶菜,[],[]
HERB001121,大叶柴胡,[],[]
HERB001122,大叶臭花椒,[],[]
HERB001123,大叶吊兰,[],[]
HERB001124,大叶冬青,[],[]
HERB001125,大叶钩藤,[],[]
HERB001126,大叶钩藤根,[],[]
HERB001127,大叶骨碎补,[],[]
HERB001128,,[],[]
HERB001129,,[],[]
HERB001130,大叶花椒,[],[]
HERB001131,大叶花椒根,[],[]
HERB001132,大叶金花草,[],[]
HERB001133,大叶井口边草,[],[]
HERB001134,大叶菊,[],[]
HERB001135,大叶苣荬菜,[],[]
HERB001136,,[],[]
HERB001137,大叶萝芙木,[],[]
HERB001138,大叶落新妇,[],[]
HERB001139,大叶帽柱木,[],[]
HERB001140,大叶南洋杉,[],[]
HERB001141,大叶南洋参,[],[]
HERB001142,大叶牛防风,[],[]
HERB001143,大叶牛奶菜,[],[]
HERB001144,大叶茜草,[],[]
HERB001145,大叶蛇葡萄,[],[]
HERB001146,大叶寄树兰,[],[]
HERB001147,大叶糖胶树,[],[]
HERB001148,大叶唐松草,[],[]
HERB001149,大叶藤黄,[],[]
HERB001150,大叶土木香,[],[]
HERB001151,大叶仙茅,[],[]
HERB001152,大叶香茶菜,[],[]
HERB001153,大叶香薷,[],[]
HERB001154,大叶杨,[],[]
HERB001155,大冶有木云香,[],[]
HERB001156,大叶芸香草,[],[]
HERB001157,大叶紫玉盘,[],[]
HERB001158,大叶紫珠,[],[]
HERB001159,大叶醉鱼草,[],[]
HERB001160,大一枝箭,[],[]
HERB001161,大一枝箭,[],[]
HERB001162,大鱼鳔花,[],[]
HERB001163,大陨石,[],[]
HERB001164,大枣,[],[]
HERB001165,大皂荚,[],[]
HERB001166,大锥香茶菜,[],[]
HERB001167,大籽筋骨草,[],[]
HERB001168,大子买麻藤,[],[]
HERB001169,大籽雪胆,[],[]
HERB001170,大籽獐牙菜,[],[]
HERB001171,玳玳花,[],[]
HERB001172,玳瑁,[],[]
HERB001173,代赭石,[],[]
HERB001174,单瓣狗牙花,[],[]
HERB001175,淡豆豉,[],[]
HERB001176,胆矾,[],[]
HERB001177,单盖铁线蕨,[],[]
HERB001178,淡红枪刀药,[],[]
HERB001179,淡黄巴豆,[],[]
HERB001180,淡黄苦马豆,[],[]
HERB001181,淡黄木犀草,[],[]
HERB001182,淡黄香茶菜,[],[]
HERB001183,淡黄獐牙菜,[],[]
HERB001184,,[],[]
HERB001185,丹吉尔鸢尾,[],[]
HERB001186,丹吉尔鸢尾,[],[]
HERB001187,丹爵床,[],[]
HERB001188,单粒小麦,[],[]
HERB001189,,[],[]
HERB001190,,[],[]
HERB001191,,[],[]
HERB001192,胆南星,[],[]
HERB001193,丹参,[],[]
HERB001194,单穗石松,[],[]
HERB001195,单条草,[],[]
HERB001196,胆星,[],[]
HERB001197,,[],[]
HERB001198,单叶蔓荆,[],[]
HERB001199,单叶蔓荆子,[],[]
HERB001200,单叶新月蕨,[],[]
HERB001201,,[],[]
HERB001202,,[],[]
HERB001203,,[],[]
HERB001204,淡竹叶,[],[]
HERB001205,淡竹叶根,[],[]
HERB001206,,[],[]
HERB001207,单子麻黄,[],[]
HERB001208,单子山楂,[],[]
HERB001209,,[],[]
HERB001210,当归,[],[]
HERB001211,党参,[],[]
HERB001212,党参芦头,[],[]
HERB001213,当药,[],[]
HERB001214,稻草,[],[]
HERB001215,刀豆,[],[]
HERB001216,道孚香茶菜,[],[]
HERB001217,倒扣草,[],[]
HERB001218,倒卵叶伏石蕨,[],[]
HERB001219,倒卵叶蒲公英根,[],[]
HERB001220,倒捻子,[],[]
HERB001221,,[],[]
HERB001222,稻芽,[],[]
HERB001223,倒叶瘤足蕨,[],[]
HERB001224,,[],[]
HERB001225,,[],[]
HERB001226,德国龙胆草,[],[]
HERB001227,德国鸢尾,[],[]
HERB001228,,[],[]
HERB001229,,[],[]
HERB001230,德拉梦的金丝桃,[],[]
HERB001231,德钦红景天,[],[]
HERB001232,灯笼草,[],[]
HERB001233,灯台树,[],[]
HERB001234,灯台叶,[],[]
HERB001235,灯心草,[],[]
HERB001236,,[],[]
HERB001237,灯芯柳珊瑚,[],[]
HERB001238,灯油藤子,[],[]
HERB001239,灯盏细辛,[],[]
HERB001240,地蟞虫,[],[]
HERB001241,地不容,[],[]
HERB001242,地胆头,[],[]
HERB001243,地丁,[],[]
HERB001244,地耳草,[],[]
HERB001245,地枫,[],[]
HERB001246,地枫皮,[],[]
HERB001247,地肤子,[],[]
HERB001248,迪根金丝桃,[],[]
HERB001249,地骨皮,[],"['animals.2', 'rabbits.3']"
HERB001250,地瓜子,[],[]
HERB001251,地黄,[],[]
HERB001252,地椒,[],[]
HERB001253,地锦,[],[]
HERB001254,地锦草,[],[]
HERB001255,,[],[]
HERB001256,,[],[]
HERB001257,地龙,[],"['rabbits.2', '0.1', 'dogs.3', 'anticonvulsive.4']"
HERB001258,地钱,[],[]
HERB001259,地梢瓜,[],[]
HERB001260,地虱,[],[]
HERB001261,,[],[]
HERB001262,地梭罗,[],[]
HERB001263,地梭罗,[],[]
HERB001264,百步穿杨,[],[]
HERB001265,地棠草,[],[]
HERB001266,棣棠花,[],[]
HERB001267,地桃花,[],[]
HERB001268,,[],[]
HERB001269,地下车轴草,[],[]
HERB001270,地羊鹊,[],[]
HERB001271,地榆,[],[]
HERB001272,地中海柏木,[],[]
HERB001273,,[],[]
HERB001274,,[],[]
HERB001275,地中海马桑,[],[]
HERB001276,大毛蕊花,[],[]
HERB001277,,[],[]
HERB001278,,[],[]
HERB001279,滇白珠树,[],[]
HERB001280,,[],[]
HERB001281,,[],[]
HERB001282,淀粉,[],[]
HERB001283,滇钩藤,[],[]
HERB001284,滇黄精,[],[]
HERB001285,滇黄芩,[],[]
HERB001286,滇鸡骨常山,[],[]
HERB001287,滇姜花,[],[]
HERB001288,滇龙胆草,[],[]
HERB001289,滇牡丹,[],[]
HERB001290,滇南红厚壳,[],[]
HERB001291,颠茄,[],[]
HERB001292,颠茄草,[],[]
HERB001293,,[],[]
HERB001294,滇西乌头,[],[]
HERB001295,滇藏木兰,[],[]
HERB001296,垫状卷柏,[],[]
HERB001297,滇紫草,[],[]
HERB001298,吊灯树,[],[]
HERB001299,,[],[]
HERB001300,吊岩风,[],[]
HERB001301,钓樟根皮,[],[]
HERB001302,钓樟枝叶,[],[]
HERB001303,跌打老,[],[]
HERB001304,叠鞘石斛,[],[]
HERB001305,丁公藤,[],[]
HERB001306,鼎湖钓樟,[],[]
HERB001307,,[],[]
HERB001308,丁茄,[],[]
HERB001309,丁香,[],[]
HERB001310,丁香根,[],[]
HERB001311,丁香露,[],[]
HERB001312,丁香罗勒,[],[]
HERB001313,丁香罗勒油,[],[]
HERB001314,丁香树皮,[],[]
HERB001315,丁香叶,[],[]
HERB001316,丁香油,[],[]
HERB001317,丁香枝,[],[]
HERB001318,顶羽菊,[],[]
HERB001319,东安那托利亚矢车菊,[],[]
HERB001320,暗花金挖耳,[],[]
HERB001321,东北刺人参,[],[]
HERB001322,东北多足蕨,[],[]
HERB001323,,[],[]
HERB001324,东北胡桃木,[],[]
HERB001325,东北蛔蒿,[],[]
HERB001326,东北雷公藤,[],[]
HERB001327,东北龙胆,[],[]
HERB001328,东北牡蒿,[],[]
HERB001329,,[],[]
HERB001330,东北天南星,[],[]
HERB001331,东北延胡索,[],[]
HERB001332,,[],[]
HERB001333,冬虫夏草,[],[]
HERB001334,东当归,[],[]
HERB001335,,[],[]
HERB001336,,[],[]
HERB001337,,[],[]
HERB001338,东方飞燕草,[],[]
HERB001339,东方狗脊,[],[]
HERB001340,东方钩藤,[],[]
HERB001341,东方狗牙花,[],[]
HERB001342,东方核桃,[],[]
HERB001343,东方荚果蕨,[],[]
HERB001344,东方天仙子,[],[]
HERB001345,,[],[]
HERB001346,,[],[]
HERB001347,东方西门菲草,[],[]
HERB001348,东方香可可,[],[]
HERB001349,东方洋地黄,[],[]
HERB001350,东非决明,[],[]
HERB001351,东非玛茜,[],[]
HERB001352,东风菜,[],[]
HERB001353,东风橘根,[],[]
HERB001354,东风桔叶子,[],[]
HERB001355,冬瓜皮,[],[]
HERB001356,冬瓜仁,[],[]
HERB001357,冬瓜子,[],[]
HERB001358,,[],[]
HERB001359,东京巴豆,[],[]
HERB001360,冬葵果,[],[]
HERB001361,冬葵子,[],[]
HERB001362,东莨菪碱,[],[]
HERB001363,冬淩草,[],[]
HERB001364,东南景天,[],[]
HERB001365,,[],[]
HERB001366,冬青叶美登木,[],[]
HERB001367,东亚唐松草,[],[]
HERB001368,,[],[]
HERB001369,东亚紫金牛,[],[]
HERB001370,剑麻,[],[]
HERB001371,东瀛珊瑚木,[],[]
HERB001372,豆瓣菜,[],[]
HERB001373,豆包菌,[],[]
HERB001374,豆豉,[],[]
HERB001375,豆豉草,[],[]
HERB001376,豆豉姜,[],[]
HERB001377,豆腐柴,[],[]
HERB001378,豆蔻,[],[]
HERB001379,豆薯,[],[]
HERB001380,豆叶九里香,[],[]
HERB001381,,[],[]
HERB001382,豆油,[],[]
HERB001383,兜状荷包牡丹,[],[]
HERB001384,,[],[]
HERB001385,毒扁豆,[],[]
HERB001386,毒豆,[],[]
HERB001387,毒鹅膏,[],[]
HERB001388,杜衡,[],[]
HERB001389,杜虹花,[],[]
HERB001390,毒胡萝卜,[],[]
HERB001391,毒花椒,[],[]
HERB001392,,[],[]
HERB001393,,[],[]
HERB001394,独活,[],[]
HERB001395,独角莲,[],[]
HERB001396,杜茎山,[],[]
HERB001397,杜鹃花,[],[]
HERB001398,杜鹃花叶,[],[]
HERB001399,杜鹃兰,[],[]
HERB001400,毒马钱,[],[]
HERB001401,毒漆藤,[],[]
HERB001402,毒芹根,[],[]
HERB001403,,[],[]
HERB001404,,[],[]
HERB001405,,[],[]
HERB001406,,[],[]
HERB001407,独一味,[],[]
HERB001408,杜宇鼠尾草,[],[]
HERB001409,杜仲,[],[]
HERB001410,杜仲叶,[],[]
HERB001411,短茎古当归,[],[]
HERB001412,煅白矾,[],"['1%', '10%', '2%']"
HERB001413,,[],[]
HERB001414,短瓣金莲花,[],[]
HERB001415,短棒石斛,[],[]
HERB001416,,[],[]
HERB001417,短柄和叶澜,[],[]
HERB001418,断翅黄芪,[],[]
HERB001419,断刺花椒,[],[]
HERB001420,煅磁石,[],[]
HERB001421,短萼黄连,[],[]
HERB001422,短梗胡枝子,[],[]
HERB001423,煅狗骨,[],[]
HERB001424,,[],[]
HERB001425,,[],[]
HERB001426,断节参,[],[]
HERB001427,,[],[]
HERB001428,煅龙齿,[],[]
HERB001429,煅龙骨,[],[]
HERB001430,煅龙牡,[],[]
HERB001431,短毛独活,[],[]
HERB001432,短毛金线草根,[],[]
HERB001433,短片藁本,[],[]
HERB001434,端绒毛钩藤,[],[]
HERB001435,端绒毛钩藤,[],[]
HERB001436,端绒毛大蓟,[],[]
HERB001437,短柔毛飞燕草,[],[]
HERB001438,短柔毛马兜铃,[],[]
HERB001439,短柔毛止泻木,[],[]
HERB001440,,[],[]
HERB001441,煅石膏,[],[]
HERB001442,椴树,[],[]
HERB001443,短碎胡椒,[],[]
HERB001444,短葶山麦冬,[],[]
HERB001445,煅瓦楞,[],[]
HERB001446,短线小米草,[],[]
HERB001447,短小蛇根草,[],[]
HERB001448,断血流,[],[]
HERB001449,短叶红豆杉,[],[]
HERB001450,短叶假木贼,[],[]
HERB001451,短叶绢蒿,[],[]
HERB001452,短叶龙胆,[],[]
HERB001453,,[],[]
HERB001454,,[],[]
HERB001455,短叶罗汉松叶,[],[]
HERB001456,,[],[]
HERB001457,短叶山蚂蝗,[],[]
HERB001458,,[],[]
HERB001459,煅自然铜,[],[]
HERB001460,短柱八角,[],[]
HERB001461,对生玛茜,[],[]
HERB001462,对虾,[],[]
HERB001463,堆心菊,[],[]
HERB001464,对叶豆,[],[]
HERB001465,对叶金腰,[],[]
HERB001466,对叶榕,[],[]
HERB001467,对叶元胡,[],[]
HERB001468,钝苞雪莲,[],[]
HERB001469,钝裂银莲花,[],[]
HERB001470,钝形凹顶藻,[],[]
HERB001471,遁形白叶藤,[],[]
HERB001472,,[],[]
HERB001473,钝性鸡蛋花,[],[]
HERB001474,钝叶车轴草,[],[]
HERB001475,盾叶大戟,[],[]
HERB001476,,[],[]
HERB001477,盾叶鬼臼,[],[]
HERB001478,蹲野桂皮,[],[]
HERB001479,蹲野胡椒,[],[]
HERB001480,钝叶决明,[],[]
HERB001481,盾叶薯蓣,[],[]
HERB001482,钝叶酸模,[],[]
HERB001483,盾叶唐松草,[],[]
HERB001484,钝叶土牛膝,[],[]
HERB001485,,[],[]
HERB001486,盾叶茅膏菜,[],[]
HERB001487,,[],[]
HERB001488,多被银莲花,[],[]
HERB001489,,[],[]
HERB001490,多变小冠花,[],[]
HERB001491,多齿千里光,[],[]
HERB001492,多次柴胡,[],[]
HERB001493,,[],[]
HERB001494,刺黄花稔,[],[]
HERB001495,,[],[]
HERB001496,多刺绿绒蒿,[],[]
HERB001497,多根乌头,[],[]
HERB001498,多果树,[],[]
HERB001499,,[],[]
HERB001500,多花八角莲,[],[]
HERB001501,,[],[]
HERB001502,多花菜豆,[],[]
HERB001503,多花黑麦草,[],[]
HERB001504,多花黄精,[],[]
HERB001505,多花蓝果树,[],[]
HERB001506,多花山麻杆,[],[]
HERB001507,多花山麻根,[],[]
HERB001508,多花芍药,[],[]
HERB001509,多花水仙,[],[]
HERB001510,多花藤黄,[],[]
HERB001511,,[],[]
HERB001512,多花小波,[],[]
HERB001513,多花杨梅,[],[]
HERB001514,多家草,[],[]
HERB001515,多裂委陵菜,[],[]
HERB001516,多裂乌头,[],[]
HERB001517,多买钩藤,[],[]
HERB001518,多买南美肉豆蔻,[],[]
HERB001519,,[],[]
HERB001520,,[],[]
HERB001521,朵蕊白花菜,[],[]
HERB001522,多伞阿魏,[],[]
HERB001523,多舌飞蓬,[],[]
HERB001524,,[],[]
HERB001525,多岁罗汉松是,[],[]
HERB001526,,[],[]
HERB001527,多穗石柯叶,[],[]
HERB001528,剁碎鼠尾草,[],[]
HERB001529,剁碎豚草,[],[]
HERB001530,多头风轮菜,[],[]
HERB001531,,[],[]
HERB001532,多香果,[],[]
HERB001533,惰性金发藓,[],[]
HERB001534,多雄蕊领春木,[],[]
HERB001535,多雄蕊商陆,[],[]
HERB001536,多须公,[],[]
HERB001537,多序岩黄耆,[],[]
HERB001538,多叶百脉根,[],[]
HERB001539,多叶棘豆,[],[]
HERB001540,多叶金丝桃,[],[]
HERB001541,多枝桉,[],[]
HERB001542,多枝柴胡,[],[]
HERB001543,多枝柽柳,[],[]
HERB001544,多指阔苞菊,[],[]
HERB001545,多枝龙胆,[],[]
HERB001546,多指龙血树,[],[]
HERB001547,,[],[]
HERB001548,,[],[]
HERB001549,多汁甜姐菜,[],[]
HERB001550,多汁甜姐草,[],[]
HERB001551,多汁止疼黄,[],[]
HERB001552,多种芦荟提取物,[],[]
HERB001553,,[],[]
HERB001554,鄂报春,[],[]
HERB001555,,[],[]
HERB001556,鹅不食草,[],[]
HERB001557,鹅肠菜,[],[]
HERB001558,,[],[]
HERB001559,,[],[]
HERB001560,鹅膏,[],[]
HERB001561,,[],[]
HERB001562,,[],[]
HERB001563,俄国西门菲草,[],[]
HERB001564,阿胶,[],"['blood.2', 'transformation.3']"
HERB001565,俄勒冈荷包牡丹,[],[]
HERB001566,,[],[]
HERB001567,峨眉翠雀花,[],[]
HERB001568,,[],[]
HERB001569,,[],[]
HERB001570,峨眉唐松草,[],[]
HERB001571,峨眉野黄连,[],[]
HERB001572,鹅绒藤,[],[]
HERB001573,鹅绒委陵菜,[],[]
HERB001574,峨参,[],[]
HERB001575,,[],[]
HERB001576,鄂西香茶菜,[],[]
HERB001577,鹅掌草,[],[]
HERB001578,鹅掌藤,[],[]
HERB001579,莪术,[],[]
HERB001580,莪术油,[],[]
HERB001581,,[],[]
HERB001582,耳草,[],[]
HERB001583,儿茶,[],[]
HERB001584,儿茶钩藤,[],[]
HERB001585,二齿香科科,[],[]
HERB001586,二次陨石,[],[]
HERB001587,,[],[]
HERB001588,二沟黄芪,[],[]
HERB001589,二角多甲藻,[],[]
HERB001590,,[],[]
HERB001591,二七狗牙花,[],[]
HERB001592,,[],[]
HERB001593,二色华鼠尾草,[],[]
HERB001594,儿十蕊商陆,[],[]
HERB001595,而行鸡血藤,[],[]
HERB001596,二星金合欢,[],[]
HERB001597,耳形瘤足蕨,[],[]
HERB001598,二星杨二兰,[],[]
HERB001599,,[],[]
HERB001600,二爷金罂粟,[],[]
HERB001601,耳叶牛皮消,[],[]
HERB001602,二一拖包地钱,[],[]
HERB001603,,[],[]
HERB001604,法半夏,[],[]
HERB001605,发菜,[],[]
HERB001606,,[],[]
HERB001607,法国金雀儿,[],[]
HERB001608,法国蔷薇,[],[]
HERB001609,法抗乌头,[],[]
HERB001610,翻白草,[],[]
HERB001611,繁华止泻木,[],[]
HERB001612,番荔枝,[],[]
HERB001613,,[],[]
HERB001614,番木瓜,[],[]
HERB001615,番木瓜叶,[],[]
HERB001616,番茄,[],[]
HERB001617,番石榴干,[],[]
HERB001618,番石榴皮,[],[]
HERB001619,番石榴叶,[],[]
HERB001620,番石榴籽,[],[]
HERB001621,番泻叶,[],[]
HERB001622,防风,[],[]
HERB001623,防风花,[],[]
HERB001624,防风叶,[],[]
HERB001625,方海,[],[]
HERB001626,防己,[],[]
HERB001627,防己叶菝葜,[],[]
HERB001628,芳香白珠,[],[]
HERB001629,芳香堆心菊,[],[]
HERB001630,,[],[]
HERB001631,,[],[]
HERB001632,菲菜,[],[]
HERB001633,费城飞蓬,[],[]
HERB001634,肥城酸浆,[],[]
HERB001635,飞蛾藤,[],[]
HERB001636,飞猴面包果,[],[]
HERB001637,,[],[]
HERB001638,飞蓟草,[],[]
HERB001639,,[],[]
HERB001640,,[],[]
HERB001641,飞廉,[],[]
HERB001642,飞龙掌血,[],[]
HERB001643,飞龙掌血,[],[]
HERB001644,菲律宾罗汉松,[],[]
HERB001645,菲律宾千里光,[],[]
HERB001646,菲律宾肉豆蔻,[],[]
HERB001647,菲律宾罗汉松,[],[]
HERB001648,,[],[]
HERB001649,菲律宾千斤拔,[],[]
HERB001650,菲律宾千里光,[],[]
HERB001651,菲律宾肉豆蔻,[],[]
HERB001652,菲律宾石梓,[],[]
HERB001653,腓尼基刺柏,[],[]
HERB001654,,[],[]
HERB001655,飞燕草,[],[]
HERB001656,肥一点红,[],[]
HERB001657,费约果,[],[]
HERB001658,肥皂草,[],[]
HERB001659,非洲百子莲,[],[]
HERB001660,非洲闭鞘姜,[],[]
HERB001661,非洲番荔枝,[],[]
HERB001662,非洲防己,[],[]
HERB001663,非洲橄榄,[],[]
HERB001664,非洲格木,[],[]
HERB001665,非洲钩藤,[],[]
HERB001666,,[],[]
HERB001667,,[],[]
HERB001668,非洲黄檀,[],[]
HERB001669,非洲剑雪封喉,[],[]
HERB001670,非洲枯木,[],[]
HERB001671,非洲罗勒,[],[]
HERB001672,非洲帽柱木,[],[]
HERB001673,非洲蛙,[],[]
HERB001674,非洲止泻木,[],[]
HERB001675,,[],[]
HERB001676,榧子,[],[]
HERB001677,粉芭蕉,[],[]
HERB001678,,[],[]
HERB001679,粉萆薢,[],[]
HERB001680,分叉当归,[],[]
HERB001681,分叉马钱子,[],[]
HERB001682,粉防己,[],"['effect.2', 'histamine.3', 'phagocytosis.4', 'consumption.5', 'ameba.6']"
HERB001683,粉葛,[],[]
HERB001684,粉红色西番莲,[],[]
HERB001685,粉红色西番莲,[],[]
HERB001686,粪箕笃,[],[]
HERB001687,,[],[]
HERB001688,粉瘤菌,[],[]
HERB001689,,[],[]
HERB001690,坟墓草,[],[]
HERB001691,分路猪殃殃,[],[]
HERB001692,分肉层孔菌,[],[]
HERB001693,分时唐松草,[],[]
HERB001694,粉团花,[],[]
HERB001695,分心木,[],[]
HERB001696,分支颇具,[],[]
HERB001697,蜂巢草,[],[]
HERB001698,,[],[]
HERB001699,丰城鸡血藤,[],[]
HERB001700,蜂斗菜,[],[]
HERB001701,,[],[]
HERB001702,蜂房,[],[]
HERB001703,,[],[]
HERB001704,凤凰木,[],[]
HERB001705,蜂胶,[],[]
HERB001706,蜂蜡,[],[]
HERB001707,凤梨,[],[]
HERB001708,风铃草,[],[]
HERB001709,风轮菜,[],[]
HERB001710,风毛菊,[],[]
HERB001711,蜂蜜,[],[]
HERB001712,,[],[]
HERB001713,凤尾草,[],[]
HERB001714,凤尾茶,[],[]
HERB001715,凤尾蕨,[],[]
HERB001716,凤尾爬山虎,[],[]
HERB001717,凤仙,[],[]
HERB001718,凤仙花,[],[]
HERB001719,凤仙透骨草,[],[]
HERB001720,枫香寄生,[],[]
HERB001721,枫香树,[],[]
HERB001722,风箱树根,[],[]
HERB001723,枫香树皮,[],[]
HERB001724,风箱树叶,[],[]
HERB001725,,[],[]
HERB001726,枫香脂,[],[]
HERB001727,风信子,[],[]
HERB001728,凤丫蕨,[],[]
HERB001729,凤眼草,[],[]
HERB001730,凤羽花,[],[]
HERB001731,紫菀花,[],[]
HERB001732,佛耳草,[],[]
HERB001733,佛甲草,[],[]
HERB001734,佛手,[],[]
HERB001735,,[],[]
HERB001736,,[],[]
HERB001737,,[],[]
HERB001738,伏尔加侧金盏花,[],[]
HERB001739,扶芳藤,[],[]
HERB001740,浮海石,[],[]
HERB001741,弗吉尼亚地笋,[],[]
HERB001742,弗吉尼亚狗脊蕨,[],[]
HERB001743,福建细辛,[],[]
HERB001744,福橘,[],[]
HERB001745,阜康阿魏根,[],[]
HERB001746,,[],[]
HERB001747,扶郎花,[],[]
HERB001748,弗雷是杜鹃花,[],[]
HERB001749,茯苓,[],[]
HERB001750,茯苓皮,[],['vitro.2']
HERB001751,伏毛山豆根,[],[]
HERB001752,,[],[]
HERB001753,富宁藤,[],[]
HERB001754,覆盆子,[],[]
HERB001755,覆盆子根,[],[]
HERB001756,覆盆子叶,[],[]
HERB001757,附片,[],[]
HERB001758,浮萍,[],[]
HERB001759,芙蓉菊根,[],[]
HERB001760,,[],[]
HERB001761,,[],[]
HERB001762,扶桑花,[],[]
HERB001763,扶桑叶,[],[]
HERB001764,辐射松,[],[]
HERB001765,茯神,[],[]
HERB001766,茯神木,[],[]
HERB001767,,[],[]
HERB001768,福寿草?,[],[]
HERB001769,,[],[]
HERB001770,浮小麦,[],[]
HERB001771,,[],[]
HERB001772,浮叶眼子菜,[],[]
HERB001773,泽兰,[],[]
HERB001774,,[],[]
HERB001775,,[],[]
HERB001776,附子,[],[]
HERB001777,,[],[]
HERB001778,,[],[]
HERB001779,甘草,[],"['effect.2', 'effect.3', 'effect.4']"
HERB001780,甘草节,[],[]
HERB001781,甘草稍,[],[]
HERB001782,甘草头,[],[]
HERB001783,干地黄,[],[]
HERB001784,肝风草,[],[]
HERB001785,甘葛藤根,[],[]
HERB001786,干花豆,[],[]
HERB001787,干姜,[],[]
HERB001788,橄榄,[],[]
HERB001789,橄榄白蜡伞,[],[]
HERB001790,橄榄核,[],[]
HERB001791,橄榄仁,[],[]
HERB001792,干老鸡骨常山,[],[]
HERB001793,甘露秦,[],[]
HERB001794,干鹿肉,[],[]
HERB001795,,[],[]
HERB001796,干漆,[],[]
HERB001797,甘青青兰,[],[]
HERB001798,甘青铁线莲,[],[]
HERB001799,甘青乌头,[],[]
HERB001800,甘薯,[],[]
HERB001801,甘松,[],[]
HERB001802,甘肃贝母,[],[]
HERB001803,甘肃槐树,[],[]
HERB001804,甘肃黄芩,[],[]
HERB001805,甘肃山楂,[],[]
HERB001806,甘遂,[],[]
HERB001807,赣皖乌头,[],[]
HERB001808,甘西鼠尾草,[],[]
HERB001809,甘蔗,[],[]
HERB001810,杠板归根,[],[]
HERB001811,,[],[]
HERB001812,刚果剑雪封喉,[],[]
HERB001813,刚果萝芙木,[],[]
HERB001814,刚毛柽柳,[],[]
HERB001815,刚毛藤山柳,[],[]
HERB001816,岗梅,[],[]
HERB001817,岗松,[],[]
HERB001818,,[],[]
HERB001819,,[],[]
HERB001820,,[],[]
HERB001821,藁本,[],[]
HERB001822,,[],[]
HERB001823,高春黄菊,[],[]
HERB001824,高丛珍珠梅,[],[]
HERB001825,,[],[]
HERB001826,高大翠雀花,[],[]
HERB001827,,[],[]
HERB001828,高达山蓝,[],[]
HERB001829,高当归,[],[]
HERB001830,,[],[]
HERB001831,,[],[]
HERB001832,高飞燕草,[],[]
HERB001833,高贵波罗蜜,[],[]
HERB001834,高贵春黄菊,[],[]
HERB001835,高贵假紫草,[],[]
HERB001836,,[],[]
HERB001837,,[],[]
HERB001838,,[],[]
HERB001839,,[],[]
HERB001840,高黄芩,[],[]
HERB001841,高灰毛豆,[],[]
HERB001842,高加索摆线,[],[]
HERB001843,高加索蓝盆花,[],[]
HERB001844,高加索鳞毛蕨,[],[]
HERB001845,高加索龙胆,[],[]
HERB001846,高加索乌头,[],[]
HERB001847,高加索罂粟,[],[]
HERB001848,高加索紫金,[],[]
HERB001849,高咖啡,[],[]
HERB001850,高丽参,[],[]
HERB001851,高粱,[],[]
HERB001852,高良姜,[],[]
HERB001853,高梁泡,[],[]
HERB001854,,[],[]
HERB001855,高山扁枝石松,[],[]
HERB001856,,[],[]
HERB001857,高山花椒,[],[]
HERB001858,高山黄华,[],[]
HERB001859,高山黄华根,[],[]
HERB001860,高山火绒草,[],[]
HERB001861,高山辣根菜,[],[]
HERB001862,高山罗汉松,[],[]
HERB001863,高山唐松草,[],[]
HERB001864,高山条蕨,[],[]
HERB001865,,[],[]
HERB001866,高山罂粟,[],[]
HERB001867,高乌头,[],[]
HERB001868,高一枝黄花,[],[]
HERB001869,高原唐松草,[],[]
HERB001870,高泽兰,[],[]
HERB001871,戈壁天门冬,[],[]
HERB001872,,[],[]
HERB001873,茖葱,[],[]
HERB001874,葛根,[],[]
HERB001875,葛谷,[],[]
HERB001876,葛花,[],[]
HERB001877,蛤蚧,[],[]
HERB001878,格里菲斯十大功劳,[],[]
HERB001879,格里菲斯藤黄,[],[]
HERB001880,,[],[]
HERB001881,哥伦比亚巴豆,[],[]
HERB001882,哥伦比亚木瓣树?,[],[]
HERB001883,葛蔓,[],[]
HERB001884,哥纳香,[],[]
HERB001885,蛤壳,[],[]
HERB001886,隔山消,[],[]
HERB001887,葛上亭长,[],[]
HERB001888,格式鼠尾草,[],[]
HERB001889,,[],[]
HERB001890,各样西番莲,[],[]
HERB001891,葛叶,[],[]
HERB001892,革叶猕猴桃,[],[]
HERB001893,,[],[]
HERB001894,工布乌头,[],[]
HERB001895,贡嘎山乌头,[],[]
HERB001896,功劳木,[],[]
HERB001897,功劳子,[],[]
HERB001898,公兴马兜铃,[],[]
HERB001899,枸骨根,[],[]
HERB001900,枸骨树皮,[],[]
HERB001901,枸骨叶,[],[]
HERB001902,枸骨子,[],[]
HERB001903,狗脊,[],[]
HERB001904,枸橘,[],[]
HERB001905,狗桔刺,[],[]
HERB001906,枸橘核,[],[]
HERB001907,枸橘叶,[],[]
HERB001908,,[],[]
HERB001909,枸橘枳实,[],[]
HERB001910,钩毛茜草,[],[]
HERB001911,枸杞,[],[]
HERB001912,枸杞根皮,[],[]
HERB001913,枸杞小波,[],[]
HERB001914,枸杞叶,[],[]
HERB001915,枸杞子,[],[]
HERB001916,狗肉,[],[]
HERB001917,狗舌草,[],[]
HERB001918,狗肾,[],[]
HERB001919,狗屎花,[],[]
HERB001920,构树,[],[]
HERB001921,构树白皮,[],[]
HERB001922,构树根,[],[]
HERB001923,构树果,[],[]
HERB001924,钩藤,[],[]
HERB001925,钩藤根,[],[]
HERB001926,,[],[]
HERB001927,狗心,[],[]
HERB001928,狗仔花,[],[]
HERB001929,钩枝藤,[],[]
HERB001930,钩状胡椒,[],[]
HERB001931,钩状胡椒,[],[]
HERB001932,钩状石斛,[],[]
HERB001933,,[],[]
HERB001934,古巴萝芙木,[],[]
HERB001935,古城玫瑰树,[],[]
HERB001936,鼓槌石斛,[],[]
HERB001937,骨节草,[],[]
HERB001938,谷精草,[],[]
HERB001939,谷壳,[],[]
HERB001940,古蔺雪丹,[],[]
HERB001941,,[],[]
HERB001942,骨碎补,[],[]
HERB001943,骨碎补毛,[],[]
HERB001944,孤挺花,[],[]
HERB001945,孤挺花,[],[]
HERB001946,孤挺花杂交种,[],[]
HERB001947,谷芽,[],[]
HERB001948,瓜蒂,[],[]
HERB001949,瓜馥木,[],[]
HERB001950,挂金灯,[],[]
HERB001951,挂金灯跟,[],[]
HERB001952,瓜蒌,[],[]
HERB001953,瓜篓皮,[],[]
HERB001954,瓜篓子,[],[]
HERB001955,栝楼茎叶,[],[]
HERB001956,,[],[]
HERB001957,,[],[]
HERB001958,瓜叶乌头,[],[]
HERB001959,拐芹,[],[]
HERB001960,关苍术,[],[]
HERB001961,,[],[]
HERB001962,,[],[]
HERB001963,关公须,[],[]
HERB001964,观光木,[],[]
HERB001965,管花党参,[],[]
HERB001966,管花马兜铃,[],[]
HERB001967,管花秦艽,[],[]
HERB001968,管花肉苁蓉,[],[]
HERB001969,关黄柏,[],[]
HERB001970,,[],[]
HERB001971,灌木奥拓斯特草,[],[]
HERB001972,灌木柴胡,[],[]
HERB001973,灌木萝芙木,[],[]
HERB001974,灌木天门冬,[],[]
HERB001975,关木通,[],[]
HERB001976,灌木文殊兰,[],[]
HERB001977,灌木亚菊,[],[]
HERB001978,灌木远志,[],[]
HERB001979,灌木状车轴草,[],[]
HERB001980,观赏獐牙菜,[],[]
HERB001981,贯叶金丝桃,[],[]
HERB001982,贯叶连翘,[],[]
HERB001983,贯叶连翘,[],[]
HERB001984,观音草,[],[]
HERB001985,贯众,[],[]
HERB001986,冠状沟轧花,[],[]
HERB001987,,[],[]
HERB001988,,[],[]
HERB001989,贯众,[],[]
HERB001990,,[],[]
HERB001991,,[],[]
HERB001992,光慈姑,[],[]
HERB001993,广地龙,[],"['rabbits.2', '0.1', 'dogs.3', 'anticonvulsive.4']"
HERB001994,广东金钱草,[],[]
HERB001995,广东土牛膝,[],[]
HERB001996,光萼猪屎豆,[],[]
HERB001997,广防风,[],[]
HERB001998,广防己,[],[]
HERB001999,光飞燕草,[],[]
HERB002000,光果甘草,[],[]
HERB002001,光华当归,[],[]
HERB002002,广藿香,[],[]
HERB002003,广藿香叶,[],[]
HERB002004,广藿香油,[],[]
HERB002005,光洁秋海棠,[],[]
HERB002006,广金钱草,[],[]
HERB002007,广金钱草,[],[]
HERB002008,光亮黄檀,[],[]
HERB002009,光亮假龙胆,[],[]
HERB002010,光亮萝芙木,[],[]
HERB002011,光良石松,[],[]
HERB002012,,[],[]
HERB002013,光良远志,[],[]
HERB002014,广木香,[],[]
HERB002015,光囊紫柄蕨,[],[]
HERB002016,,[],[]
HERB002017,光石韦,[],[]
HERB002018,,[],[]
HERB002019,光头独活,[],[]
HERB002020,广西八角莲,[],[]
HERB002021,广西莪术,[],[]
HERB002022,广西莪术,[],[]
HERB002023,广西九里香,[],[]
HERB002024,广西美登木,[],[]
HERB002025,广西千户,[],[]
HERB002026,广西石蒜,[],[]
HERB002027,光药大黄花,[],[]
HERB002028,光叶巴豆,[],[]
HERB002029,光叶地不容,[],[]
HERB002030,光叶丁公藤,[],[]
HERB002031,光叶粉花绣线菊,[],[]
HERB002032,光叶决明,[],[]
HERB002033,光叶水苏,[],[]
HERB002034,光叶蛇葡萄,[],[]
HERB002035,光叶水苏,[],[]
HERB002036,光叶眼子菜,[],[]
HERB002037,光叶猪屎豆,[],[]
HERB002038,光叶子花,[],[]
HERB002039,光叶紫玉盘,[],[]
HERB002040,广枣,[],[]
HERB002041,,[],[]
HERB002042,光泽乌头,[],[]
HERB002043,光枝勾儿茶,[],[]
HERB002044,龟板,[],[]
HERB002045,龟板胶,[],[]
HERB002046,鬼灯笼,[],[]
HERB002047,桂丁,[],[]
HERB002048,,[],[]
HERB002049,桂花,[],[]
HERB002050,龟甲,[],[]
HERB002051,鬼箭锦鸡儿,[],[]
HERB002052,鬼箭羽,[],[]
HERB002053,鬼箭羽,[],[]
HERB002054,鬼臼,[],[]
HERB002055,鬼毛针,[],[]
HERB002056,桂皮,[],[]
HERB002057,桂皮钓樟,[],[]
HERB002058,桂皮油,[],[]
HERB002059,圭亚那钩藤,[],[]
HERB002060,桧叶,[],[]
HERB002061,鬼针草,[],[]
HERB002062,桂枝,[],[]
HERB002063,贵州獐牙菜,[],[]
HERB002064,桂竹糖芥,[],[]
HERB002065,桂竹香,[],[]
HERB002066,桂子,[],[]
HERB002067,过江龙,[],[]
HERB002068,过路黄,[],[]
HERB002069,果香菊,[],[]
HERB002070,,[],[]
HERB002071,,[],[]
HERB002072,蛤蟆油,[],[]
HERB002073,哈市罗汉松,[],[]
HERB002074,,[],[]
HERB002075,哈市山梗菜,[],[]
HERB002076,海巴戟,[],[]
HERB002077,,[],[]
HERB002078,海滨柳穿鱼,[],[]
HERB002079,海滨萝芙木,[],[]
HERB002080,,[],[]
HERB002081,海葱,[],[]
HERB002082,海带,[],[]
HERB002083,海带根,[],[]
HERB002084,海岛棉,[],[]
HERB002085,孩儿茶,[],[]
HERB002086,孩儿参,[],[]
HERB002087,海风藤,[],[]
HERB002088,海浮石,[],[]
HERB002089,海蛤壳,[],[]
HERB002090,海狗肾,[],[]
HERB002091,海龟,[],[]
HERB002092,海红豆,[],[]
HERB002093,,[],[]
HERB002094,海金沙,[],[]
HERB002095,海韭菜,[],[]
HERB002096,海龙,[],[]
HERB002097,海马,[],[]
HERB002098,海南粗榧,[],[]
HERB002099,海南哥纳香,[],[]
HERB002100,海南狗牙花,[],[]
HERB002101,海南樫木,[],[]
HERB002102,海南萝芙木,[],[]
HERB002103,海南买麻藤,[],[]
HERB002104,海南青牛胆,[],[]
HERB002105,海南砂仁,[],[]
HERB002106,海南野扇花,[],[]
HERB002107,海泥钩枝藤,[],[]
HERB002108,海螵蛸,[],[]
HERB002109,氦气,[],[]
HERB002110,海人草,[],[]
HERB002111,海参,[],[]
HERB002112,海参肠,[],[]
HERB002113,,[],[]
HERB002114,海狮,[],[]
HERB002115,狗牙花,[],[]
HERB002116,海松子,[],[]
HERB002117,海棠果,[],[]
HERB002118,海桐,[],[]
HERB002119,海桐皮,[],[]
HERB002120,海豚鱼,[],[]
HERB002121,,[],[]
HERB002122,,[],[]
HERB002123,,[],[]
HERB002124,,[],[]
HERB002125,海罂粟,[],[]
HERB002126,海藻,[],"['iodine.2', 'trichophyton.3']"
HERB002127,海州骨碎补,[],[]
HERB002128,旱菜,[],[]
HERB002129,汉城细辛,[],[]
HERB002130,汉防己,[],[]
HERB002131,旱莲草,[],[]
HERB002132,旱莲花,[],[]
HERB002133,旱麦瓶草,[],[]
HERB002134,,[],[]
HERB002135,旱芹,[],[]
HERB002136,旱芹变种,[],[]
HERB002137,韩瑞五味子,[],[]
HERB002138,汉三七,[],['pressure.2']
HERB002139,旱生卷柏,[],[]
HERB002140,旱生香茶菜,[],[]
HERB002141,寒食,[],[]
HERB002142,寒水石,[],[]
HERB002143,韩信草,[],[]
HERB002144,含羞草,[],[]
HERB002145,杭白芷,[],[]
HERB002146,杭矾,[],"['1%', '10%', '2%']"
HERB002147,杭菊,[],[]
HERB002148,杭芍,[],[]
HERB002149,蒿本,[],[]
HERB002150,好望角芦荟,[],[]
HERB002151,好望角罗汉松,[],[]
HERB002152,,[],[]
HERB002153,,[],[]
HERB002154,河岸狗肝菜,[],[]
HERB002155,,[],[]
HERB002156,,[],[]
HERB002157,荷包地不容,[],[]
HERB002158,荷包牡丹根,[],[]
HERB002159,河北杨,[],[]
HERB002160,和草香豌豆,[],[]
HERB002161,鹤草芽,[],[]
HERB002162,禾草叶佳贝防风,[],[]
HERB002163,,[],[]
HERB002164,荷梗,[],[]
HERB002165,河谷地不容,[],[]
HERB002166,核果粗榧,[],[]
HERB002167,核果状补骨脂,[],[]
HERB002168,荷花,[],[]
HERB002169,荷花雪莲,[],[]
HERB002170,荷花延龄草,[],[]
HERB002171,荷花玉兰,[],[]
HERB002172,合欢花,[],[]
HERB002173,合欢皮,[],[]
HERB002174,和卡尼亚黄杨,[],[]
HERB002175,荷兰种植番红花,[],[]
HERB002176,,[],[]
HERB002177,和木瓜,[],[]
HERB002178,河南唐松草,[],[]
HERB002179,,[],[]
HERB002180,褐绒盖牛肝菌,[],[]
HERB002181,褐色钟花树,[],[]
HERB002182,鹤虱,[],[]
HERB002183,鹤虱风,[],[]
HERB002184,鹤氏唐松草碱,[],[]
HERB002185,何首乌,[],[]
HERB002186,河蒴荛花,[],[]
HERB002187,,[],[]
HERB002188,,[],[]
HERB002189,核桃仁,[],['50%']
HERB002190,河豚,[],[]
HERB002191,荷叶,[],[]
HERB002192,荷叶蒂,[],[]
HERB002193,禾叶风毛菊,[],[]
HERB002194,诃子,[],[]
HERB002195,诃子核,[],[]
HERB002196,诃子叶,[],[]
HERB002197,,[],[]
HERB002198,黑百合,[],[]
HERB002199,黑白简木,[],[]
HERB002200,黑茶表,[],[]
HERB002201,黑柴胡,[],[]
HERB002202,黑丑,[],"['purgative.2', 'hematuria.3']"
HERB002203,,[],[]
HERB002204,黑磁石,[],[]
HERB002205,黑醋,[],[]
HERB002206,黑大豆,[],[]
HERB002207,黑大豆皮,[],[]
HERB002208,黑大豆叶,[],[]
HERB002209,黑豆,[],[]
HERB002210,黑风藤,[],[]
HERB002211,黑杠柳?,[],[]
HERB002212,黑果菝葜,[],[]
HERB002213,黑果黄皮,[],[]
HERB002214,黑果茜草,[],[]
HERB002215,黑胡桃,[],[]
HERB002216,黑化无根藤,[],[]
HERB002217,黑化延命草,[],[]
HERB002218,黑姜,[],[]
HERB002219,,[],[]
HERB002220,黑桔梗兰,[],[]
HERB002221,黑荆树,[],[]
HERB002222,黑壳楠,[],[]
HERB002223,黑昆布,[],[]
HERB002224,黑老虎,[],[]
HERB002225,黑老虎根,[],[]
HERB002226,黑曼巴,[],[]
HERB002227,黑蚂蚁,[],[]
HERB002228,,[],[]
HERB002229,黑毛石斛,[],[]
HERB002230,黑木耳,[],[]
HERB002231,黑木金合欢,[],[]
HERB002232,,[],[]
HERB002233,黑色米皮糠,[],[]
HERB002234,黑石耳,[],[]
HERB002235,黑水翠雀,[],[]
HERB002236,黑水翠雀,[],[]
HERB002237,黑水缬草,[],[]
HERB002238,黑水野罂粟,[],[]
HERB002239,黑锡,[],[]
HERB002240,黑线条藤黄,[],[]
HERB002241,黑岩蛇根草,[],[]
HERB002242,黑芝麻,[],[]
HERB002243,黑种草,[],[]
HERB002244,黑子梨果寄生,[],[]
HERB002245,横根费菜,[],[]
HERB002246,,[],[]
HERB002247,横沥地耳草,[],[]
HERB002248,衡州乌药,[],[]
HERB002249,,[],[]
HERB002250,草莓,[],[]
HERB002251,,[],[]
HERB002252,,[],[]
HERB002253,红百合木,[],[]
HERB002254,红背山麻杆,[],[]
HERB002255,红草,[],[]
HERB002256,荭草花,[],[]
HERB002257,红柴胡,[],[]
HERB002258,红车轴草,[],[]
HERB002259,红椿,[],[]
HERB002260,红大戟,[],[]
HERB002261,红大丽花,[],[]
HERB002262,红豆,[],[]
HERB002263,红豆蔻,[],[]
HERB002264,红豆杉,[],[]
HERB002265,,[],[]
HERB002266,,[],[]
HERB002267,红粉,[],[]
HERB002268,红根草,[],[]
HERB002269,,[],[]
HERB002270,红果樫木,[],[]
HERB002271,红果萝芙木,[],[]
HERB002272,红海葱,[],[]
HERB002273,红海椒,[],[]
HERB002274,红海榄,[],[]
HERB002275,红旱莲,[],[]
HERB002276,红花,[],[]
HERB002277,红花菜豆,[],[]
HERB002278,红花除虫菊,[],[]
HERB002279,红花椒,[],[]
HERB002280,红花龙胆,[],[]
HERB002281,红花鹿茸,[],[]
HERB002282,红花鹿蹄草,[],[]
HERB002283,红花绿绒蒿,[],[]
HERB002284,红花苗,[],[]
HERB002285,红花皮,[],[]
HERB002286,红花槭,[],[]
HERB002287,红花蕊木,[],[]
HERB002288,红花五味子,[],[]
HERB002289,红花岩黄芪,[],[]
HERB002290,红茴香,[],[]
HERB002291,红鸡蛋花,[],[]
HERB002292,红荚蒾,[],[]
HERB002293,红剪秋罗,[],[]
HERB002294,红景天,[],[]
HERB002295,红口水仙,[],[]
HERB002296,红筷子,[],[]
HERB002297,,[],[]
HERB002298,洪连,[],[]
HERB002299,,[],[]
HERB002300,红毛七,[],[]
HERB002301,红毛五加皮,[],[]
HERB002302,红毛野海棠,[],[]
HERB002303,红木,[],[]
HERB002304,红母鸡草,[],[]
HERB002305,红南皮,[],[]
HERB002306,,[],[]
HERB002307,红牛毛刺根,[],[]
HERB002308,红皮云杉,[],[]
HERB002309,红芪,[],[]
HERB002310,红七叶树,[],[]
HERB002311,红前胡,[],[]
HERB002312,红茄苳果,[],[]
HERB002313,红球姜,[],[]
HERB002314,红曲,[],[]
HERB002315,,[],[]
HERB002316,红三七,[],[]
HERB002317,红三叶草,[],[]
HERB002318,红色金鸡纳树,[],[]
HERB002319,红参,[],[]
HERB002320,红十二,[],[]
HERB002321,红石仙桃,[],[]
HERB002322,红薯,[],[]
HERB002323,红栓菌,[],[]
HERB002324,红丝线,[],[]
HERB002325,红松,[],[]
HERB002326,红头草,[],[]
HERB002327,宏伟酸脚杆,[],[]
HERB002328,红纹马先蒿,[],[]
HERB002329,红芽大戟,[],[]
HERB002330,红缘层孔菌,[],[]
HERB002331,红枣,[],"['leukocytes.2', 'damage.3']"
HERB002332,红泽兰,[],[]
HERB002333,红直獐牙菜,[],[]
HERB002334,红足蒿,[],[]
HERB002335,,[],[]
HERB002336,厚壳桂,[],[]
HERB002337,厚皮花椒,[],[]
HERB002338,厚皮树,[],[]
HERB002339,厚朴,[],[]
HERB002340,厚朴花,[],[]
HERB002341,厚朴子,[],[]
HERB002342,厚朴,[],"['antibacterial.2', 'muscles.3', 'vitro.4']"
HERB002343,厚朴花,[],[]
HERB002344,,[],[]
HERB002345,猴头菇,[],[]
HERB002346,猴头菌,[],[]
HERB002347,,[],[]
HERB002348,后夜钩藤,[],[]
HERB002349,,[],[]
HERB002350,厚叶岩白菜,[],[]
HERB002351,猴枣,[],[]
HERB002352,,[],[]
HERB002353,湖北贝母,[],[]
HERB002354,湖北瓜蒌,[],[]
HERB002355,湖北瓜蒌,[],[]
HERB002356,湖北黄精,[],[]
HERB002357,湖北山麦冬,[],[]
HERB002358,湖北山楂,[],[]
HERB002359,湖北十大功劳,[],[]
HERB002360,虎刺,[],[]
HERB002361,虎刺楤木,[],[]
HERB002362,胡葱,[],[]
HERB002363,蝴蝶花,[],[]
HERB002364,蝴蝶花豆,[],[]
HERB002365,虎耳草,[],[]
HERB002366,虎耳草叶茴芹,[],[]
HERB002367,虎骨,[],"['Antiarthritic.2', '21.18', '42.36', 'pain.3']"
HERB002368,瓠瓜,[],[]
HERB002369,胡黄连,[],[]
HERB002370,槲寄生,[],[]
HERB002371,胡椒,[],[]
HERB002372,胡椒花椒,[],[]
HERB002373,黄瓜,[],[]
HERB002374,狐狸,[],[]
HERB002375,葫芦,[],[]
HERB002376,胡芦巴,[],[]
HERB002377,葫芦茶,[],[]
HERB002378,葫芦七,[],[]
HERB002379,葫芦七变种,[],[]
HERB002380,胡萝卜,[],[]
HERB002381,胡萝卜子,[],[]
HERB002382,胡麻根,[],[]
HERB002383,胡麻花,[],[]
HERB002384,胡麻叶,[],[]
HERB002385,琥珀,[],[]
HERB002386,虎舌红,[],[]
HERB002387,互生红景天,[],[]
HERB002388,互生叶白千层,[],[]
HERB002389,互生叶叶决明,[],[]
HERB002390,胡荽,[],[]
HERB002391,胡荽子,[],[]
HERB002392,胡桃根,[],[]
HERB002393,胡桃花,[],[]
HERB002394,胡桃壳,[],[]
HERB002395,胡桃青皮,[],[]
HERB002396,,[],[]
HERB002397,胡桃仁,[],[]
HERB002398,胡桃树皮,[],[]
HERB002399,胡桃叶,[],[]
HERB002400,胡桃油,[],[]
HERB002401,胡桃枝,[],[]
HERB002402,虎尾兰,[],[]
HERB002403,虎眼万年青,[],[]
HERB002404,槲叶,[],[]
HERB002405,虎杖,[],[]
HERB002406,虎掌草,[],[]
HERB002407,虎杖叶,[],[]
HERB002408,胡枝子,[],[]
HERB002409,花白蜡树,[],[]
HERB002410,,[],[]
HERB002411,华北白前,[],[]
HERB002412,华北蓝盆花,[],[]
HERB002413,花茶表,[],[]
HERB002414,花重楼,[],[]
HERB002415,华东椴,[],[]
HERB002416,华东蓝刺头,[],[]
HERB002417,华东唐松草,[],[]
HERB002418,花粉,[],[]
HERB002419,,[],[]
HERB002420,华钩藤,[],[]
HERB002421,花冠银莲花,[],[]
HERB002422,华鬼臼,[],[]
HERB002423,桦褐孔菌,[],[]
HERB002424,花椒,[],[]
HERB002425,花椒根,[],[]
HERB002426,,[],[]
HERB002427,化金丹,[],[]
HERB002428,化橘红,[],[]
HERB002429,华丽蛇鞭菊,[],[]
HERB002430,花菱草,[],[]
HERB002431,,[],[]
HERB002432,桦木皮,[],[]
HERB002433,华南功劳木,[],[]
HERB002434,华南功劳叶,[],[]
HERB002435,华南功劳子,[],[]
HERB002436,华南鹤虱,[],[]
HERB002437,华南马尾杉,[],[]
HERB002438,华南猕猴桃,[],[]
HERB002439,华南忍冬,[],[]
HERB002440,华南吴茱萸,[],[]
HERB002441,华南皂荚,[],[]
HERB002442,华千金藤,[],[]
HERB002443,花蕊石,[],[]
HERB002444,华桑,[],[]
HERB002445,华山矾,[],[]
HERB002446,华山参,[],[]
HERB002447,华山松,[],[]
HERB002448,花生衣,[],[]
HERB002449,花生油,[],[]
HERB002450,滑石,[],[]
HERB002451,滑石粉,[],[]
HERB002452,桦树液,[],[]
HERB002453,花唐松草,[],[]
HERB002454,花桃树,[],[]
HERB002455,华西贝母,[],[]
HERB002456,,[],[]
HERB002457,化香树果,[],[]
HERB002458,化香树叶,[],[]
HERB002459,花序梗百脉根,[],[]
HERB002460,花椰菜,[],[]
HERB002461,花叶假杜鹃,[],[]
HERB002462,华泽兰,[],[]
HERB002463,华中瘤足蕨,[],[]
HERB002464,华中前胡,[],[]
HERB002465,华中五味子,[],[]
HERB002466,,[],[]
HERB002467,,[],[]
HERB002468,,[],[]
HERB002469,,[],[]
HERB002470,槐耳,[],[]
HERB002471,槐根,[],[]
HERB002472,槐花,[],[]
HERB002473,槐角,[],[]
HERB002474,,[],[]
HERB002475,怀牛膝,[],"['antioncotic.2', 'animals.3']"
HERB002476,淮山药,[],[]
HERB002477,,[],[]
HERB002478,槐叶,[],[]
HERB002479,,[],[]
HERB002480,,[],[]
HERB002481,鲩鱼,[],[]
HERB002482,换装金丝桃?,[],[]
HERB002483,黄柏,[],[]
HERB002484,黄百合,[],[]
HERB002485,黄白红谷,[],[]
HERB002486,黄白糖芥,[],[]
HERB002487,黄蘗,[],[]
HERB002488,,[],[]
HERB002489,黄柏,[],[]
HERB002490,黄菠萝果,[],[]
HERB002491,黄蝉,[],[]
HERB002492,黄菖蒲,[],[]
HERB002493,黄大豆,[],[]
HERB002494,黄甘草,[],[]
HERB002495,黄根姜黄,[],[]
HERB002496,黄根树,[],[]
HERB002497,黄狗肾,[],[]
HERB002498,黄瓜,[],[]
HERB002499,黄瓜根,[],[]
HERB002500,黄瓜藤,[],[]
HERB002501,黄瓜叶,[],[]
HERB002502,黄果茄,[],[]
HERB002503,黄海棠,[],[]
HERB002504,黄海罂粟,[],[]
HERB002505,黄蒿,[],[]
HERB002506,黄褐毛忍冬,[],[]
HERB002507,,[],[]
HERB002508,黄花败酱,[],[]
HERB002509,黄花菜,[],[]
HERB002510,黄花菜,[],[]
HERB002511,黄花草,[],[]
HERB002512,黄花地丁,[],[]
HERB002513,黄花儿柳,[],[]
HERB002514,黄花海罂粟,[],[]
HERB002515,黄花蒿,[],[]
HERB002516,黄花蒿子,[],[]
HERB002517,黄花夹竹桃,[],[]
HERB002518,黄花九轮草,[],[]
HERB002519,黄花木,[],[]
HERB002520,黄花稔,[],[]
HERB002521,黄花鼠尾草,[],[]
HERB002522,黄花乌头,[],[]
HERB002523,黄花香茶菜,[],[]
HERB002524,黄花烟草,[],[]
HERB002525,黄花远志,[],[]
HERB002526,黄花子,[],[]
HERB002527,黄精种子,[],[]
HERB002528,皇家海罂粟,[],[]
HERB002529,黄接骨丹,[],[]
HERB002530,黄金,[],[]
HERB002531,,[],[]
HERB002532,黄金古草,[],[]
HERB002533,黄金树,[],[]
HERB002534,黄精,[],[]
HERB002535,黄精根,[],[]
HERB002536,黄精叶,[],[]
HERB002537,黄精枝,[],[]
HERB002538,黄酒,[],[]
HERB002539,黄葵,[],[]
HERB002540,黄连,[],[]
HERB002541,黄莲花,[],[]
HERB002542,黄连芽,[],[]
HERB002543,黄苓,[],[]
HERB002544,黄龙胆,[],[]
HERB002545,黄栌,[],[]
HERB002546,黄栌枝叶,[],[]
HERB002547,黄麻叶,[],[]
HERB002548,黄麻子,[],[]
HERB002549,黄毛楤木,[],[]
HERB002550,黄毛茛,[],[]
HERB002551,黄毛鳞毛蕨,[],[]
HERB002552,黄毛乌头,[],[]
HERB002553,黄缅桂,[],[]
HERB002554,黄明胶,[],[]
HERB002555,黄牛木,[],[]
HERB002556,黄皮根,[],[]
HERB002557,黄皮树,[],[]
HERB002558,黄皮叶,[],[]
HERB002559,黄瓶子草,[],[]
HERB002560,黄芪,[],[]
HERB002561,,[],[]
HERB002562,黄鞘蕊花,[],[]
HERB002563,黄芩,[],[]
HERB002564,黄芩甙,[],[]
HERB002565,黄芪胶,[],[]
HERB002566,黄芩子,[],[]
HERB002567,黄赛金莲木,[],[]
HERB002568,黄三七,[],[]
HERB002569,黄色奥丁草,[],[]
HERB002570,,[],[]
HERB002571,黄色千里光,[],[]
HERB002572,,[],[]
HERB002573,黄山药,[],[]
HERB002574,黄蜀葵花,[],[]
HERB002575,黄水晶兰,[],[]
HERB002576,黄水仙,[],[]
HERB002577,,[],[]
HERB002578,黄唐松草,[],[]
HERB002579,,[],[]
HERB002580,,[],[]
HERB002581,黄乌头,[],[]
HERB002582,黄细辛,[],[]
HERB002583,,[],[]
HERB002584,,[],[]
HERB002585,黄烟木,[],[]
HERB002586,黄杨木叶,[],[]
HERB002587,黄杨小檗,[],[]
HERB002588,,[],[]
HERB002589,黄杨叶木瓣树,[],[]
HERB002590,黄药,[],[]
HERB002591,黄药子,[],[]
HERB002592,黄叶地不容,[],[]
HERB002593,黄叶毒性菜,[],[]
HERB002594,黄叶槐,[],[]
HERB002595,黄硬皮马勃,[],[]
HERB002596,黄羽扇豆,[],[]
HERB002597,,[],[]
HERB002598,,[],[]
HERB002599,,[],[]
HERB002600,灰白独活,[],[]
HERB002601,,[],[]
HERB002602,灰白毛萝芙木,[],[]
HERB002603,,[],[]
HERB002604,灰白实参,[],[]
HERB002605,灰白向日葵,[],[]
HERB002606,,[],[]
HERB002607,灰白益母草,[],[]
HERB002608,,[],[]
HERB002609,,[],[]
HERB002610,喙果绞股蓝,[],[]
HERB002611,蛔蒿,[],[]
HERB002612,灰胡桃,[],[]
HERB002613,,[],[]
HERB002614,回回豆,[],[]
HERB002615,回回苏,[],[]
HERB002616,回回苏梗,[],[]
HERB002617,回回苏叶,[],[]
HERB002618,,[],[]
HERB002619,,[],[]
HERB002620,,[],[]
HERB002621,,[],[]
HERB002622,茴芹,[],[]
HERB002623,灰色欧石楠,[],[]
HERB002624,惠特克茅膏菜,[],[]
HERB002625,茴香,[],[]
HERB002626,茴香虫,[],[]
HERB002627,茴香根,[],[]
HERB002628,茴香根茎叶,[],[]
HERB002629,茴香茎叶,[],[]
HERB002630,,[],[]
HERB002631,灰叶杜茎山,[],[]
HERB002632,灰叶根,[],[]
HERB002633,,[],[]
HERB002634,灰毡毛忍冬,[],[]
HERB002635,喙柱牛奶菜,[],[]
HERB002636,,[],[]
HERB002637,,[],[]
HERB002638,,[],[]
HERB002639,,[],[]
HERB002640,火麻仁,[],[]
HERB002641,火山岩草胡椒,[],[]
HERB002642,火索麻,[],[]
HERB002643,火炭母草,[],[]
HERB002644,霍香,[],[]
HERB002645,藿香根,[],[]
HERB002646,霍香叶,[],[]
HERB002647,藿香叶绿绒蒿,[],[]
HERB002648,火焰花,[],[]
HERB002649,火殃勒,[],[]
HERB002650,珍珠母,[],[]
HERB002651,,[],[]
HERB002652,,[],[]
HERB002653,集安红参,[],[]
HERB002654,,[],[]
HERB002655,荠菜,[],[]
HERB002656,荠菜花,[],[]
HERB002657,荠菜子,[],[]
HERB002658,,[],[]
HERB002659,鸡肠狼毒,[],[]
HERB002660,棘刺花,[],[]
HERB002661,鸡胆,[],[]
HERB002662,鸡蛋果,[],[]
HERB002663,,[],[]
HERB002664,积甘草,[],[]
HERB002665,鸡骨草,[],[]
HERB002666,鸡冠刺桐,[],[]
HERB002667,鸡冠花,[],[]
HERB002668,鸡冠苗,[],[]
HERB002669,鸡冠子,[],[]
HERB002670,,[],[]
HERB002671,,[],[]
HERB002672,,[],[]
HERB002673,,[],[]
HERB002674,基建龙舌兰,[],[]
HERB002675,,[],[]
HERB002676,,[],[]
HERB002677,,[],[]
HERB002678,鸡冠刺桐,[],[]
HERB002679,蒺藜,[],[]
HERB002680,,[],[]
HERB002681,蒺藜苗,[],[]
HERB002682,,[],[]
HERB002683,吉林乌头,[],[]
HERB002684,吉林延龄草,[],[]
HERB002685,鸡毛菜,[],[]
HERB002686,鸡毛松,[],[]
HERB002687,,[],[]
HERB002688,继木,[],[]
HERB002689,,[],[]
HERB002690,鸡内金,[],[]
HERB002691,几内亚斑鸠菊,[],[]
HERB002692,几内亚格木,[],[]
HERB002693,几内亚胡椒,[],[]
HERB002694,,[],[]
HERB002695,鸡肉,[],[]
HERB002696,,[],[]
HERB002697,吉氏红景天,[],[]
HERB002698,即食芦荟,[],[]
HERB002699,鸡矢藤,[],[]
HERB002700,鸡矢藤,[],[]
HERB002701,鸡矢藤果,[],[]
HERB002702,鸡嗉子,[],[]
HERB002703,鸡胎,[],[]
HERB002704,鸡娃草,[],[]
HERB002705,,[],[]
HERB002706,吉祥草,[],[]
HERB002707,,[],[]
HERB002708,,[],[]
HERB002709,,[],[]
HERB002710,,[],[]
HERB002711,急性子,[],[]
HERB002712,,[],[]
HERB002713,积雪草,[],[]
HERB002714,鸡血藤,[],[]
HERB002715,鸡血藤根,[],[]
HERB002716,鸡眼草,[],[]
HERB002717,棘叶,[],[]
HERB002718,戟叶马鞭草,[],[]
HERB002719,蕺叶秋海棠,[],[]
HERB002720,戟叶鼠尾草,[],[]
HERB002721,戟叶酸模,[],[]
HERB002722,蓟罂粟,[],[]
HERB002723,鲫鱼胆,[],[]
HERB002724,,[],[]
HERB002725,棘针,[],[]
HERB002726,鸡子白,[],[]
HERB002727,鸡子黄,[],[]
HERB002728,鸡子壳,[],[]
HERB002729,鸡子木,[],[]
HERB002730,鸡纵,[],[]
HERB002731,假百合,[],[]
HERB002732,假贝母,[],[]
HERB002733,,[],[]
HERB002734,假单胞菌洋槐,[],[]
HERB002735,假地胆草,[],[]
HERB002736,假地枫皮,[],[]
HERB002737,佳东方千里光,[],[]
HERB002738,,[],[]
HERB002739,,[],[]
HERB002740,茄根,[],[]
HERB002741,,[],[]
HERB002742,假黄花远志,[],[]
HERB002743,加灰色九里香婆婆纳,[],[]
HERB002744,,[],[]
HERB002745,假荆芥,[],[]
HERB002746,,[],[]
HERB002747,,[],[]
HERB002748,假苦瓜,[],[]
HERB002749,,[],[]
HERB002750,,[],[]
HERB002751,甲类决明,[],[]
HERB002752,假连翘,[],[]
HERB002753,假连翘叶,[],[]
HERB002754,假马鞭,[],[]
HERB002755,假马齿苋,[],[]
HERB002756,,[],[]
HERB002757,,[],[]
HERB002758,,[],[]
HERB002759,假木豆,[],[]
HERB002760,加拿大包春香,[],[]
HERB002761,加拿大苍耳,[],[]
HERB002762,加拿大红豆杉,[],[]
HERB002763,加拿大黄芪,[],[]
HERB002764,,[],[]
HERB002765,加拿大细辛,[],[]
HERB002766,,[],[]
HERB002767,加纳利美登木,[],[]
HERB002768,加拿利鼠尾草,[],[]
HERB002769,加蓬紫玉盘,[],[]
HERB002770,假山胡椒,[],[]
HERB002771,假水仙,[],[]
HERB002772,假酸浆,[],[]
HERB002773,假乌头,[],[]
HERB002774,假细锥香茶菜,[],[]
HERB002775,,[],[]
HERB002776,假叶树,[],[]
HERB002777,假鹰爪,[],[]
HERB002778,,[],[]
HERB002779,假泽兰,[],[]
HERB002780,加州藜芦,[],[]
HERB002781,加州七叶树,[],[]
HERB002782,,[],[]
HERB002783,加州夏腊梅,[],[]
HERB002784,,[],[]
HERB002785,夹竹桃,[],[]
HERB002786,夹竹桃麻,[],[]
HERB002787,加紫草,[],[]
HERB002788,假总状花序山小橘,[],[]
HERB002789,,[],[]
HERB002790,剪灯芯草,[],[]
HERB002791,假地枫皮,[],[]
HERB002792,箭杆杨,[],[]
HERB002793,箭根薯,[],[]
HERB002794,尖海龙,[],[]
HERB002795,,[],[]
HERB002796,渐尖木兰,[],[]
HERB002797,,[],[]
HERB002798,尖距紫堇,[],[]
HERB002799,,[],[]
HERB002800,剑麻,[],[]
HERB002801,,[],[]
HERB002802,,[],[]
HERB002803,剪秋罗毛蕊花,[],[]
HERB002804,建曲,[],[]
HERB002805,尖锐毛茶,[],[]
HERB002806,,[],[]
HERB002807,,[],[]
HERB002808,尖尾芋,[],[]
HERB002809,,[],[]
HERB002810,嘉兴烟草,[],[]
HERB002811,见血封喉,[],[]
HERB002812,见血清,[],[]
HERB002813,,[],[]
HERB002814,尖叶梣,[],[]
HERB002815,尖叶番泻叶,[],[]
HERB002816,尖叶花椒,[],[]
HERB002817,剑叶龙血树,[],[]
HERB002818,尖叶清风藤,[],[]
HERB002819,尖叶十大功劳,[],[]
HERB002820,尖叶唐松草,[],[]
HERB002821,剑叶铁树叶,[],[]
HERB002822,,[],[]
HERB002823,尖叶叶下珠,[],[]
HERB002824,箭叶淫羊藿,[],[]
HERB002825,尖叶芸香草,[],[]
HERB002826,,[],[]
HERB002827,剑影柴胡,[],[]
HERB002828,坚硬悬钩子,[],[]
HERB002829,,[],[]
HERB002830,箭紫苏,[],[]
HERB002831,箭紫苏叶,[],[]
HERB002832,尖子玉盘,[],[]
HERB002833,,[],[]
HERB002834,僵蚕,[],[]
HERB002835,僵蚕,[],[]
HERB002836,豇豆,[],[]
HERB002837,,[],[]
HERB002838,浆果苋,[],[]
HERB002839,浆果紫杉,[],[]
HERB002840,姜黄,[],[]
HERB002841,绛梨木根,[],[]
HERB002842,,[],[]
HERB002843,江南卷柏,[],[]
HERB002844,姜皮,[],[]
HERB002845,江西青牛胆,[],[]
HERB002846,降香,[],[]
HERB002847,降香油,[],[]
HERB002848,姜叶,[],[]
HERB002849,僵蛹,[],[]
HERB002850,降真香,[],[]
HERB002851,江孜沙棘,[],[]
HERB002852,焦槟榔,[],[]
HERB002853,角叉菜,[],[]
HERB002854,,[],[]
HERB002855,,[],[]
HERB002856,绞股蓝,[],[]
HERB002857,角果木,[],[]
HERB002858,,[],[]
HERB002859,焦麦芽,[],[]
HERB002860,,[],[]
HERB002861,椒目,[],[]
HERB002862,胶粘香茶菜,[],[]
HERB002863,交让木,[],[]
HERB002864,焦三仙,[],[]
HERB002865,焦山栀,[],[]
HERB002866,,[],[]
HERB002867,,[],[]
HERB002868,,[],[]
HERB002869,,[],[]
HERB002870,胶质鼠尾草,[],[]
HERB002871,焦栀子,[],[]
HERB002872,角柱花,[],[]
HERB002873,胶状车前,[],[]
HERB002874,芥菜,[],[]
HERB002875,缬草根,[],[]
HERB002876,桔梗,[],[]
HERB002877,接骨木,[],[]
HERB002878,,[],[]
HERB002879,节茎石仙桃,[],[]
HERB002880,,[],[]
HERB002881,节毛飞廉,[],[]
HERB002882,,[],[]
HERB002883,睫毛叶鼠尾草,[],[]
HERB002884,芥穗,[],['effect.2']
HERB002885,,[],[]
HERB002886,,[],[]
HERB002887,芥子,[],[]
HERB002888,金箔,[],[]
HERB002889,金不换,[],[]
HERB002890,荩草,[],[]
HERB002891,金钗凤尾蕨,[],[]
HERB002892,金丹,[],[]
HERB002893,锦灯笼,[],[]
HERB002894,近东罂粟,[],[]
HERB002895,金发藓,[],[]
HERB002896,金沸草,[],[]
HERB002897,金粉蕨,[],[]
HERB002898,,[],[]
HERB002899,金刚刺,[],[]
HERB002900,金刚大,[],[]
HERB002901,金狗脊,[],[]
HERB002902,筋骨草,[],[]
HERB002903,金光菊,[],[]
HERB002904,金果揽,[],[]
HERB002905,金华猕猴桃,[],[]
HERB002906,金花小檗,[],[]
HERB002907,金黄草素?,[],[]
HERB002908,金黄侧金盏花,[],[]
HERB002909,金黄柴胡,[],[]
HERB002910,金黄革菌,[],[]
HERB002911,,[],[]
HERB002912,金黄连,[],[]
HERB002913,锦鸡儿,[],[]
HERB002914,锦鸡儿根,[],[]
HERB002915,,[],[]
HERB002916,金鸡纳,[],[]
HERB002917,金鸡尾,[],[]
HERB002918,金鸡尾巴草根,[],[]
HERB002919,,[],[]
HERB002920,,[],[]
HERB002921,金甲豆,[],[]
HERB002922,,[],[]
HERB002923,金锦香,[],[]
HERB002924,金桔,[],[]
HERB002925,金橘叶,[],[]
HERB002926,金莲花,[],[]
HERB002927,金莲花猪屎豆,[],[]
HERB002928,金莲木,[],[]
HERB002929,金铃子,[],['intestine.2']
HERB002930,金毛耳草,[],[]
HERB002931,金毛狗,[],[]
HERB002932,金毛狗脊,[],[]
HERB002933,金毛木通,[],[]
HERB002934,金礞石,[],[]
HERB002935,金平哥纳香,[],[]
HERB002936,金钱白话蛇,[],[]
HERB002937,金钱草,[],[]
HERB002938,金钱苦叶草,[],[]
HERB002939,金钱蒲,[],[]
HERB002940,金钱蒲叶,[],[]
HERB002941,金荞麦,['mouse.2'],[]
HERB002942,,[],[]
HERB002943,金雀儿,[],[]
HERB002944,金雀根,[],[]
HERB002945,金色木菌,[],[]
HERB002946,锦熟黄杨,[],[]
HERB002947,金刷把,[],[]
HERB002948,金丝带,[],[]
HERB002949,金丝马尾连,[],[]
HERB002950,金丝梅,[],[]
HERB002951,金丝刷,[],[]
HERB002952,金丝桃果实,[],[]
HERB002953,金粟兰,[],[]
HERB002954,金铁锁,[],[]
HERB002955,,[],[]
HERB002956,,[],[]
HERB002957,金线草,[],[]
HERB002958,,[],[]
HERB002959,,[],[]
HERB002960,金椰子,[],[]
HERB002961,金翼黄芪,[],[]
HERB002962,金银花,[],[]
HERB002963,金樱根,[],[]
HERB002964,金樱花,[],[]
HERB002965,金樱叶,[],[]
HERB002966,金樱子,[],[]
HERB002967,金鱼,[],[]
HERB002968,金鱼草,[],[]
HERB002969,金盏菊,[],[]
HERB002970,金盏菊花,[],[]
HERB002971,金针菜,[],[]
HERB002972,金钟花,[],[]
HERB002973,,[],[]
HERB002974,金字塔木兰,[],[]
HERB002975,金字塔形千里光,[],[]
HERB002976,京大戟,[],[]
HERB002977,,[],[]
HERB002978,粳谷奴,[],[]
HERB002979,景洪暗罗,[],[]
HERB002980,净化花椰菜,[],[]
HERB002981,,[],[]
HERB002982,,[],[]
HERB002983,荆芥,[],[]
HERB002984,荆芥根,[],[]
HERB002985,荆芥花,[],[]
HERB002986,荆芥穗,[],[]
HERB002987,荆芥叶狮耳草,[],[]
HERB002988,京梨猕猴桃,[],[]
HERB002989,粳米,[],[]
HERB002990,,[],[]
HERB002991,金荞麦,[],[]
HERB002992,,[],[]
HERB002993,景天三七,[],[]
HERB002994,,[],[]
HERB002995,,[],[]
HERB002996,,[],[]
HERB002997,金腰草,[],[]
HERB002998,鸡屎藤果,[],[]
HERB002999,酒,[],[]
HERB003000,救必应,[],[]
HERB003001,,[],[]
HERB003002,韭菜,[],[]
HERB003003,韭菜根,[],[]
HERB003004,韭菜子,[],[]
HERB003005,九层风,[],[]
HERB003006,韭葱,[],[]
HERB003007,酒大黄,[],[]
HERB003008,九华大萼香茶菜,[],[]
HERB003009,九节茶,[],[]
HERB003010,九里香,[],[]
HERB003011,九里香根,[],[]
HERB003012,九里香根,[],[]
HERB003013,九香虫,[],[]
HERB003014,九眼石,[],[]
HERB003015,韭子,[],[]
HERB003016,,[],[]
HERB003017,,[],[]
HERB003018,橘白,[],[]
HERB003019,,[],[]
HERB003020,锯齿石松,[],[]
HERB003021,,[],[]
HERB003022,巨大蓝刺头,[],[]
HERB003023,,[],[]
HERB003024,橘根,[],[]
HERB003025,聚果榕,[],[]
HERB003026,,[],[]
HERB003027,橘核,[],[]
HERB003028,橘红,[],[]
HERB003029,橘红皮,[],[]
HERB003030,橘红珠,[],[]
HERB003031,菊花,[],[]
HERB003032,聚花过路黄,[],[]
HERB003033,菊花黄连,[],[]
HERB003034,菊花黄檀,[],[]
HERB003035,菊花石斛,[],[]
HERB003036,巨花雪胆,[],[]
HERB003037,橘黄罂粟,[],[]
HERB003038,蒟酱叶,[],[]
HERB003039,菊苣,[],[]
HERB003040,橘络,[],[]
HERB003041,,[],[]
HERB003042,聚醚金合欢,[],[]
HERB003043,菊米鼠尾草,[],[]
HERB003044,橘皮,[],[]
HERB003045,,[],[]
HERB003046,巨人柱,[],[]
HERB003047,聚散花椰菜,[],[]
HERB003048,橘色沟酸浆,[],[]
HERB003049,橘色毛蕊花,[],[]
HERB003050,巨杉,[],[]
HERB003051,,[],[]
HERB003052,苣苔香茶菜,[],[]
HERB003053,橘叶,[],[]
HERB003054,,[],[]
HERB003055,,[],[]
HERB003056,,[],[]
HERB003057,巨圆叶黄耆,[],[]
HERB003058,枸橼叶龙脑香,[],[]
HERB003059,巨紫荆,[],[]
HERB003060,橘子香精,[],[]
HERB003061,卷柏,[],[]
HERB003062,卷丹,[],[]
HERB003063,卷毛黄檀,[],[]
HERB003064,卷毛阔苞菊,[],[]
HERB003065,绢毛蔷薇,[],[]
HERB003066,卷鞘鸢尾,[],[]
HERB003067,,[],[]
HERB003068,爵床,[],[]
HERB003069,蕨麻草,[],[]
HERB003070,决明子,[],[]
HERB003071,君迁子,[],[]
HERB003072,君子兰,[],[]
HERB003073,君子兰,[],[]
HERB003074,,[],[]
HERB003075,咖啡黄葵,[],[]
HERB003076,,[],[]
HERB003077,,[],[]
HERB003078,卡洛金合欢,[],[]
HERB003079,卡罗来纳翠雀,[],[]
HERB003080,卡罗来纳地胆草,[],[]
HERB003081,卡罗来纳石松,[],[]
HERB003082,喀麦隆金莲木,[],[]
HERB003083,,[],[]
HERB003084,卡美香茶菜,[],[]
HERB003085,,[],[]
HERB003086,卡氏前沟藻,[],[]
HERB003087,,[],[]
HERB003088,卡瓦胡椒,[],[]
HERB003089,卡西亚松,[],[]
HERB003090,卡住巴豆,[],[]
HERB003091,开口箭,[],[]
HERB003092,开罗黄芪,[],[]
HERB003093,开始当归,[],[]
HERB003094,凯特棱柱木,[],[]
HERB003095,,[],[]
HERB003096,勘察加毛连菜,[],[]
HERB003097,,[],[]
HERB003098,康定翠雀花,[],[]
HERB003099,康定玉竹,[],[]
HERB003100,康利鸦胆子,[],[]
HERB003101,糠皮毒毛旋花,[],[]
HERB003102,,[],[]
HERB003103,,[],[]
HERB003104,,[],[]
HERB003105,,[],[]
HERB003106,可可,[],[]
HERB003107,可乐藤黄,[],[]
HERB003108,克雷尼决明,[],[]
HERB003109,,[],[]
HERB003110,,[],[]
HERB003111,,[],[]
HERB003112,,[],[]
HERB003113,,[],[]
HERB003114,,[],[]
HERB003115,,[],[]
HERB003116,,[],[]
HERB003117,磕藤子,[],[]
HERB003118,榼藤子仁,[],[]
HERB003119,科西嘉松,[],[]
HERB003120,,[],[]
HERB003121,,[],[]
HERB003122,,[],[]
HERB003123,肯尼亚没药,[],[]
HERB003124,肯尼亚文殊兰,[],[]
HERB003125,,[],[]
HERB003126,孔雀草,[],[]
HERB003127,孔石莼,[],[]
HERB003128,空心莲子草,[],[]
HERB003129,,[],[]
HERB003130,,[],[]
HERB003131,,[],[]
HERB003132,,[],[]
HERB003133,苦草,[],[]
HERB003134,,[],[]
HERB003135,苦地胆,[],[]
HERB003136,苦地丁,[],[]
HERB003137,苦丁茶,[],[]
HERB003138,苦丁茶冬青,[],[]
HERB003139,苦丁茶冬青,[],[]
HERB003140,苦豆草,[],[]
HERB003141,苦豆根,[],[]
HERB003142,苦豆子,[],[]
HERB003143,苦甘草,[],[]
HERB003144,苦瓜,[],[]
HERB003145,苦蒿,[],[]
HERB003146,,[],[]
HERB003147,苦红菇,[],[]
HERB003148,苦黄瓜,[],[]
HERB003149,苦桔梗,[],"['expectoration.2', 'antipyretic.3']"
HERB003150,苦郎树,[],[]
HERB003151,,[],[]
HERB003152,苦枥木叶,[],[]
HERB003153,苦楝皮,[],[]
HERB003154,,[],[]
HERB003155,苦楝叶,[],[]
HERB003156,苦楝子,[],[]
HERB003157,苦马豆,[],[]
HERB003158,库莽黄堇,[],[]
HERB003159,苦木,[],[]
HERB003160,苦荞麦,[],[]
HERB003161,酷睿龙胆,[],[]
HERB003162,,[],[]
HERB003163,苦山奈,[],[]
HERB003164,苦参,[],[]
HERB003165,苦参碱,[],[]
HERB003166,苦参实,[],[]
HERB003167,苦参,[],[]
HERB003168,苦石莲,[],[]
HERB003169,苦树皮,[],[]
HERB003170,苦檀子,[],[]
HERB003171,苦味堆心菊,[],[]
HERB003172,枯萎远志,[],[]
HERB003173,苦橡树,[],[]
HERB003174,苦杏仁,[],[]
HERB003175,苦玄参,[],[]
HERB003176,,[],[]
HERB003177,,[],[]
HERB003178,库页岛泽兰,[],[]
HERB003179,枯叶乌头,[],[]
HERB003180,苦远志,[],[]
HERB003181,苦蘵,[],[]
HERB003182,块根糙苏,[],[]
HERB003183,快跟垂头菊,[],[]
HERB003184,块茎糙苏,[],[]
HERB003185,,[],[]
HERB003186,块茎马兜铃,[],[]
HERB003187,块茎马利筋,[],[]
HERB003188,块茎水苏,[],[]
HERB003189,块茎西门菲草,[],[]
HERB003190,,[],[]
HERB003191,宽苞十大功劳,[],[]
HERB003192,款冬花,[],[]
HERB003193,宽萼岩风,[],[]
HERB003194,宽舌橐吾,[],[]
HERB003195,宽叶千里光,[],[]
HERB003196,宽叶重楼,[],[]
HERB003197,,[],[]
HERB003198,宽叶阔苞菊,[],[]
HERB003199,宽叶买麻藤,[],[]
HERB003200,宽叶梅远志,[],[]
HERB003201,宽叶千里光,[],[]
HERB003202,宽叶羌活,[],[]
HERB003203,宽叶山月桂,[],[]
HERB003204,,[],[]
HERB003205,宽叶香蒲,[],[]
HERB003206,宽羽线蕨,[],[]
HERB003207,盔瓣耳叶苔,[],[]
HERB003208,,[],[]
HERB003209,魁蒿,[],[]
HERB003210,昆布,[],[]
HERB003211,昆栏树,[],[]
HERB003212,昆明柴胡,[],[]
HERB003213,昆明鸡血藤,[],[]
HERB003214,昆明山海棠,[],[]
HERB003215,昆明香茶菜,[],[]
HERB003216,阔苞菊,[],[]
HERB003217,,[],[]
HERB003218,阔荚合欢,[],[]
HERB003219,阔叶骨碎补,[],[]
HERB003220,阔叶萝芙木,[],[]
HERB003221,阔叶猕猴桃,[],[]
HERB003222,,[],[]
HERB003223,阔叶山麦冬,[],[]
HERB003224,阔叶缬草,[],[]
HERB003225,扩张松叶菊,[],[]
HERB003226,喇叭茶,[],[]
HERB003227,喇叭粉石蕊,[],[]
HERB003228,喇叭状多果蔬,[],[]
HERB003229,辣薄荷,[],[]
HERB003230,辣根,[],[]
HERB003231,,[],[]
HERB003232,辣椒,[],[]
HERB003233,辣椒茎,[],[]
HERB003234,辣椒头,[],[]
HERB003235,,[],[]
HERB003236,辣蓼,[],[]
HERB003237,腊梅花,[],[]
HERB003238,,[],[]
HERB003239,辣乳菇,[],[]
HERB003240,,[],[]
HERB003241,拉直木姜子,[],[]
HERB003242,蜡烛果,[],[]
HERB003243,莱菔,[],[]
HERB003244,莱菔叶,[],[]
HERB003245,莱菔子,[],[]
HERB003246,来江藤,[],[]
HERB003247,,[],[]
HERB003248,,[],[]
HERB003249,十大功劳,[],[]
HERB003250,莱阳梨清膏,[],[]
HERB003251,,[],[]
HERB003252,蓝萼香茶菜,[],[]
HERB003253,,[],[]
HERB003254,蓝黄红谷,[],[]
HERB003255,蓝鲸,[],[]
HERB003256,兰基穿心莲,[],[]
HERB003257,,[],[]
HERB003258,,[],[]
HERB003259,蓝实,[],[]
HERB003260,蓝睡莲,[],[]
HERB003261,,[],[]
HERB003262,兰屿落叶榕,[],[]
HERB003263,狼把草,[],[]
HERB003264,狼把草根,[],[]
HERB003265,,[],[]
HERB003266,莨菪根,[],[]
HERB003267,莨菪叶,[],[]
HERB003268,莨菪子,[],[]
HERB003269,狼毒,[],[]
HERB003270,狼毒大戟,[],[]
HERB003271,狼毒乌头,[],[]
HERB003272,狼杷草,[],[]
HERB003273,榔榆皮,[],[]
HERB003274,老鹳草,[],[]
HERB003275,老牛筋,[],[]
HERB003276,老婆子针线,[],[]
HERB003277,,[],[]
HERB003278,老鼠瓜,[],[]
HERB003279,老鼠簕,[],[]
HERB003280,老鸦柿,[],[]
HERB003281,,[],[]
HERB003282,了哥王根,[],[]
HERB003283,,[],[]
HERB003284,,[],[]
HERB003285,雷波乌头,[],[]
HERB003286,,[],[]
HERB003287,,[],[]
HERB003288,雷公藤,[],[]
HERB003289,肋果沙棘,[],[]
HERB003290,雷士千里光,[],[]
HERB003291,雷丸,[],[]
HERB003292,累叶升麻,[],[]
HERB003293,,[],[]
HERB003294,棱角千里光,[],[]
HERB003295,棱砂贝母,[],[]
HERB003296,,[],[]
HERB003297,冷水丹叶,[],[]
HERB003298,,[],[]
HERB003299,棱枝槲寄生,[],[]
HERB003300,,[],[]
HERB003301,,[],[]
HERB003302,,[],[]
HERB003303,栗柄凤尾蕨,[],[]
HERB003304,栗柄金粉蕨,[],[]
HERB003305,,[],[]
HERB003306,丽春花,[],[]
HERB003307,丽春花果实,[],[]
HERB003308,,[],[]
HERB003309,,[],[]
HERB003310,,[],[]
HERB003311,梨果仙人掌,[],[]
HERB003312,李核仁,[],[]
HERB003313,梨花酒,[],[]
HERB003314,,[],[]
HERB003315,,[],[]
HERB003316,丽江黄芩,[],[]
HERB003317,丽江麻黄,[],[]
HERB003318,丽江前胡,[],[]
HERB003319,丽江乌头,[],[]
HERB003320,,[],[]
HERB003321,黎辣根,[],[]
HERB003322,藜芦,[],[]
HERB003323,,[],[]
HERB003324,,[],[]
HERB003325,,[],[]
HERB003326,,[],[]
HERB003327,米仔兰,[],[]
HERB003328,栎木,[],[]
HERB003329,林静种子文殊兰,[],[]
HERB003330,,[],[]
HERB003331,梨皮,[],[]
HERB003332,,[],[]
HERB003333,,[],[]
HERB003334,梨清膏,[],[]
HERB003335,栗色鼠尾草,[],[]
HERB003336,栗树皮,[],[]
HERB003337,梨蒴珠藓,[],[]
HERB003338,理县香茶菜,[],[]
HERB003339,犁形马勃,[],[]
HERB003340,,[],[]
HERB003341,鲤鱼,[],[]
HERB003342,鲤鱼胆,[],[]
HERB003343,鲤鱼皮,[],[]
HERB003344,荔枝,[],[]
HERB003345,荔枝草,[],[]
HERB003346,荔枝根,[],[]
HERB003347,,[],[]
HERB003348,荔枝核,[],[]
HERB003349,荔枝壳,[],[]
HERB003350,荔枝叶,[],[]
HERB003351,李子,[],[]
HERB003352,,[],[]
HERB003353,莲房,[],[]
HERB003354,莲花,[],[]
HERB003355,莲花金雀儿,[],[]
HERB003356,,[],[]
HERB003357,连米,[],[]
HERB003358,莲蓬草,[],[]
HERB003359,连钱草,[],[]
HERB003360,连钱草,[],[]
HERB003361,连翘,[],[]
HERB003362,连翘根,[],[]
HERB003363,连翘茎叶,[],[]
HERB003364,莲生桂子花,[],[]
HERB003365,连香树,[],[]
HERB003366,连香树果,[],[]
HERB003367,连心麦冬,[],"['dogs.2', 'pressure.3', 'pigs.4']"
HERB003368,,[],[]
HERB003369,莲须,[],[]
HERB003370,莲叶,[],[]
HERB003371,,[],[]
HERB003372,莲叶橐吾,[],[]
HERB003373,楝叶吴茱萸,[],[]
HERB003374,莲衣,[],[]
HERB003375,链珠藤,[],[]
HERB003376,莲子,[],[]
HERB003377,莲子草,[],[]
HERB003378,莲子心,[],[]
HERB003379,莲座革菌,[],[]
HERB003380,,[],[]
HERB003381,,[],[]
HERB003382,,[],[]
HERB003383,两面青,[],[]
HERB003384,两面针,[],[]
HERB003385,,[],[]
HERB003386,两栖蓼,[],[]
HERB003387,凉山杜鹃,[],[]
HERB003388,凉山香茶菜,[],[]
HERB003389,凉思飞燕草,[],[]
HERB003390,凉思飞燕草,[],[]
HERB003391,两头尖,[],[]
HERB003392,亮叶桦皮,[],[]
HERB003393,,[],[]
HERB003394,亮叶岩荳藤,[],[]
HERB003395,蓼大青叶,[],[]
HERB003396,辽东楤木,[],[]
HERB003397,辽东楤木叶,[],[]
HERB003398,辽东松木,[],[]
HERB003399,辽藁本,[],[]
HERB003400,,[],[]
HERB003401,蓼蓝,[],[]
HERB003402,,[],[]
HERB003403,蓼蓝叶,[],[]
HERB003404,辽宁山楂,[],[]
HERB003405,疗伤绒毛花,[],[]
HERB003406,,[],[]
HERB003407,辽细辛,[],[]
HERB003408,,[],[]
HERB003409,列当,[],[]
HERB003410,裂萼苔,[],[]
HERB003411,裂果薯,[],[]
HERB003412,裂蹄木层孔菌,[],[]
HERB003413,,[],[]
HERB003414,裂叶牵牛,[],[]
HERB003415,裂叶野罂粟,[],[]
HERB003416,赤芍,[],[]
HERB003417,,[],[]
HERB003418,,[],[]
HERB003419,,[],[]
HERB003420,林地水苏,[],[]
HERB003421,林地乌头,[],[]
HERB003422,林地向日葵,[],[]
HERB003423,,[],[]
HERB003424,林檎,[],[]
HERB003425,林生山黧豆,[],[]
HERB003426,,[],[]
HERB003427,,[],[]
HERB003428,,[],[]
HERB003429,,[],[]
HERB003430,铃兰,[],[]
HERB003431,零陵香,[],[]
HERB003432,灵猫香,[],[]
HERB003433,,[],[]
HERB003434,岭南杜鹃,[],[]
HERB003435,岭南槐树,[],[]
HERB003436,陵水暗罗,[],[]
HERB003437,灵仙,[],['dysenteriae.2']
HERB003438,灵香草,[],[]
HERB003439,凌霄花,[],[]
HERB003440,菱形常春藤,[],[]
HERB003441,羚羊角,[],"['0.05', 'mice.2', 'rabbits.3']"
HERB003442,菱叶紫菊,[],[]
HERB003443,灵茵陈,[],[]
HERB003444,灵芝,[],[]
HERB003445,灵芝草,[],[]
HERB003446,柳白皮,[],[]
HERB003447,柳穿鱼,[],[]
HERB003448,瘤果紫玉盘,[],[]
HERB003449,硫磺,[],[]
HERB003450,硫磺铁线蕨,[],[]
HERB003451,刘寄奴,[],[]
HERB003452,六角莲,[],[]
HERB003453,留兰香,[],[]
HERB003454,六棱菊,[],[]
HERB003455,琉璃草,[],[]
HERB003456,琉璃繁缕,[],[]
HERB003457,琉璃苣,[],[]
HERB003458,琉球蛇根草,[],[]
HERB003459,,[],[]
HERB003460,柳珊瑚,[],[]
HERB003461,六神曲,[],[]
HERB003462,流苏金石斛,[],[]
HERB003463,,[],[]
HERB003464,流苏石斛,[],[]
HERB003465,瘤突胡椒,[],[]
HERB003466,柳叶白前,[],[]
HERB003467,柳叶菜黄芩,[],[]
HERB003468,柳叶岑,[],[]
HERB003469,柳叶木兰,[],[]
HERB003470,六一散,[],[]
HERB003471,,[],[]
HERB003472,,[],[]
HERB003473,六子赛金莲木,[],[]
HERB003474,,[],[]
HERB003475,龙柏,[],[]
HERB003476,龙齿,[],[]
HERB003477,龙船花,[],[]
HERB003478,龙胆,[],[]
HERB003479,龙胆草,[],[]
HERB003480,龙骨,[],[]
HERB003481,南蒿,[],[]
HERB003482,龙葵,[],[]
HERB003483,龙葵根,[],[]
HERB003484,龙葵子,[],[]
HERB003485,龙脷叶,[],[]
HERB003486,龙脑膏香,[],[]
HERB003487,龙胜香茶菜,[],[]
HERB003488,龙树杜鹃,[],[]
HERB003489,龙吐珠,[],[]
HERB003490,龙涎香,[],[]
HERB003491,龙须草,[],[]
HERB003492,,[],[]
HERB003493,龙须藤,[],[]
HERB003494,龙血树,[],[]
HERB003495,龙牙草,[],[]
HERB003496,龙眼独活,[],[]
HERB003497,龙眼睛,[],[]
HERB003498,龙眼肉,[],[]
HERB003499,龙眼叶,[],[]
HERB003500,娄地青霉,[],[]
HERB003501,漏斗泡囊草,[],[]
HERB003502,蝼蛄,[],[]
HERB003503,漏篮子,[],[]
HERB003504,漏芦,[],[]
HERB003505,,[],[]
HERB003506,鹿鞭,[],[]
HERB003507,路边青,[],[]
HERB003508,路边紫草,[],[]
HERB003509,,[],[]
HERB003510,录播花菱草,[],[]
HERB003511,葎草,[],[]
HERB003512,,[],[]
HERB003513,露翠雀,[],[]
HERB003514,,[],[]
HERB003515,陆地棉,[],[]
HERB003516,陆地棉,[],[]
HERB003517,穭豆,[],[]
HERB003518,绿豆花,[],[]
HERB003519,露兜竻花,[],[]
HERB003520,绿豆皮,[],[]
HERB003521,绿豆芽,[],[]
HERB003522,绿豆叶,[],[]
HERB003523,绿萼梅,[],[]
HERB003524,,[],[]
HERB003525,炉甘石,[],[]
HERB003526,芦根,[],[]
HERB003527,鹿含草,[],[]
HERB003528,芦荟,[],[]
HERB003529,鹿角,[],[]
HERB003530,鹿角菜,[],[]
HERB003531,鹿角胶,[],[]
HERB003532,鹿角漆树,[],[]
HERB003533,鹿角霜,[],[]
HERB003534,,[],[]
HERB003535,路路通,[],[]
HERB003536,鹿茸,[],[]
HERB003537,鹿茸胶,[],[]
HERB003538,露蕊乌头,[],[]
HERB003539,庐山石韦,[],[]
HERB003540,庐山香茶菜,[],[]
HERB003541,,[],[]
HERB003542,卢氏冬凌草,[],[]
HERB003543,露水草,[],[]
HERB003544,,[],[]
HERB003545,,[],[]
HERB003546,,[],[]
HERB003547,鹿胎,[],[]
HERB003548,路唐松草,[],[]
HERB003549,鹿衔草,[],[]
HERB003550,,[],[]
HERB003551,陆英,[],[]
HERB003552,,[],[]
HERB003553,芦竹根,[],[]
HERB003554,露珠香茶菜,[],[]
HERB003555,卵瓣蚤缀,[],[]
HERB003556,乱搭山獐牙菜,[],[]
HERB003557,栾花,[],[]
HERB003558,栾树,[],[]
HERB003559,卵叶槲寄生,[],[]
HERB003560,卵叶胡椒,[],[]
HERB003561,卵叶美登木,[],[]
HERB003562,乱也三褶脉紫菀,[],[]
HERB003563,乱也藤黄,[],[]
HERB003564,,[],[]
HERB003565,卵叶娃儿藤,[],[]
HERB003566,卵叶银莲花,[],[]
HERB003567,卵圆长春花,[],[]
HERB003568,,[],[]
HERB003569,轮环藤,[],[]
HERB003570,,[],[]
HERB003571,萝卜花菱草,[],[]
HERB003572,罗布麻,[],[]
HERB003573,罗布麻叶,[],[]
HERB003574,落得打,[],[]
HERB003575,落地丹草,[],[]
HERB003576,落地生根,[],[]
HERB003577,落萼叶下珠,[],[]
HERB003578,萝芙木,[],[]
HERB003579,萝芙木茎叶,[],[]
HERB003580,罗锅底,[],[]
HERB003581,,[],[]
HERB003582,罗汉果,[],[]
HERB003583,罗汉松实,[],[]
HERB003584,罗汉松叶,[],[]
HERB003585,落花南美肉豆蔻,[],[]
HERB003586,落花生,[],[]
HERB003587,落花生叶,[],[]
HERB003588,落花生油,[],[]
HERB003589,落花生枝叶,[],[]
HERB003590,,[],[]
HERB003591,,[],[]
HERB003592,,[],[]
HERB003593,落葵花,[],[]
HERB003594,落葵薯,[],[]
HERB003595,罗勒,[],[]
HERB003596,罗勒籽,[],[]
HERB003597,萝藦,[],[]
HERB003598,萝藦子,[],[]
HERB003599,罗伞树,[],[]
HERB003600,络石藤,[],[]
HERB003601,,[],[]
HERB003602,骆驼刺,[],[]
HERB003603,骆驼蒿,[],[]
HERB003604,骆驼蓬,[],[]
HERB003605,骆驼蓬子,[],[]
HERB003606,罗西羊耳蒜,[],[]
HERB003607,,[],[]
HERB003608,落新妇,[],[]
HERB003609,螺旋金合欢,[],[]
HERB003610,螺旋藻,[],[]
HERB003611,螺厣草,[],[]
HERB003612,落叶松,[],[]
HERB003613,落叶松也金丝桃,[],[]
HERB003614,落羽杉,[],[]
HERB003615,,[],[]
HERB003616,葎草,[],[]
HERB003617,绿茶,[],[]
HERB003618,绿豆,[],[]
HERB003619,,[],[]
HERB003620,绿海葵,[],[]
HERB003621,,[],[]
HERB003622,驴皮,[],[]
HERB003623,绿绒蒿,[],[]
HERB003624,吕宋果,[],[]
HERB003625,吕宋荚蒾,[],[]
HERB003626,吕宋楸毛,[],[]
HERB003627,绿笋片,[],[]
HERB003628,铝唐松草,[],[]
HERB003629,驴蹄草叶橐吾,[],[]
HERB003630,铝嚏根草,[],[]
HERB003631,绿仙人掌,[],[]
HERB003632,绿原酸,[],[]
HERB003633,驴子山小橘,[],[]
HERB003634,马宝,[],[]
HERB003635,马比木,[],[]
HERB003636,马鞭草,[],[]
HERB003637,马槟榔,[],[]
HERB003638,马勃,[],[]
HERB003639,麻蚕豆,[],[]
HERB003640,,[],[]
HERB003641,马齿苋,[],[]
HERB003642,麻蛋果,[],[]
HERB003643,,[],[]
HERB003644,,[],[]
HERB003645,马岛黄连树,[],[]
HERB003646,,[],[]
HERB003647,马德里绵枣儿,[],[]
HERB003648,马兜铃,[],[]
HERB003649,马督拉猪屎豆,[],[]
HERB003650,马耳山乌头,[],[]
HERB003651,,[],[]
HERB003652,麻风木,[],[]
HERB003653,麻风树,[],[]
HERB003654,麻根,[],[]
HERB003655,马桂花,[],[]
HERB003656,麻花,[],[]
HERB003657,麻花艽,[],[]
HERB003658,麻黄,[],[]
HERB003659,麻黄根,[],[]
HERB003660,,[],[]
HERB003661,,[],[]
HERB003662,,[],[]
HERB003663,,[],[]
HERB003664,马来西亚黄杨木,[],[]
HERB003665,马来西亚买麻藤,[],[]
HERB003666,马来西亚蕊木,[],[]
HERB003667,,[],[]
HERB003668,马兰叶,[],[]
HERB003669,马莲,[],[]
HERB003670,马蔺,[],[]
HERB003671,马蔺子,[],[]
HERB003672,马铃薯,[],[]
HERB003673,马六甲鱼藤,[],[]
HERB003674,麻柳叶,[],[]
HERB003675,马尿泡,[],[]
HERB003676,麻牛膝,[],[]
HERB003677,,[],[]
HERB003678,马皮,[],[]
HERB003679,马钱子,[],[]
HERB003680,马钱子粉,[],[]
HERB003681,马桑,[],[]
HERB003682,马桑根,[],[]
HERB003683,马桑树皮,[],[]
HERB003684,马桑叶,[],[]
HERB003685,马桑与马桑寄生,[],[]
HERB003686,马山前胡,[],[]
HERB003687,,[],[]
HERB003688,,[],[]
HERB003689,马氏芦荟,[],[]
HERB003690,,[],[]
HERB003691,,[],[]
HERB003692,,[],[]
HERB003693,,[],[]
HERB003694,马蹄纹天竺葵,[],[]
HERB003695,马蹄叶,[],[]
HERB003696,马通,[],[]
HERB003697,,[],[]
HERB003698,马尾莲,[],[]
HERB003699,马尾杉,[],[]
HERB003700,马尾松叶,[],[]
HERB003701,麻叶,[],[]
HERB003702,麻叶千里光,[],[]
HERB003703,马银花,[],[]
HERB003704,麻油,[],[]
HERB003705,,[],[]
HERB003706,马桩赛亚麻,[],[]
HERB003707,麻子仁,[],[]
HERB003708,麦冬,[],[]
HERB003709,麦兜草,[],[]
HERB003710,麦家公,[],[]
HERB003711,麦角,[],[]
HERB003712,,[],[]
HERB003713,买麻藤,[],[]
HERB003714,麦仙翁,[],[]
HERB003715,麦芽,[],[]
HERB003716,麦芽麯,[],[]
HERB003717,,[],[]
HERB003718,,[],[]
HERB003719,,[],[]
HERB003720,蔓长春花,[],[]
HERB003721,,[],[]
HERB003722,,[],[]
HERB003723,满江红,[],[]
HERB003724,蔓荆叶,[],[]
HERB003725,蔓荆子,[],[]
HERB003726,蔓九节,[],[]
HERB003727,鳗鲡鱼,[],[]
HERB003728,,[],[]
HERB003729,曼尼普尔十大功劳,[],[]
HERB003730,满山红,[],[]
HERB003731,满山红油,[],[]
HERB003732,蔓生卷柏,[],[]
HERB003733,,[],[]
HERB003734,蔓藤黄,[],[]
HERB003735,曼陀罗根,[],[]
HERB003736,曼陀罗叶,[],[]
HERB003737,曼陀罗子,[],[]
HERB003738,蔓性千斤拔,[],[]
HERB003739,蔓枝龙胆,[],[]
HERB003740,杧果,[],[]
HERB003741,杧果核,[],[]
HERB003742,杧果树皮,[],[]
HERB003743,杧果叶,[],[]
HERB003744,,[],[]
HERB003745,牻牛儿苗,[],[]
HERB003746,芒萁骨,[],[]
HERB003747,蟒蛇,[],[]
HERB003748,芒硝,[],['Na2SO4.10']
HERB003749,毛八角枫,[],[]
HERB003750,毛白杨,[],[]
HERB003751,毛草龙,[],[]
HERB003752,茅草叶,[],[]
HERB003753,毛唇贝母兰,[],[]
HERB003754,毛刺锦鸡儿,[],[]
HERB003755,毛大丁草,[],[]
HERB003756,猫倒地铃,[],[]
HERB003757,毛地黄,[],[]
HERB003758,毛地黄鼠尾草,[],[]
HERB003759,毛地钱,[],[]
HERB003760,毛冬青,[],[]
HERB003761,毛豆,[],[]
HERB003762,毛独行菜,[],[]
HERB003763,毛萼莓,[],[]
HERB003764,毛萼香茶菜,[],[]
HERB003765,茅膏菜,[],[]
HERB003766,茅根,[],[]
HERB003767,毛梗红毛五加,[],[]
HERB003768,毛梗豨莶,[],[]
HERB003769,毛梗狭叶香茶菜,[],[]
HERB003770,毛钩藤,[],[]
HERB003771,毛贯众,[],[]
HERB003772,毛果地锦,[],[]
HERB003773,毛果杜鹃,[],[]
HERB003774,毛果含笑,[],[]
HERB003775,毛果马利筋,[],[]
HERB003776,毛果槭,[],[]
HERB003777,毛果芍药,[],[]
HERB003778,毛果算盘子,[],[]
HERB003779,,[],[]
HERB003780,毛果香茶菜,[],[]
HERB003781,毛果杨,[],[]
HERB003782,毛果翼核果,[],[]
HERB003783,毛果一枝黄花,[],[]
HERB003784,毛果鱼藤,[],[]
HERB003785,毛果芸香碱,[],[]
HERB003786,毛杭子梢,[],[]
HERB003787,毛诃子,[],[]
HERB003788,毛喉鞘蕊花,[],[]
HERB003789,毛花毛地黄,[],[]
HERB003790,毛花猕猴桃,[],[]
HERB003791,,[],[]
HERB003792,,[],[]
HERB003793,毛剪秋罗,[],[]
HERB003794,毛节缬草,[],[]
HERB003795,,[],[]
HERB003796,毛莲蒿,[],[]
HERB003797,毛裂蜂斗菜,[],[]
HERB003798,毛马齿苋,[],[]
HERB003799,毛脉蓼,[],[]
HERB003800,毛脉吴茱萸,[],[]
HERB003801,毛曼陀罗根,[],[]
HERB003802,毛曼陀罗花,[],[]
HERB003803,毛曼陀罗叶,[],[]
HERB003804,毛曼陀罗子,[],[]
HERB003805,,[],[]
HERB003806,毛泡桐,[],[]
HERB003807,毛韧革菌,[],[]
HERB003808,毛蕊花,[],[]
HERB003809,,[],[]
HERB003810,毛山楂,[],[]
HERB003811,毛使君子,[],[]
HERB003812,毛薯,[],[]
HERB003813,,[],[]
HERB003814,,[],[]
HERB003815,毛头乳菇,[],[]
HERB003816,,[],[]
HERB003817,毛线柱苣苔,[],[]
HERB003818,,[],[]
HERB003819,,[],[]
HERB003820,猫须草,[],[]
HERB003821,猫眼草,[],[]
HERB003822,毛杨梅,[],[]
HERB003823,毛叶巴豆,[],[]
HERB003824,毛叶番荔枝,[],[]
HERB003825,毛叶假鹰爪根,[],[]
HERB003826,毛叶藜芦,[],[]
HERB003827,毛叶石楠,[],[]
HERB003828,毛叶威灵仙,[],[]
HERB003829,毛叶卫矛,[],[]
HERB003830,毛叶香茶菜,[],[]
HERB003831,毛鱼藤,[],[]
HERB003832,毛獐牙菜,[],[]
HERB003833,,[],[]
HERB003834,毛枝卷柏,[],[]
HERB003835,毛柱马钱,[],[]
HERB003836,毛竹叶花椒,[],[]
HERB003837,猫爪草,[],[]
HERB003838,美观马先蒿,[],[]
HERB003839,玫瑰红景天,[],[]
HERB003840,玫瑰花,[],[]
HERB003841,,[],[]
HERB003842,美国薄荷,[],[]
HERB003843,,[],[]
HERB003844,,[],[]
HERB003845,,[],[]
HERB003846,美国青藤,[],[]
HERB003847,美国山核桃,[],[]
HERB003848,美国夏腊梅,[],[]
HERB003849,,[],[]
HERB003850,,[],[]
HERB003851,梅花,[],[]
HERB003852,美花风毛菊,[],[]
HERB003853,美花石斛,[],[]
HERB003854,,[],[]
HERB003855,美丽番红花,[],[]
HERB003856,美丽海罂粟,[],[]
HERB003857,美丽荷包牡丹,[],[]
HERB003858,美丽红豆杉,[],[]
HERB003859,,[],[]
HERB003860,美丽金丝桃,[],[]
HERB003861,美丽马利筋,[],[]
HERB003862,美丽马醉木,[],[]
HERB003863,美丽帽柱木,[],[]
HERB003864,,[],[]
HERB003865,美丽藤黄,[],[]
HERB003866,美丽新木姜子,[],[]
HERB003867,美丽旋复花,[],[]
HERB003868,,[],[]
HERB003869,美丽银背藤,[],[]
HERB003870,,[],[]
HERB003871,美丽猪屎豆,[],[]
HERB003872,美商陆,[],[]
HERB003873,美穗小檗,[],[]
HERB003874,,[],[]
HERB003875,美特你杜鹃花,[],[]
HERB003876,美味红菇,[],[]
HERB003877,美味猕猴桃,[],[]
HERB003878,,[],[]
HERB003879,,[],[]
HERB003880,美洲檫木,[],[]
HERB003881,美洲刺参,[],[]
HERB003882,美洲刺桐,[],[]
HERB003883,梅州甘草,[],[]
HERB003884,梅州观音莲,[],[]
HERB003885,梅州花椒?,[],[]
HERB003886,美洲金露梅,[],[]
HERB003887,美洲金缕梅,[],[]
HERB003888,美洲苦木,[],[]
HERB003889,,[],[]
HERB003890,,[],[]
HERB003891,美洲南蛇藤,[],[]
HERB003892,,[],[]
HERB003893,,[],[]
HERB003894,美洲豚草,[],[]
HERB003895,美洲血根草,[],[]
HERB003896,美洲野百合,[],[]
HERB003897,,[],[]
HERB003898,蜢虫,[],[]
HERB003899,蒙大拿春黄菊,[],[]
HERB003900,蒙大拿山小橘,[],[]
HERB003901,蒙大拿芸香,[],[]
HERB003902,,[],[]
HERB003903,蒙古糙苏,[],[]
HERB003904,,[],[]
HERB003905,蒙古侧金盏花,[],[]
HERB003906,蒙古风毛菊,[],[]
HERB003907,蒙古蒿,[],[]
HERB003908,蒙古黄芪,[],[]
HERB003909,蒙古栎,[],[]
HERB003910,蒙古山萝卜,[],[]
HERB003911,蒙古绣线菊,[],[]
HERB003912,孟买肉豆蔻,[],[]
HERB003913,,[],[]
HERB003914,礞石,[],[]
HERB003915,蒙自草胡椒,[],[]
HERB003916,孟宗竹,[],[]
HERB003917,迷迭香,[],[]
HERB003918,迷迭香叶千里光,[],[]
HERB003919,美国黄瓜,[],[]
HERB003920,米蒿,[],[]
HERB003921,猕猴梨,[],[]
HERB003922,猕猴梨根,[],[]
HERB003923,猕猴桃,[],[]
HERB003924,猕猴桃根,[],[]
HERB003925,猕猴桃藤中汁,[],[]
HERB003926,猕猴桃枝叶,[],[]
HERB003927,密花豆,[],[]
HERB003928,,[],[]
HERB003929,密花美登木,[],[]
HERB003930,密花石豆兰,[],[]
HERB003931,密花石斛,[],[]
HERB003932,米花豚草,[],[]
HERB003933,密花娃儿藤,[],[]
HERB003934,,[],[]
HERB003935,密花岩风,[],[]
HERB003936,蜜环菌,[],[]
HERB003937,,[],[]
HERB003938,米酒,[],[]
HERB003939,,[],[]
HERB003940,密脉鹅掌柴,[],[]
HERB003941,密蒙花,[],[]
HERB003942,米皮糠,[],[]
HERB003943,,[],[]
HERB003944,密伞千里光,[],[]
HERB003945,马钱子,[],[]
HERB003946,,[],[]
HERB003947,,[],[]
HERB003948,米碎花蛇鞭菊,[],[]
HERB003949,,[],[]
HERB003950,,[],[]
HERB003951,米籽兰,[],[]
HERB003952,面包果,[],[]
HERB003953,绵萆薢,[],[]
HERB003954,面根藤,[],[]
HERB003955,棉花,[],[]
HERB003956,棉花根,[],[]
HERB003957,棉花壳,[],[]
HERB003958,棉花子,[],[]
HERB003959,,[],[]
HERB003960,棉麻,[],[]
HERB003961,绵马贯众,[],[]
HERB003962,,[],[]
HERB003963,迷案毛果香茶菜,[],[]
HERB003964,绵毛黄芪,[],[]
HERB003965,绵毛马兜铃,[],[]
HERB003966,绵毛娃儿藤,[],[]
HERB003967,,[],[]
HERB003968,冕宁乌头,[],[]
HERB003969,,[],[]
HERB003970,绵头雪莲花,[],[]
HERB003971,,[],[]
HERB003972,檰芽,[],[]
HERB003973,棉叶麻风树,[],[]
HERB003974,棉枣,[],[]
HERB003975,绵枣儿,[],[]
HERB003976,棉籽油,[],[]
HERB003977,,[],[]
HERB003978,闽皖八角,[],[]
HERB003979,明党参,[],[]
HERB003980,明矾,[],"['1%', '10%', '2%']"
HERB003981,松叶菊,[],[]
HERB003982,长柱琉璃草,[],[]
HERB003983,,[],[]
HERB003984,,[],[]
HERB003985,蘑菇,[],[]
HERB003986,膜果麻黄,[],[]
HERB003987,,[],[]
HERB003988,墨旱莲,[],[]
HERB003989,,[],[]
HERB003990,莫雷南洋参,[],[]
HERB003991,茉莉花,[],[]
HERB003992,,[],[]
HERB003993,莫罗氏忍冬,[],[]
HERB003994,磨盘草,[],[]
HERB003995,莫桑比克美登木,[],[]
HERB003996,没食子,[],[]
HERB003997,墨炭,[],[]
HERB003998,,[],[]
HERB003999,,[],[]
HERB004000,墨西哥落羽杉,[],[]
HERB004001,墨西哥向日葵,[],[]
HERB004002,,[],[]
HERB004003,抹香鲸,[],[]
HERB004004,没药,[],[]
HERB004005,,[],[]
HERB004006,,[],[]
HERB004007,,[],[]
HERB004008,木半夏根,[],[]
HERB004009,木鳖子,[],[]
HERB004010,木鳖根,[],[]
HERB004011,木鳖子,[],[]
HERB004012,木柴胡,[],[]
HERB004013,牡丹皮,[],[]
HERB004014,牧地香豌豆,[],[]
HERB004015,母丁香,[],[]
HERB004016,牧豆树,[],[]
HERB004017,木耳,[],[]
HERB004018,木耳毒马草,[],[]
HERB004019,木防己,[],[]
HERB004020,木芙蓉花,[],[]
HERB004021,木瓜,[],[]
HERB004022,木瓜根,[],[]
HERB004023,木瓜核,[],[]
HERB004024,木瓜枝,[],[]
HERB004025,木桂,[],[]
HERB004026,牡蒿,[],[]
HERB004027,牡蒿根,[],[]
HERB004028,木荷,[],[]
HERB004029,木蝴蝶,[],[]
HERB004030,木瑚蝶树皮,[],[]
HERB004031,母鸡,[],[]
HERB004032,木槿根,[],[]
HERB004033,木槿花,[],[]
HERB004034,木槿皮,[],[]
HERB004035,木槿叶,[],[]
HERB004036,牡荆子,[],[]
HERB004037,牡荆根,[],[]
HERB004038,牡荆根,[],[]
HERB004039,牡荆,[],[]
HERB004040,牡荆叶,[],"['0.52', '1.73', 'mice.2', '1.04', 'ammonia.3']"
HERB004041,牡荆油,[],[]
HERB004042,牡荆子,[],[]
HERB004043,木菊,[],[]
HERB004044,,[],[]
HERB004045,,[],[]
HERB004046,穆库尔没药,[],[]
HERB004047,木兰,[],[]
HERB004048,,[],[]
HERB004049,木榄,[],[]
HERB004050,牡蛎,[],[]
HERB004051,木藜芦,[],[]
HERB004052,牡蛎肉,[],[]
HERB004053,牧马豆,[],[]
HERB004054,木麻黄,[],[]
HERB004055,木棉花,[],[]
HERB004056,木薯地上部分,[],[]
HERB004057,木藤蓼,[],[]
HERB004058,木蹄层孔菌,[],[]
HERB004059,木天蓼,[],[]
HERB004060,木通,[],[]
HERB004061,木通根,[],[]
HERB004062,木茼蒿,[],[]
HERB004063,墓头回,[],[]
HERB004064,木香,[],[]
HERB004065,苜蓿,[],[]
HERB004066,苜蓿根,[],[]
HERB004067,木叶龙胆,[],[]
HERB004068,木贼,[],[]
HERB004069,木贼麻黄,[],[]
HERB004070,,[],[]
HERB004071,,[],[]
HERB004072,,[],[]
HERB004073,,[],[]
HERB004074,拿腾,[],[]
HERB004075,拿腾果,[],[]
HERB004076,奶桑,[],[]
HERB004077,南川冠唇花,[],[]
HERB004078,南川鹭鸶草,[],[]
HERB004079,南川升麻,[],[]
HERB004080,,[],[]
HERB004081,南丹参,[],[]
HERB004082,,[],[]
HERB004083,南方琉璃草,[],[]
HERB004084,,[],[]
HERB004085,南方欧石楠,[],[]
HERB004086,南方菟丝子,[],[]
HERB004087,,[],[]
HERB004088,南非钩麻,[],[]
HERB004089,,[],[]
HERB004090,,[],[]
HERB004091,南瓜,[],[]
HERB004092,南瓜子,[],[]
HERB004093,南鹤虱,[],[]
HERB004094,,[],[]
HERB004095,南轮环藤,[],[]
HERB004096,南美防己,[],[]
HERB004097,南美牛奶菜,[],[]
HERB004098,,[],[]
HERB004099,楠木,[],[]
HERB004100,南欧丹参,[],[]
HERB004101,,[],[]
HERB004102,南沙参,[],[]
HERB004103,南山花,[],[]
HERB004104,南山藤,[],[]
HERB004105,南蛇藤,[],[]
HERB004106,南蛇藤根,[],[]
HERB004107,南蛇藤果,[],[]
HERB004108,南蛇藤叶子,[],[]
HERB004109,,[],[]
HERB004110,南苏格兰嘉善罗,[],[]
HERB004111,南酸枣,[],[]
HERB004112,南天竹根,[],[]
HERB004113,南天竹梗,[],[]
HERB004114,南天竹叶,[],[]
HERB004115,南天竹子,[],[]
HERB004116,,[],[]
HERB004117,南投秋海棠,[],[]
HERB004118,南五味子,[],[]
HERB004119,,[],[]
HERB004120,南亚含笑,[],[]
HERB004121,南印度穿心莲,[],[]
HERB004122,南印度苏铁树果,[],[]
HERB004123,,[],[]
HERB004124,囊盖丝瓜,[],[]
HERB004125,囊状毛蕊花,[],[]
HERB004126,囊状紫檀,[],[]
HERB004127,硇砂,[],[]
HERB004128,脑石,[],[]
HERB004129,闹羊花,[],[]
HERB004130,闹羊花子,[],[]
HERB004131,内风消,[],[]
HERB004132,美国白梣,[],[]
HERB004133,,[],[]
HERB004134,内南五味子,[],[]
HERB004135,内折香茶菜,[],[]
HERB004136,嫩叶九里香,[],[]
HERB004137,,[],[]
HERB004138,,[],[]
HERB004139,,[],[]
HERB004140,尼泊尔独活,[],[]
HERB004141,尼泊尔老鹳草,[],[]
HERB004142,,[],[]
HERB004143,,[],[]
HERB004144,尼泊尔嵩草,[],[]
HERB004145,尼泊尔五头蛇,[],[]
HERB004146,尼泊尔羊蹄,[],[]
HERB004147,尼泊金乙酯,[],[]
HERB004148,,[],[]
HERB004149,泥东风螺,[],[]
HERB004150,尼古拉矢车菊,[],[]
HERB004151,,[],[]
HERB004152,泥胡菜,[],[]
HERB004153,拟金盏菊,[],[]
HERB004154,尼罗河柽柳,[],[]
HERB004155,尼罗河金银莲,[],[]
HERB004156,,[],[]
HERB004157,泥炭藓,[],[]
HERB004158,拟玉龙乌头,[],[]
HERB004159,泥沼木姜子,[],[]
HERB004160,年报春,[],[]
HERB004161,,[],[]
HERB004162,粘毛鼠尾草,[],[]
HERB004163,粘委陵菜,[],[]
HERB004164,粘性果实酸姜,[],[]
HERB004165,粘性土木香,[],[]
HERB004166,,[],[]
HERB004167,,[],[]
HERB004168,鲶鱼须,[],[]
HERB004169,鲶鱼,[],[]
HERB004170,,[],[]
HERB004171,,[],[]
HERB004172,尿泡草,[],[]
HERB004173,宁扁萼苔烯,[],[]
HERB004174,,[],[]
HERB004175,宁国贝母,[],[]
HERB004176,柠檬,[],[]
HERB004177,柠檬桉叶,[],[]
HERB004178,柠檬根,[],[]
HERB004179,柠檬皮,[],[]
HERB004180,柠檬酸,[],[]
HERB004181,柠檬叶,[],[]
HERB004182,宁夏贝母,[],[]
HERB004183,宁夏枸杞根皮,[],[]
HERB004184,宁夏枸杞子,[],[]
HERB004185,,[],[]
HERB004186,,[],[]
HERB004187,牛蒡根,[],[]
HERB004188,牛蒡茎叶,[],[]
HERB004189,牛蒡叶,[],[]
HERB004190,,[],[]
HERB004191,牛蒡子,[],[]
HERB004192,牛鞭,[],[]
HERB004193,牛大力,[],[]
HERB004194,牛胆,[],[]
HERB004195,牛耳大黄,[],[]
HERB004196,牛耳枫子,[],[]
HERB004197,牛防风,[],[]
HERB004198,牛肺,[],[]
HERB004199,牛肝,[],[]
HERB004200,,[],[]
HERB004201,牛黄,[],[]
HERB004202,牛筋果,[],[]
HERB004203,牛津千里光,[],[]
HERB004204,牛筋条,[],[]
HERB004205,牛脑,[],[]
HERB004206,牛皮茶,[],[]
HERB004207,扭曲松叶菊,[],[]
HERB004208,扭曲一根草,[],[]
HERB004209,牛乳,[],[]
HERB004210,牛舌草,[],[]
HERB004211,牛舌头,[],[]
HERB004212,牛肾,[],[]
HERB004213,牛蹄豆,[],[]
HERB004214,牛尾菜,[],[]
HERB004215,牛尾草香茶菜,[],[]
HERB004216,牛尾独活,[],[]
HERB004217,牛尾蒿,[],[]
HERB004218,牛膝,[],[]
HERB004219,牛膝茎叶,[],[]
HERB004220,牛西西,[],[]
HERB004221,牛心番荔枝,[],[]
HERB004222,牛心粉,[],[]
HERB004223,,[],[]
HERB004224,牛心茄子,[],[]
HERB004225,牛玄金合欢,[],[]
HERB004226,牛血,[],[]
HERB004227,牛眼马钱,[],[]
HERB004228,牛眼蟛蜞菊,[],[]
HERB004229,,[],[]
HERB004230,,[],[]
HERB004231,,[],[]
HERB004232,农吉利,[],[]
HERB004233,,[],[]
HERB004234,怒江山茶,[],[]
HERB004235,女贞根,[],[]
HERB004236,女贞叶,[],[]
HERB004237,女贞子,[],"['mice.2', 'pressure.3', 'vitro.4', 'vitro.5']"
HERB004238,糯稻,[],[]
HERB004239,糯稻根,[],[]
HERB004240,,[],[]
HERB004241,女贞小蜡树,[],[]
HERB004242,女贞子,[],[]
HERB004243,,[],[]
HERB004244,藕,[],[]
HERB004245,欧薄荷,[],[]
HERB004246,欧藏珠,[],[]
HERB004247,欧当归,[],[]
HERB004248,欧地笋,[],[]
HERB004249,欧丁香,[],[]
HERB004250,欧防风,[],[]
HERB004251,藕节,[],[]
HERB004252,欧锦葵,[],[]
HERB004253,欧莨菪,[],[]
HERB004254,,[],[]
HERB004255,欧列当,[],[]
HERB004256,偶曼陀罗根,[],[]
HERB004257,,[],[]
HERB004258,欧绵马,[],[]
HERB004259,欧前胡,[],[]
HERB004260,欧石楠,[],[]
HERB004261,欧鼠李,[],[]
HERB004262,藕炭,[],[]
HERB004263,,[],[]
HERB004264,,[],[]
HERB004265,欧细辛,[],[]
HERB004266,欧夏至草,[],[]
HERB004267,欧亚甘草,[],[]
HERB004268,欧亚槭,[],[]
HERB004269,欧亚瑞香,[],[]
HERB004270,欧泽芹,[],[]
HERB004271,藕汁,[],[]
HERB004272,欧洲白蜡树,[],[]
HERB004273,欧洲白栎,[],[]
HERB004274,欧洲赤松,[],[]
HERB004275,欧洲刺柏,[],[]
HERB004276,欧洲刺柏变种,[],[]
HERB004277,欧洲独活,[],[]
HERB004278,欧洲花楸,[],[]
HERB004279,欧洲夹竹桃,[],[]
HERB004280,欧洲蕨,[],[]
HERB004281,欧洲蓝茉莉?,[],[]
HERB004282,欧洲冷杉,[],[]
HERB004283,欧洲李,[],[]
HERB004284,欧洲耧斗菜,[],[]
HERB004285,欧洲马兜铃,[],[]
HERB004286,欧洲蜜蜂花,[],[]
HERB004287,欧洲没药,[],[]
HERB004288,欧洲女贞,[],[]
HERB004289,欧洲萍逢草,[],[]
HERB004290,欧洲萍逢草,[],[]
HERB004291,欧洲桤木,[],[]
HERB004292,欧洲七叶树,[],[]
HERB004293,欧洲千里光,[],[]
HERB004294,欧洲山芥,[],[]
HERB004295,欧洲山杨,[],[]
HERB004296,欧洲省沽油,[],[]
HERB004297,欧洲水青冈,[],[]
HERB004298,欧洲菘蓝,[],[]
HERB004299,,[],[]
HERB004300,欧洲卫矛,[],[]
HERB004301,欧洲仙客来,[],[]
HERB004302,欧洲小檗,[],[]
HERB004303,欧洲云杉,[],[]
HERB004304,,[],[]
HERB004305,,[],[]
HERB004306,,[],[]
HERB004307,帕克夜香树,[],[]
HERB004308,帕里北方十大功劳,[],[]
HERB004309,,[],[]
HERB004310,排钱草,[],[]
HERB004311,排钱草根,[],[]
HERB004312,攀援臭黄荆,[],[]
HERB004313,攀援鱼藤,[],[]
HERB004314,攀枝钩藤,[],[]
HERB004315,潘庄叶下珠,[],[]
HERB004316,胖大海,[],[]
HERB004317,胖大海,[],[]
HERB004318,螃蟹,[],[]
HERB004319,炮弹果,[],[]
HERB004320,炮附子,[],"['aconitine.2', 'flow.3', 'sedatives.4', 'cholesterol.5', '0.295', '17.42', 'orally.6']"
HERB004321,炮诃子,[],[]
HERB004322,炮姜,[],[]
HERB004323,泡囊草,[],[]
HERB004324,泡泡树,[],[]
HERB004325,炮山甲,[],[]
HERB004326,泡桐,[],[]
HERB004327,泡桐果,[],[]
HERB004328,泡桐花,[],[]
HERB004329,泡状番荔枝,[],[]
HERB004330,佩兰,[],[]
HERB004331,,[],[]
HERB004332,,[],[]
HERB004333,喷瓜,[],[]
HERB004334,盆架树,[],[]
HERB004335,,[],[]
HERB004336,蓬莪术,[],[]
HERB004337,蓬莱草,[],[]
HERB004338,蟛蜞菊,[],[]
HERB004339,硼砂,[],[]
HERB004340,,[],[]
HERB004341,彭县雪胆,[],[]
HERB004342,蓬子菜,[],[]
HERB004343,脾寒草,[],[]
HERB004344,脾寒草根?,[],[]
HERB004345,啤酒花,[],[]
HERB004346,啤酒花菟丝子,[],[]
HERB004347,霹雳萝芙木,[],[]
HERB004348,枇杷,[],[]
HERB004349,枇杷核,[],[]
HERB004350,枇杷叶,[],[]
HERB004351,皮契茄,[],[]
HERB004352,皮哨子,[],[]
HERB004353,,[],[]
HERB004354,铍针杜茎山,[],[]
HERB004355,,[],[]
HERB004356,,[],[]
HERB004357,披针叶钩藤,[],[]
HERB004358,披针叶黄肉楠,[],[]
HERB004359,披针叶南五味子,[],[]
HERB004360,偏翅唐松草,[],[]
HERB004361,偏翅唐松草根,[],[]
HERB004362,片姜黄,[],[]
HERB004363,飘拂草,[],[]
HERB004364,苤蓝,[],[]
HERB004365,,[],[]
HERB004366,平贝母,[],[]
HERB004367,平车前,[],[]
HERB004368,,[],[]
HERB004369,,[],[]
HERB004370,瓶尔小草,[],[]
HERB004371,萍逢草,[],[]
HERB004372,苹果,[],[]
HERB004373,苹果海棠,[],[]
HERB004374,平滑发亮钩藤,[],[]
HERB004375,平滑蜂斗菜,[],[]
HERB004376,,[],[]
HERB004377,,[],[]
HERB004378,萍蓬草,[],[]
HERB004379,,[],[]
HERB004380,平千里光,[],[]
HERB004381,平卧稻花,[],[]
HERB004382,平羽凤尾蕨,[],[]
HERB004383,平原巴豆,[],[]
HERB004384,平展角茴香,[],[]
HERB004385,,[],[]
HERB004386,破布叶,[],[]
HERB004387,破故纸,[],[]
HERB004388,婆罗门皂荚,[],[]
HERB004389,婆罗洲钩藤,[],[]
HERB004390,,[],[]
HERB004391,铺地蜈蚣,[],[]
HERB004392,,[],[]
HERB004393,普洱茶,[],[]
HERB004394,普尔迪罗汉松,[],[]
HERB004395,扑尔敏,[],[]
HERB004396,匍匐筋骨草,[],[]
HERB004397,匍匐茎兔耳草,[],[]
HERB004398,匍匐枪刀药,[],[]
HERB004399,匍匐十大功劳,[],[]
HERB004400,普格乌头,[],[]
HERB004401,蒲公英,[],[]
HERB004402,蒲黄,[],[]
HERB004403,蒲黄炭,[],[]
HERB004404,,[],[]
HERB004405,,[],[]
HERB004406,葡萄,[],[]
HERB004407,葡萄,[],[]
HERB004408,,[],[]
HERB004409,葡萄糖,[],[]
HERB004410,葡萄藤叶,[],[]
HERB004411,葡萄叶木槿,[],[]
HERB004412,葡萄柚,[],[]
HERB004413,葡萄柚大红菊杂交种,[],[]
HERB004414,菩提树花,[],[]
HERB004415,,[],[]
HERB004416,普通苍耳?,[],[]
HERB004417,普通鹿蹄草,[],[]
HERB004418,普通豚草,[],[]
HERB004419,普通悬钩子,[],[]
HERB004420,普通远志,[],[]
HERB004421,普通獐牙菜,[],[]
HERB004422,浦叶山悠子,[],[]
HERB004423,欧洲葡萄,[],[]
HERB004424,蒲桃,[],[]
HERB004425,祁白芷,[],[]
HERB004426,蛴螬,[],[]
HERB004427,齐墩果,[],[]
HERB004428,齐墩果酸,[],[]
HERB004429,漆姑草,[],[]
HERB004430,七国九里香?,[],[]
HERB004431,七国千里香,[],[]
HERB004432,,[],[]
HERB004433,麒麟菜,[],[]
HERB004434,麒麟竭,[],[]
HERB004435,畦畔莎草,[],[]
HERB004436,蕲蛇,[],[]
HERB004437,,[],[]
HERB004438,七叶黄皮,[],[]
HERB004439,七叶莲,[],[]
HERB004440,槭叶盘果菊,[],[]
HERB004441,七叶树,[],[]
HERB004442,七叶一枝花,[],[]
HERB004443,奇异葡萄风信子,[],[]
HERB004444,祁州一枝蒿,[],[]
HERB004445,杞子,[],[]
HERB004446,茜草,[],[]
HERB004447,茜草根,[],[]
HERB004448,茜草藤,[],[]
HERB004449,千层塔,[],[]
HERB004450,铅丹,[],[]
HERB004451,铅粉,[],[]
HERB004452,头花千金藤,[],[]
HERB004453,前胡,[],[]
HERB004454,浅灰钩藤,[],[]
HERB004455,浅灰毛冠菊,[],[]
HERB004456,千解草,[],[]
HERB004457,千斤拔,[],[]
HERB004458,千金花,[],[]
HERB004459,千金藤,[],[]
HERB004460,千金子,[],[]
HERB004461,千金子霜,[],['oil.2']
HERB004462,千里光,[],[]
HERB004463,浅裂鳞毛蕨,[],[]
HERB004464,黔岭淫羊藿,[],[]
HERB004465,荨麻,[],[]
HERB004466,,[],[]
HERB004467,千年不烂心,[],[]
HERB004468,千年健,[],[]
HERB004469,牵牛子,[],[]
HERB004470,千屈菜,[],[]
HERB004471,千日红,[],[]
HERB004472,芡实,[],[]
HERB004473,芡实根,[],[]
HERB004474,芡实茎,[],[]
HERB004475,芡实叶,[],[]
HERB004476,,[],[]
HERB004477,,[],[]
HERB004478,,[],[]
HERB004479,羌活,[],[]
HERB004480,蜣螂,[],[]
HERB004481,蔷薇根,[],[]
HERB004482,,[],[]
HERB004483,鞘柄菝葜,[],[]
HERB004484,巧茶,[],[]
HERB004485,,[],[]
HERB004486,,[],[]
HERB004487,,[],[]
HERB004488,荞麦,[],[]
HERB004489,荞麦秸,[],[]
HERB004490,乔木刺桐,[],[]
HERB004491,乔木胡椒,[],[]
HERB004492,乔木芍药,[],[]
HERB004493,乔木状黄牛木,[],[]
HERB004494,,[],[]
HERB004495,,[],[]
HERB004496,乔木紫珠,[],[]
HERB004497,鞘石豆兰,[],[]
HERB004498,荞头,[],[]
HERB004499,茄蒂,[],[]
HERB004500,茄根,[],[]
HERB004501,茄花,[],[]
HERB004502,茄叶,[],[]
HERB004503,茄子,[],[]
HERB004504,芹菜,[],[]
HERB004505,秦蒿,[],[]
HERB004506,,[],[]
HERB004507,秦艽,[],[]
HERB004508,秦艽花,[],[]
HERB004509,秦岭白蜡树,[],[]
HERB004510,秦岭翠雀花,[],[]
HERB004511,,[],[]
HERB004512,秦岭珠子参,[],[]
HERB004513,秦皮,[],"['staphylococcus.2', 'expectorant.3', 'mice.4', 'vitro.5']"
HERB004514,,[],[]
HERB004515,,[],[]
HERB004516,青黛,[],['cancer.3']
HERB004517,轻粉,[],[]
HERB004518,青风藤,[],[]
HERB004519,青果,[],[]
HERB004520,青蒿,[],[]
HERB004521,青蒿根,[],[]
HERB004522,青蒿子,[],['chloroquine.2']
HERB004523,青椒,[],[]
HERB004524,青金石,[],[]
HERB004525,清凉百合,[],[]
HERB004526,青龙齿,[],[]
HERB004527,苘麻子,[],[]
HERB004528,青梅,[],[]
HERB004529,青礞石,[],[]
HERB004530,清明花,[],[]
HERB004531,青木香,[],[]
HERB004532,青娘子,[],[]
HERB004533,青牛胆,[],[]
HERB004534,青皮,[],['antiasthmatic.2']
HERB004535,青钱柳,[],[]
HERB004536,青蛇藤,[],[]
HERB004537,青蒜,[],[]
HERB004538,青藤香,[],[]
HERB004539,青天葵,[],[]
HERB004540,青蛙,[],[]
HERB004541,青蛙蛋,[],[]
HERB004542,清香木姜子,[],[]
HERB004543,青葙子,[],[]
HERB004544,,[],[]
HERB004545,清洋参,[],[]
HERB004546,青叶胆,[],[]
HERB004547,青子牵牛,[],[]
HERB004548,青紫苏,[],[]
HERB004549,秋枫木,[],[]
HERB004550,秋福寿草,[],[]
HERB004551,球花党参,[],[]
HERB004552,球花牛奶菜,[],[]
HERB004553,球花醉鱼草,[],[]
HERB004554,秋木瓜,[],[]
HERB004555,秋茄树,[],[]
HERB004556,球蕊五味子,[],[]
HERB004557,,[],[]
HERB004558,美登木,[],[]
HERB004559,秋水仙,[],[]
HERB004560,秋水仙常春藤,[],[]
HERB004561,球穗千斤拔,[],[]
HERB004562,球药隔重楼,[],[]
HERB004563,蚯蚓,[],[]
HERB004564,,[],[]
HERB004565,球状破布木,[],[]
HERB004566,驱虫斑鸠菊,[],[]
HERB004567,驱虫草,[],[]
HERB004568,驱虫合欢,[],[]
HERB004569,瞿麦,[],[]
HERB004570,苣荬菜,[],[]
HERB004571,屈曲花,[],[]
HERB004572,当归,[],[]
HERB004573,区域草地老鹳草,[],[]
HERB004574,曲轴海金沙,[],[]
HERB004575,犬齿蔷薇,[],[]
HERB004576,拳距瓜叶乌头,[],[]
HERB004577,全能花,[],[]
HERB004578,拳参,[],[]
HERB004579,全蝎,[],[]
HERB004580,拳叶苏铁,[],[]
HERB004581,全叶延胡索,[],[]
HERB004582,,[],[]
HERB004583,拳愿桧木,[],[]
HERB004584,全员千里光,[],[]
HERB004585,全缘叶澳托斯特草,[],[]
HERB004586,全缘叶波罗密,[],[]
HERB004587,全缘叶花椒,[],[]
HERB004588,全缘叶美洲茶,[],[]
HERB004589,,[],[]
HERB004590,全缘叶小波,[],[]
HERB004591,雀稗麦角菌,[],[]
HERB004592,雀梅藤,[],[]
HERB004593,雀舌黄杨,[],[]
HERB004594,裙带菜,[],[]
HERB004595,群心菜,[],[]
HERB004596,川芎,[],[]
HERB004597,染料木,[],[]
HERB004598,,[],[]
HERB004599,髯毛鞘蕊花,[],[]
HERB004600,,[],[]
HERB004601,,[],[]
HERB004602,染色桑,[],[]
HERB004603,,[],[]
HERB004604,,[],[]
HERB004605,忍冬藤,[],[]
HERB004606,人工牛黄,[],[]
HERB004607,人工蛹虫草,[],[]
HERB004608,人尿,[],[]
HERB004609,人参,[],[]
HERB004610,人参花,[],[]
HERB004611,人参花蕾,[],[]
HERB004612,人参芦,[],[]
HERB004613,人参三七,[],[]
HERB004614,人参西洋参杂交种,[],[]
HERB004615,人参须,[],[]
HERB004616,人参叶,[],[]
HERB004617,人参子,[],[]
HERB004618,人中白,[],[]
HERB004619,日本安息香精辟,[],[]
HERB004620,日本白蜡树,[],[]
HERB004621,白丝草,[],[]
HERB004622,,[],[]
HERB004623,日本扁柏,[],[]
HERB004624,,[],[]
HERB004625,,[],[]
HERB004626,日本菖蒲,[],[]
HERB004627,日本赤松,[],[]
HERB004628,日本臭节草,[],[]
HERB004629,日本粗榧,[],[]
HERB004630,日本当归,[],[]
HERB004631,日本东风螺,[],[]
HERB004632,日本杜鹃花,[],[]
HERB004633,,[],[]
HERB004634,日本飞鼠,[],[]
HERB004635,日本鬼灯檠,[],[]
HERB004636,日本厚皮香,[],[]
HERB004637,日本厚朴,[],[]
HERB004638,日本花柏,[],[]
HERB004639,日本黄柏,[],[]
HERB004640,日本黄连,[],[]
HERB004641,,[],[]
HERB004642,,[],[]
HERB004643,,[],[]
HERB004644,日本连香树,[],[]
HERB004645,日本鳞毛蕨,[],[]
HERB004646,日本柳杉,[],[]
HERB004647,日本龙胆,[],[]
HERB004648,日本龙芽草,[],[]
HERB004649,,[],[]
HERB004650,日本络石,[],[]
HERB004651,日本马桑,[],[]
HERB004652,日本马桑叶,[],[]
HERB004653,日本马醉木,[],[]
HERB004654,日本莽草,[],[]
HERB004655,,[],[]
HERB004656,日本南五味子,[],[]
HERB004657,日本牛皮消,[],[]
HERB004658,,[],[]
HERB004659,日本女贞,[],[]
HERB004660,日本萍逢草?,[],[]
HERB004661,日本萍蓬草,[],[]
HERB004662,日本七叶树,[],[]
HERB004663,日本千屈菜,[],[]
HERB004664,,[],[]
HERB004665,日本蛇根草,[],[]
HERB004666,,[],[]
HERB004667,日本薯蓣,[],[]
HERB004668,日本双蝴蝶茶花,[],[]
HERB004669,日本塑木,[],[]
HERB004670,日本文殊兰,[],[]
HERB004671,,[],[]
HERB004672,日本乌头,[],[]
HERB004673,日本夏枯草,[],[]
HERB004674,,[],[]
HERB004675,,[],[]
HERB004676,日本小檗,[],[]
HERB004677,,[],[]
HERB004678,日本辛夷,[],[]
HERB004679,日本樱花,[],[]
HERB004680,日本鱼鳞松,[],[]
HERB004681,日本鸢尾,[],[]
HERB004682,日本獐牙菜,[],[]
HERB004683,日本紫珠,[],[]
HERB004684,绒白乳菇,[],[]
HERB004685,绒毛戴星草,[],[]
HERB004686,,[],[]
HERB004687,,[],[]
HERB004688,,[],[]
HERB004689,绒毛山乡,[],[]
HERB004690,,[],[]
HERB004691,榕树,[],[]
HERB004692,肉苁蓉,[],[]
HERB004693,肉豆蔻,[],[]
HERB004694,肉桂,[],[]
HERB004695,肉桂叶,[],[]
HERB004696,肉红马利筋,[],[]
HERB004697,肉花雪胆,[],[]
HERB004698,肉金合欢,[],[]
HERB004699,柔茎香茶菜,[],[]
HERB004700,肉类牛奶菜,[],[]
HERB004701,柔毛地胆草,[],[]
HERB004702,柔毛番荔枝,[],[]
HERB004703,柔毛黄芪,[],[]
HERB004704,,[],[]
HERB004705,肉毛山黧豆,[],[]
HERB004706,肉毛向日葵,[],[]
HERB004707,柔毛肖乳香,[],[]
HERB004708,柔毛淫羊藿,[],[]
HERB004709,,[],[]
HERB004710,柔枝槐,[],[]
HERB004711,乳白龙胆,[],[]
HERB004712,糯稻根,[],[]
HERB004713,入地金牛,[],[]
HERB004714,入地蜈蚣,[],[]
HERB004715,,[],[]
HERB004716,乳苣,[],[]
HERB004717,,[],[]
HERB004718,,[],[]
HERB004719,乳香,[],[]
HERB004720,,[],[]
HERB004721,乳源杜鹃,[],[]
HERB004722,,[],[]
HERB004723,软骨藻,[],[]
HERB004724,软骨藻,[],[]
HERB004725,软毛独活,[],[]
HERB004726,软弱杜茎山,[],[]
HERB004727,,[],[]
HERB004728,软条七蔷薇,[],[]
HERB004729,阮银背藤,[],[]
HERB004730,软枝黄蝉,[],[]
HERB004731,瑞德千里光,[],[]
HERB004732,瑞典甘蓝,[],[]
HERB004733,,[],[]
HERB004734,蕤仁,[],[]
HERB004735,瑞士千牛,[],[]
HERB004736,瑞士石松,[],[]
HERB004737,瑞香根,[],[]
HERB004738,瑞香花,[],[]
HERB004739,,[],[]
HERB004740,山番荔枝,[],[]
HERB004741,,[],[]
HERB004742,萨哈林云杉,[],[]
HERB004743,,[],[]
HERB004744,,[],[]
HERB004745,撒是毛地黄,[],[]
HERB004746,,[],[]
HERB004747,塞拉利昂水仙,[],[]
HERB004748,赛莨菪,[],[]
HERB004749,塞了罗勒?,[],[]
HERB004750,塞内加尔刺桐,[],[]
HERB004751,,[],[]
HERB004752,三白草,[],[]
HERB004753,三百银,[],[]
HERB004754,三叉凤尾蕨,[],[]
HERB004755,三叉苦,[],[]
HERB004756,三齿蒿,[],[]
HERB004757,,[],[]
HERB004758,三楚山香圆,[],[]
HERB004759,三刺皂荚,[],[]
HERB004760,,[],[]
HERB004761,,[],[]
HERB004762,三分三,[],[]
HERB004763,,[],[]
HERB004764,三花龙胆,[],[]
HERB004765,三华密花树,[],[]
HERB004766,三尖杉,[],[]
HERB004767,三尖杉根,[],[]
HERB004768,三角粉叶蕨,[],[]
HERB004769,三角马兜铃,[],[]
HERB004770,三角叶黄连,[],[]
HERB004771,三角叶薯蓣,[],[]
HERB004772,翠雀,[],[]
HERB004773,三颗针,[],[]
HERB004774,三棱,[],[]
HERB004775,三棱叶金丝桃,[],[]
HERB004776,,[],[]
HERB004777,,[],[]
HERB004778,,[],[]
HERB004779,三裂叶葛,[],[]
HERB004780,三裂叶泽兰,[],[]
HERB004781,三面刀,[],[]
HERB004782,,[],[]
HERB004783,三七,[],[]
HERB004784,三七草,[],[]
HERB004785,三七花,[],[]
HERB004786,三七花蕾,[],[]
HERB004787,三七叶,[],[]
HERB004788,,[],[]
HERB004789,,[],[]
HERB004790,,[],[]
HERB004791,三色堇,[],[]
HERB004792,三色牵牛,[],[]
HERB004793,,[],[]
HERB004794,三台红花,[],[]
HERB004795,三台花,[],[]
HERB004796,,[],[]
HERB004797,,[],[]
HERB004798,三消草,[],[]
HERB004799,三小叶翠雀花,[],[]
HERB004800,三小叶山豆根,[],[]
HERB004801,,[],[]
HERB004802,伞形花序印加,[],[]
HERB004803,三星欧石楠,[],[]
HERB004804,伞形屈曲花,[],[]
HERB004805,伞形绣球,[],[]
HERB004806,,[],[]
HERB004807,三叶防风,[],[]
HERB004808,三叶防风,[],[]
HERB004809,三叶黄连,[],[]
HERB004810,三叶马鞭草,[],[]
HERB004811,,[],[]
HERB004812,三叶蜜茱萸,[],[]
HERB004813,三叶木,[],[]
HERB004814,三叶木通,[],[]
HERB004815,三叶木通根,[],[]
HERB004816,三叶青,[],[]
HERB004817,三叶鼠尾草,[],[]
HERB004818,三叶藤橘,[],[]
HERB004819,三硬件瓜蒌,[],[]
HERB004820,三种菊杂交种,[],[]
HERB004821,三钻风,[],[]
HERB004822,桑白皮,[],[]
HERB004823,桑柴灰,[],[]
HERB004824,桑澄,[],[]
HERB004825,,[],[]
HERB004826,桑耳,[],[]
HERB004827,桑根,[],[]
HERB004828,桑黄,[],[]
HERB004829,桑寄生,[],[]
HERB004830,桑沥,[],[]
HERB004831,桑螵蛸,[],[]
HERB004832,桑椹,[],[]
HERB004833,,[],[]
HERB004834,桑叶,[],[]
HERB004835,桑叶汁,[],[]
HERB004836,桑瘿,[],[]
HERB004837,桑枝,[],[]
HERB004838,,[],[]
HERB004839,,[],[]
HERB004840,,[],[]
HERB004841,色轮羊角拗,[],[]
HERB004842,,[],[]
HERB004843,马钱子,[],[]
HERB004844,止泻木子,[],[]
HERB004845,森林薄荷,[],[]
HERB004846,,[],[]
HERB004847,沙冬青,[],[]
HERB004848,沙盒树,[],[]
HERB004849,沙棘,[],[]
HERB004850,沙利叶,[],[]
HERB004851,沙漠蔷薇,[],[]
HERB004852,沙前胡,[],[]
HERB004853,砂仁,[],[]
HERB004854,,[],[]
HERB004855,沙参,[],[]
HERB004856,沙参槐,[],[]
HERB004857,砂生槐,[],[]
HERB004858,沙生蜡菊,[],[]
HERB004859,,[],[]
HERB004860,,[],[]
HERB004861,砂糖,[],[]
HERB004862,沙糖木,[],[]
HERB004863,沙苑蒺藜,[],[]
HERB004864,沙苑子,[],[]
HERB004865,沙枣,[],[]
HERB004866,沙枣树皮,[],[]
HERB004867,砂钻苔草,[],[]
HERB004868,山白芷,[],[]
HERB004869,山萆薢,[],[]
HERB004870,山扁豆,[],[]
HERB004871,山扁豆子,[],[]
HERB004872,山茶,[],[]
HERB004873,山刺柏,[],[]
HERB004874,山慈菇,[],[]
HERB004875,,[],[]
HERB004876,山地堆心菊,[],[]
HERB004877,山地罗汉松,[],[]
HERB004878,山地乌头,[],[]
HERB004879,山地香茶菜,[],[]
HERB004880,山地香豌豆,[],[]
HERB004881,,[],[]
HERB004882,山东肿足蕨,[],[]
HERB004883,山豆根,[],[]
HERB004884,山矾根,[],[]
HERB004885,山矾叶,[],[]
HERB004886,过山风,[],[]
HERB004887,山甘草,[],[]
HERB004888,,[],[]
HERB004889,山冈橐吾,[],[]
HERB004890,山梗菜,[],[]
HERB004891,山荷叶,[],[]
HERB004892,珊瑚,[],[]
HERB004893,,[],[]
HERB004894,山胡椒,[],[]
HERB004895,山胡椒叶,[],[]
HERB004896,珊瑚蓝,[],[]
HERB004897,山黄皮,[],[]
HERB004898,山甲珠,[],[]
HERB004899,山金车,[],[]
HERB004900,山鸠,[],[]
HERB004901,山菊,[],[]
HERB004902,山苦瓜,[],[]
HERB004903,山苦荬,[],[]
HERB004904,山黧豆,[],[]
HERB004905,山里红,[],[]
HERB004906,山蓼,[],[]
HERB004907,山岭麻黄,[],[]
HERB004908,山蚂蝗,[],[]
HERB004909,山麦冬,[],[]
HERB004910,山麦冬,[],[]
HERB004911,山猫儿,[],[]
HERB004912,山莓,[],[]
HERB004913,山茉莉芸香,[],[]
HERB004914,山柰,[],[]
HERB004915,山葡萄,[],[]
HERB004916,山前胡,[],[]
HERB004917,,[],[]
HERB004918,山棯叶,[],[]
HERB004919,山山姜,[],[]
HERB004920,山石榴,[],[]
HERB004921,山桃茎白皮,[],[]
HERB004922,山桃枝,[],[]
HERB004923,山藤,[],[]
HERB004924,山桐子,[],[]
HERB004925,山莴苣,[],[]
HERB004926,,[],[]
HERB004927,山乡可可,[],[]
HERB004928,山小橘,[],[]
HERB004929,扇形阔苞菊,[],[]
HERB004930,山杏仁,[],[]
HERB004931,山延胡索,[],[]
HERB004932,山羊,[],[]
HERB004933,山羊豆,[],[]
HERB004934,,[],[]
HERB004935,山羊黄漆,[],[]
HERB004936,山羊坞头,[],[]
HERB004937,山羊血,[],[]
HERB004938,山药,[],[]
HERB004939,山野豌豆,[],[]
HERB004940,山银柴胡,[],[]
HERB004941,山罂粟,[],[]
HERB004942,山樱桃,[],[]
HERB004943,山油麻,[],[]
HERB004944,鳝鱼,[],[]
HERB004945,山楂,[],[]
HERB004946,山楂核,[],[]
HERB004947,山楂花,[],[]
HERB004948,山楂叶,[],[]
HERB004949,山芝麻,[],[]
HERB004950,山茱萸,[],[]
HERB004951,山竹子,[],[]
HERB004952,,[],[]
HERB004953,,[],[]
HERB004954,桑白皮,[],[]
HERB004955,伤寒草,[],[]
HERB004956,上举天门冬,[],[]
HERB004957,商陆,[],[]
HERB004958,,[],[]
HERB004959,,[],[]
HERB004960,,[],[]
HERB004961,,[],[]
HERB004962,少齿小檗,[],[]
HERB004963,少刺大叶蔷薇,[],[]
HERB004964,,[],[]
HERB004965,少果吴茱萸,[],[]
HERB004966,少花瑞木,[],[]
HERB004967,,[],[]
HERB004968,杓兰,[],[]
HERB004969,蛇百子,[],[]
HERB004970,蛇鞭菊,[],[]
HERB004971,蛇床子,[],[]
HERB004972,蛇胆汁,[],[]
HERB004973,射干,[],[]
HERB004974,蛇根草,[],[]
HERB004975,蛇果黄堇,[],[]
HERB004976,蛇含委陵菜,[],[]
HERB004977,蛇莓,[],[]
HERB004978,蛇泡筋,[],[]
HERB004979,蛇葡萄,[],[]
HERB004980,蛇肉,[],[]
HERB004981,,[],[]
HERB004982,蛇藤,[],[]
HERB004983,蛇蜕,[],[]
HERB004984,麝香,[],[]
HERB004985,麝香百合,[],[]
HERB004986,麝香草,[],[]
HERB004987,麝香草酸,[],[]
HERB004988,,[],[]
HERB004989,,[],[]
HERB004990,麝香石竹,[],[]
HERB004991,,[],[]
HERB004992,蛇形林生脚骨脆,[],[]
HERB004993,穿心莲,[],[]
HERB004994,,[],[]
HERB004995,深红红景天,[],[]
HERB004996,神黄豆,[],[]
HERB004997,,[],[]
HERB004998,伸筋草,[],[]
HERB004999,伸筋草,[],[]
HERB005000,肾精子,[],[]
HERB005001,甚烈翠雀花,[],[]
HERB005002,,[],[]
HERB005003,深裂鱼黄草,[],[]
HERB005004,神鹿山龙眼,[],[]
HERB005005,神曲,[],[]
HERB005006,申生悬钩子,[],[]
HERB005007,神香草,[],[]
HERB005008,神香草叶泽兰,[],[]
HERB005009,香茶菜,[],[]
HERB005010,深夜天竺葵,[],[]
HERB005011,圣地红景天,[],[]
HERB005012,生地黄,[],"['tetrachloride.2', 'dogs.4', 'rabbits.5']"
HERB005013,省沽油,[],[]
HERB005014,生瓜,[],[]
HERB005015,胜红蓟,[],[]
HERB005016,生槐角,[],[]
HERB005017,生姜,[],[]
HERB005018,生姜汁,[],[]
HERB005019,生锦纹,[],"['purgation.2', 'acid.3', 'hypercholesterolemia.6']"
HERB005020,生军,[],"['purgation.2', 'acid.3', 'hypercholesterolemia.6']"
HERB005021,生龙牡,[],[]
HERB005022,升麻,[],[]
HERB005023,生南星,[],['mice.2']
HERB005024,,[],[]
HERB005025,生山栀,[],"['contraction.2', 'animals.3']"
HERB005026,生藤,[],[]
HERB005027,生铁落,[],[]
HERB005028,生枣,[],[]
HERB005029,石蚕香科科,[],[]
HERB005030,石菖蒲,[],[]
HERB005031,石菖蒲叶,[],[]
HERB005032,矢车菊,[],[]
HERB005033,石莼,[],[]
HERB005034,十大功劳根,[],[]
HERB005035,十大功劳木,[],[]
HERB005036,十大功劳叶,[],[]
HERB005037,十大功劳子,[],[]
HERB005038,石胆草,[],[]
HERB005039,柿蒂,[],[]
HERB005040,十帝钱,[],[]
HERB005041,石刁柏,[],[]
HERB005042,石吊兰,[],[]
HERB005043,,[],[]
HERB005044,,[],[]
HERB005045,,[],[]
HERB005046,石防风,[],[]
HERB005047,石柑子,[],[]
HERB005048,石膏,[],['effect.2']
HERB005049,柿根,[],[]
HERB005050,,[],[]
HERB005051,石斛,[],"['analgesic.2', 'inhibitory.3']"
HERB005052,石蝴蝶,[],[]
HERB005053,石斛小菇,[],[]
HERB005054,石斛,[],[]
HERB005055,石斛,[],[]
HERB005056,石花,[],[]
HERB005057,石灰华,[],[]
HERB005058,石荠宁,[],[]
HERB005059,石见穿,[],[]
HERB005060,石椒草,[],[]
HERB005061,石决明,[],['eyesight.2']
HERB005062,使君子,[],[]
HERB005063,使君子根,[],[]
HERB005064,使君子叶,[],[]
HERB005065,苦苣,[],[]
HERB005066,石蜡红,[],[]
HERB005067,石栗子,[],[]
HERB005068,石莲子,[],[]
HERB005069,石榴,[],[]
HERB005070,石榴根,[],[]
HERB005071,石榴皮,[],[]
HERB005072,,[],[]
HERB005073,石榴叶,[],[]
HERB005074,石榴种子,[],[]
HERB005075,石龙芮,[],[]
HERB005076,石落子,[],[]
HERB005077,柿木皮,[],[]
HERB005078,石南,[],[]
HERB005079,石南藤,[],[]
HERB005080,石楠藤,[],[]
HERB005081,柿皮,[],[]
HERB005082,,[],[]
HERB005083,石蕊,[],[]
HERB005084,十蕊商陆,[],[]
HERB005085,石上柏,[],[]
HERB005086,湿生扁蕾,[],[]
HERB005087,金丝桃,[],[]
HERB005088,当归,[],[]
HERB005089,石刷把,[],[]
HERB005090,石霜,[],[]
HERB005091,石蒜,[],[]
HERB005092,石韦,[],[]
HERB005093,,[],[]
HERB005094,石香薷,[],[]
HERB005095,,[],[]
HERB005096,食盐,[],[]
HERB005097,石燕,[],[]
HERB005098,石岩枫,[],[]
HERB005099,柿叶,[],[]
HERB005100,食叶草,[],[]
HERB005101,匙叶甘松,[],[]
HERB005102,,[],[]
HERB005103,食用葛,[],[]
HERB005104,食用黄芪,[],[]
HERB005105,食用日中花,[],[]
HERB005106,石竹,[],[]
HERB005107,,[],[]
HERB005108,石竹,[],[]
HERB005109,柿子,[],[]
HERB005110,十字星枫寄生,[],[]
HERB005111,熟附块,[],[]
HERB005112,熟附片,[],[]
HERB005113,,[],[]
HERB005114,首乌藤,[],['atherosclerosis.2']
HERB005115,手掌参,[],[]
HERB005116,蜀侧金盏花,[],[]
HERB005117,,[],[]
HERB005118,熟地黄,[],[]
HERB005119,,[],[]
HERB005120,疏花毛萼香茶菜,[],[]
HERB005121,束花石斛,[],[]
HERB005122,属鸡骨常山,[],[]
HERB005123,蜀椒,[],['suis.2']
HERB005124,蜀葵花,[],[]
HERB005125,蜀葵叶薯蓣,[],[]
HERB005126,鼠李,[],[]
HERB005127,鼠李根,[],[]
HERB005128,鼠李皮,[],[]
HERB005129,,[],[]
HERB005130,,[],[]
HERB005131,,[],[]
HERB005132,鼠曲草,[],[]
HERB005133,鼠麴风毛菊,[],[]
HERB005134,树舌,[],[]
HERB005135,鼠尾草,[],[]
HERB005136,,[],[]
HERB005137,树形杜鹃,[],[]
HERB005138,束序苎麻,[],[]
HERB005139,鼠掌老鹳草,[],[]
HERB005140,,[],[]
HERB005141,树脂大戟,[],[]
HERB005142,,[],[]
HERB005143,树状麻黄,[],[]
HERB005144,栓翅芹,[],[]
HERB005145,栓翅卫矛,[],[]
HERB005146,,[],[]
HERB005147,双孢蘑菇,[],[]
HERB005148,双边栝楼,[],[]
HERB005149,,[],[]
HERB005150,双花,[],"['0.25', 'mice.3', 'Antipyretic.4']"
HERB005151,双花番红花,[],[]
HERB005152,双花金丝桃,[],[]
HERB005153,双色鸡蛋花,[],[]
HERB005154,双色金光菊,[],[]
HERB005155,,[],[]
HERB005156,双穗麻黄,[],[]
HERB005157,双叶细辛,[],[]
HERB005158,,[],[]
HERB005159,,[],[]
HERB005160,,[],[]
HERB005161,水朝阳,[],[]
HERB005162,水飞蓟,[],[]
HERB005163,水甘草,[],[]
HERB005164,水鬼蕉叶,[],[]
HERB005165,水红花子,[],[]
HERB005166,水葫芦,[],[]
HERB005167,,[],[]
HERB005168,水黄杨木,[],[]
HERB005169,水茴香,[],[]
HERB005170,,[],[]
HERB005171,水接骨丹,[],[]
HERB005172,水金凤,[],[]
HERB005173,水晶兰,[],[]
HERB005174,水苦荬,[],[]
HERB005175,睡莲叶童,[],[]
HERB005176,,[],[]
HERB005177,水流豆,[],[]
HERB005178,水龙骨,[],[]
HERB005179,,[],[]
HERB005180,水麻芀,[],[]
HERB005181,水木草,[],[]
HERB005182,水母雪莲花,[],[]
HERB005183,水牛角,[],[]
HERB005184,水茄,[],[]
HERB005185,水芹,[],[]
HERB005186,水青树,[],[]
HERB005187,水曲柳,[],[]
HERB005188,水榕,[],[]
HERB005189,水杉,[],[]
HERB005190,水松,[],[]
HERB005191,水桐木,[],[]
HERB005192,水团花,[],[]
HERB005193,水蜈蚣,[],[]
HERB005194,水仙花,[],[]
HERB005195,水仙草,[],[]
HERB005196,水仙根,[],[]
HERB005197,水仙花,[],[]
HERB005198,水杨梅,[],[]
HERB005199,水杨梅根,[],[]
HERB005200,水杨梅根,[],[]
HERB005201,水杨梅,[],[]
HERB005202,水杨梅,[],[]
HERB005203,水杨木白皮,[],[]
HERB005204,水杨酸甲酯,[],[]
HERB005205,水杨枝叶,[],[]
HERB005206,水蛭,[],[]
HERB005207,水栀,[],[]
HERB005208,水栀根,[],[]
HERB005209,水栀叶,[],[]
HERB005210,,[],[]
HERB005211,四翅槐,[],[]
HERB005212,四翅黄芪,[],[]
HERB005213,四齿四棱草,[],[]
HERB005214,四翅月见草,[],[]
HERB005215,,[],[]
HERB005216,四川轮环藤,[],[]
HERB005217,四川清风藤,[],[]
HERB005218,四川香茶菜,[],[]
HERB005219,四川霪羊藿,[],[]
HERB005220,,[],[]
HERB005221,丝瓜,[],[]
HERB005222,丝瓜络,[],[]
HERB005223,丝瓜籽,[],[]
HERB005224,四国黄芪,[],[]
HERB005225,四国香茶菜,[],[]
HERB005226,,[],[]
HERB005227,四季葱头,[],[]
HERB005228,四季青,[],[]
HERB005229,四季香肉果,[],[]
HERB005230,四季树,[],[]
HERB005231,,[],[]
HERB005232,,[],[]
HERB005233,,[],[]
HERB005234,,[],[]
HERB005235,,[],[]
HERB005236,斯里兰卡土蜜树,[],[]
HERB005237,,[],[]
HERB005238,四裂红景天,[],[]
HERB005239,,[],[]
HERB005240,思茅藤,[],[]
HERB005241,,[],[]
HERB005242,,[],[]
HERB005243,丝棉木,[],[]
HERB005244,,[],[]
HERB005245,四是毛地黄,[],[]
HERB005246,天洁菜,[],[]
HERB005247,私塾鸡骨常山,[],[]
HERB005248,斯塔为翠雀花,[],[]
HERB005249,,[],[]
HERB005250,斯图鸡血藤,[],[]
HERB005251,丝菟子,[],[]
HERB005252,斯托侯冰花,[],[]
HERB005253,,[],[]
HERB005254,,[],[]
HERB005255,,[],[]
HERB005256,四子汤,[],[]
HERB005257,松蒿,[],[]
HERB005258,松花粉,[],[]
HERB005259,松节,[],[]
HERB005260,松节油,[],[]
HERB005261,松馏油,[],[]
HERB005262,松萝,[],[]
HERB005263,松木,[],[]
HERB005264,松潘乌头,[],[]
HERB005265,松石,[],[]
HERB005266,松香,[],[]
HERB005267,松蕈,[],[]
HERB005268,松叶,[],[]
HERB005269,松叶防风,[],[]
HERB005270,松叶千里光,[],[]
HERB005271,松油,[],[]
HERB005272,松针,[],[]
HERB005273,松子仁,[],[]
HERB005274,搜山虎,[],[]
HERB005275,密叶泥炭藓,[],[]
HERB005276,并齿藓,[],[]
HERB005277,,[],[]
HERB005278,苏打其柑橘,[],[]
HERB005279,苏丹可乐果,[],[]
HERB005280,素方花,[],[]
HERB005281,,[],[]
HERB005282,,[],[]
HERB005283,苏根,[],[]
HERB005284,宿根香豌豆,[],[]
HERB005285,宿根獐牙菜,[],[]
HERB005286,苏梗,[],[]
HERB005287,苏合香,[],[]
HERB005288,苏合香油,[],[]
HERB005289,素花党参,[],[]
HERB005290,,[],[]
HERB005291,苏里南肉豆蔻木,[],[]
HERB005292,苏门白酒草,[],[]
HERB005293,苏门答腊红豆杉,[],[]
HERB005294,苏门答腊文殊兰,[],[]
HERB005295,粟米,[],[]
HERB005296,粟米草,[],[]
HERB005297,苏木,[],[]
HERB005298,粟壳,[],[]
HERB005299,苏铁树果,[],[]
HERB005300,苏铁叶,[],[]
HERB005301,苏土虫,[],[]
HERB005302,素馨花,[],[]
HERB005303,素馨叶白英,[],[]
HERB005304,苏叶,[],[]
HERB005305,,[],[]
HERB005306,苏子,[],[]
HERB005307,蒜臭母鸡草,[],[]
HERB005308,蒜梗,[],[]
HERB005309,酸勾藤,[],[]
HERB005310,酸浆,[],[]
HERB005311,酸角,[],[]
HERB005312,酸模,[],[]
HERB005313,酸模叶,[],[]
HERB005314,酸石榴,[],[]
HERB005315,酸水草,[],[]
HERB005316,蒜味香科科,[],[]
HERB005317,蒜叶婆罗门参,[],[]
HERB005318,酸枣,[],[]
HERB005319,酸枣仁,[],[]
HERB005320,穗菝葜,[],[]
HERB005321,,[],[]
HERB005322,穗花罗汉松,[],[]
HERB005323,穗花马先蒿,[],[]
HERB005324,穗花牡荊,[],[]
HERB005325,隧毛荷包牡丹,[],[]
HERB005326,碎米莎草,[],[]
HERB005327,穗状百金花,[],[]
HERB005328,穗状闭鞘姜,[],[]
HERB005329,穗状乌头,[],[]
HERB005330,穗状芸香,[],[]
HERB005331,索多密切,[],[]
HERB005332,梭果黄芪,[],[]
HERB005333,,[],[]
HERB005334,桫椤,[],[]
HERB005335,娑罗子,[],[]
HERB005336,缩沙密,[],[]
HERB005337,缩砂仁,[],"['1%', '1%', 'vitro.2']"
HERB005338,锁阳,[],[]
HERB005339,桃花百里香,[],[]
HERB005340,塔拉乌头胺,[],[]
HERB005341,,[],[]
HERB005342,,[],[]
HERB005343,太白楤木,[],[]
HERB005344,,[],[]
HERB005345,太白檧木,[],[]
HERB005346,,[],[]
HERB005347,,[],[]
HERB005348,,[],[]
HERB005349,泰国扭序花,[],[]
HERB005350,泰国山牵牛,[],[]
HERB005351,泰国栀子,[],[]
HERB005352,苔景天,[],[]
HERB005353,胎盘粉,[],[]
HERB005354,太平洋假泽兰,[],[]
HERB005355,太平洋鳞毛蕨,[],[]
HERB005356,泰山盐附子,[],[]
HERB005357,台湾安息香,[],[]
HERB005358,台湾檫木,[],[]
HERB005359,台湾粗榧,[],[]
HERB005360,台湾翠柏,[],[]
HERB005361,台湾蜂斗菜,[],[]
HERB005362,台湾芙蓉,[],[]
HERB005363,台湾哥纳香,[],[]
HERB005364,台湾果松,[],[]
HERB005365,台湾胡椒,[],[]
HERB005366,,[],[]
HERB005367,,[],[]
HERB005368,,[],[]
HERB005369,台湾筋骨草,[],[]
HERB005370,台湾九里香,[],[]
HERB005371,台湾罗汉松,[],[]
HERB005372,台湾绿岛藤黄,[],[]
HERB005373,台湾牛奶菜,[],[]
HERB005374,台湾枇杷,[],[]
HERB005375,台湾蒲公英,[],[]
HERB005376,台湾前胡,[],[]
HERB005377,台湾千金藤,[],[]
HERB005378,,[],[]
HERB005379,台湾杉,[],[]
HERB005380,台湾山豆根,[],[]
HERB005381,台湾杉木,[],[]
HERB005382,,[],[]
HERB005383,台湾双蝴蝶,[],[]
HERB005384,台湾唐松草,[],[]
HERB005385,台湾小菠萝,[],[]
HERB005386,台湾绣线菊,[],[]
HERB005387,台湾云杉,[],[]
HERB005388,台湾泽兰,[],[]
HERB005389,,[],[]
HERB005390,太子参,[],[]
HERB005391,芒果,[],[]
HERB005392,檀香,[],[]
HERB005393,檀香泥,[],[]
HERB005394,檀香油,[],[]
HERB005395,唐古特大黄,[],[]
HERB005396,,[],[]
HERB005397,棠梨,[],[]
HERB005398,汤姆逊独活,[],[]
HERB005399,,[],[]
HERB005400,唐松草撞扁果草,[],[]
HERB005401,,[],[]
HERB005402,桃,[],[]
HERB005403,仐贝母,[],[]
HERB005404,桃儿七,[],[]
HERB005405,桃根,[],[]
HERB005406,桃花,[],[]
HERB005407,桃花心木,[],[]
HERB005408,桃胶,[],[]
HERB005409,桃金娘,[],[]
HERB005410,桃茎白皮,[],[]
HERB005411,桃南瓜,[],[]
HERB005412,桃仁,[],[]
HERB005413,桃叶,[],[]
HERB005414,桃叶蓼,[],[]
HERB005415,桃枝,[],[]
HERB005416,桃子,[],[]
HERB005417,,[],[]
HERB005418,特洛伊黄芪,[],[]
HERB005419,,[],[]
HERB005420,,[],[]
HERB005421,藤黄,[],[]
HERB005422,腾黄山竹子,[],[]
HERB005423,藤黄属,[],[]
HERB005424,藤石松,[],[]
HERB005425,蹄盖蕨,[],[]
HERB005426,嚏根草,[],[]
HERB005427,梯牧草,[],[]
HERB005428,,[],[]
HERB005429,甜菜,[],[]
HERB005430,甜茶,[],[]
HERB005431,,[],[]
HERB005432,,[],[]
HERB005433,甜地丁,[],[]
HERB005434,天冬,[],['antiasthmatic.2']
HERB005435,,[],[]
HERB005436,甜瓜蒂,[],[]
HERB005437,甜瓜根,[],[]
HERB005438,甜瓜花,[],[]
HERB005439,甜瓜茎,[],[]
HERB005440,甜瓜皮,[],[]
HERB005441,甜瓜叶,[],[]
HERB005442,甜瓜子,[],[]
HERB005443,天胡荽,[],[]
HERB005444,天花粉,[],[]
HERB005445,田基黄,[],[]
HERB005446,,[],[]
HERB005447,天葵子,[],[]
HERB005448,,[],[]
HERB005449,天蓼木,[],[]
HERB005450,天罗水,[],[]
HERB005451,天麻,[],[]
HERB005452,天门冬,[],[]
HERB005453,天名精,[],[]
HERB005454,天名精果,[],[]
HERB005455,天南星,[],[]
HERB005456,甜牛至,[],[]
HERB005457,天女木兰,[],[]
HERB005458,天泡子,[],[]
HERB005459,天蓬子,[],[]
HERB005460,天平山淫羊藿,[],[]
HERB005461,天荞麦根,[],[]
HERB005462,天茄子,[],[]
HERB005463,天然碱,[],[]
HERB005464,天然橡胶,[],[]
HERB005465,天人菊,[],[]
HERB005466,天山大黄,[],[]
HERB005467,天山花楸,[],[]
HERB005468,天山棱子芹?,[],[]
HERB005469,天山秦艽,[],[]
HERB005470,,[],[]
HERB005471,天山雪莲,[],[]
HERB005472,天山竹子,[],[]
HERB005473,甜舌草,[],[]
HERB005474,天文草,[],[]
HERB005475,天仙果,[],[]
HERB005476,天仙藤,[],[]
HERB005477,天仙子,[],"['mydriatic.2', 'muscles.3']"
HERB005478,天雄,[],[]
HERB005479,田旋花,[],[]
HERB005480,,[],[]
HERB005481,,[],[]
HERB005482,,[],[]
HERB005483,甜叶菊,[],[]
HERB005484,,[],[]
HERB005485,天竺黄,[],[]
HERB005486,,[],[]
HERB005487,条浒苔,[],[]
HERB005488,调经草,[],[]
HERB005489,条裂黄堇,[],[]
HERB005490,条纹穿心莲,[],[]
HERB005491,条纹龙舌兰,[],[]
HERB005492,条纹鼠尾草,[],[]
HERB005493,条叶蓟,[],[]
HERB005494,铁棒锤,[],[]
HERB005495,铁棒锤叶,[],[]
HERB005496,铁刀木,[],[]
HERB005497,铁海棠,[],[]
HERB005498,,[],[]
HERB005499,铁筷子,[],[]
HERB005500,铁筷子,[],[]
HERB005501,铁力木,[],[]
HERB005502,铁皮石斛,[],[]
HERB005503,铁片,[],[]
HERB005504,铁破锣,[],[]
HERB005505,铁色箭,[],[]
HERB005506,铁生千里光,[],[]
HERB005507,铁丝七,[],[]
HERB005508,铁丝威灵仙,[],[]
HERB005509,铁苋菜,[],[]
HERB005510,,[],[]
HERB005511,铁线透骨草,[],[]
HERB005512,铁屑,[],[]
HERB005513,铁锈色黄檀,[],[]
HERB005514,铁轴草,[],[]
HERB005515,铁子,[],[]
HERB005516,廷胡,[],[]
HERB005517,廷胡索,[],['analgesics.2']
HERB005518,挺茎遍地金,[],[]
HERB005519,葶苈子,[],[]
HERB005520,,[],[]
HERB005521,,[],[]
HERB005522,童便,[],[]
HERB005523,通草,[],[]
HERB005524,铜锤玉带草,[],[]
HERB005525,,[],[]
HERB005526,通关藤,[],[]
HERB005527,茼蒿,[],[]
HERB005528,通花根,[],[]
HERB005529,通花花,[],[]
HERB005530,潼蒺藜,[],[]
HERB005531,银耳蕨,[],[]
HERB005532,山楂,[],[]
HERB005533,铜绿,[],[]
HERB005534,筒鞘蛇菰,[],[]
HERB005535,铜金鸡纳,[],[]
HERB005536,通脱木,[],[]
HERB005537,通脱木花上粉,[],[]
HERB005538,,[],[]
HERB005539,守宫木,[],[]
HERB005540,桐油,[],[]
HERB005541,透骨草,[],[]
HERB005542,头花杜鹃,[],[]
HERB005543,头花龙胆,[],[]
HERB005544,透明唐松草,[],[]
HERB005545,头序楤木,[],[]
HERB005546,,[],[]
HERB005547,土百部,[],[]
HERB005548,土贝母,[],[]
HERB005549,土鳖虫,[],[]
HERB005550,秃疮花,[],[]
HERB005551,土当归,[],[]
HERB005552,,[],[]
HERB005553,,[],[]
HERB005554,土丁桂,[],[]
HERB005555,,[],[]
HERB005556,兔儿风花蟹甲草,[],[]
HERB005557,土耳其翠雀花,[],[]
HERB005558,土耳其鼠尾草,[],[]
HERB005559,土耳其斯坦白腊树,[],[]
HERB005560,土耳其斯坦龙胆,[],[]
HERB005561,土耳其雪花莲,[],[]
HERB005562,土耳其郁金香,[],[]
HERB005563,兔儿伞,[],[]
HERB005564,土茯苓,[],[]
HERB005565,吐根,[],[]
HERB005566,土瓜狼毒,[],[]
HERB005567,土黄莲,[],[]
HERB005568,土荆芥,[],[]
HERB005569,土荆皮,[],[]
HERB005570,土苦参,[],[]
HERB005571,土连翘,[],[]
HERB005572,土良姜,[],[]
HERB005573,秃毛冬青,[],[]
HERB005574,土木香,[],[]
HERB005575,土牛膝,[],[]
HERB005576,土羌活,[],[]
HERB005577,,[],[]
HERB005578,土三七,[],[]
HERB005579,土砂仁,[],[]
HERB005580,菟丝子,[],[]
HERB005581,吐温80,[],[]
HERB005582,土香薷,[],[]
HERB005583,土延胡,[],[]
HERB005584,土叶黄皮树,[],[]
HERB005585,团花山矾,[],[]
HERB005586,团级艾纳香,[],[]
HERB005587,,[],[]
HERB005588,退热止泻木,[],[]
HERB005589,豚草,[],[]
HERB005590,豚草千里光,[],[]
HERB005591,豚草紫菀,[],[]
HERB005592,,[],[]
HERB005593,,[],[]
HERB005594,,[],[]
HERB005595,椭圆钩藤,[],[]
HERB005596,椭圆三七草,[],[]
HERB005597,椭圆叶花椒,[],[]
HERB005598,椭圆叶乳香树,[],[]
HERB005599,椭圆舟形藻,[],[]
HERB005600,瓦布贝母,[],[]
HERB005601,娃儿藤,[],[]
HERB005602,瓦楞子,[],[]
HERB005603,,[],[]
HERB005604,蛙式独活,[],[]
HERB005605,瓦氏马尾藻,[],[]
HERB005606,,[],[]
HERB005607,瓦氏棕榈,[],[]
HERB005608,,[],[]
HERB005609,瓦松,[],[]
HERB005610,瓦苇,[],[]
HERB005611,,[],[]
HERB005612,,[],[]
HERB005613,晚蚕砂,[],[]
HERB005614,豌豆,[],[]
HERB005615,贯叶金丝桃,[],[]
HERB005616,万华泽兰,[],[]
HERB005617,,[],[]
HERB005618,万年蒿,[],[]
HERB005619,万年青根,[],[]
HERB005620,弯曲千里光,[],[]
HERB005621,弯曲天门冬,[],[]
HERB005622,弯曲天南星,[],[]
HERB005623,,[],[]
HERB005624,,[],[]
HERB005625,万山淫羊藿,[],[]
HERB005626,,[],[]
HERB005627,,[],[]
HERB005628,万寿菊,[],[]
HERB005629,万寿菊叶,[],[]
HERB005630,,[],[]
HERB005631,晚香玉,[],[]
HERB005632,,[],[]
HERB005633,弯叶黄芪,[],[]
HERB005634,,[],[]
HERB005635,,[],[]
HERB005636,乌头,[],[]
HERB005637,王不留行,[],[]
HERB005638,玉兰,[],[]
HERB005639,网地藻,[],[]
HERB005640,王瓜,[],[]
HERB005641,王瓜子,[],[]
HERB005642,,[],[]
HERB005643,王浆,[],[]
HERB005644,望江南,[],[]
HERB005645,望江南子,[],[]
HERB005646,,[],[]
HERB005647,,[],[]
HERB005648,,[],[]
HERB005649,,[],[]
HERB005650,,[],[]
HERB005651,,[],[]
HERB005652,,[],[]
HERB005653,薇甘菊泽兰?,[],[]
HERB005654,,[],[]
HERB005655,,[],[]
HERB005656,围栏球果紫堇,[],[]
HERB005657,,[],[]
HERB005658,委陵菜,[],[]
HERB005659,威灵仙,[],[]
HERB005660,卫矛堆心菊,[],[]
HERB005661,,[],[]
HERB005662,,[],[]
HERB005663,,[],[]
HERB005664,,[],[]
HERB005665,,[],[]
HERB005666,,[],[]
HERB005667,,[],[]
HERB005668,微笑万寿菊,[],[]
HERB005669,,[],[]
HERB005670,,[],[]
HERB005671,,[],[]
HERB005672,尾叶香茶菜,[],[]
HERB005673,益母草,[],[]
HERB005674,,[],[]
HERB005675,,[],[]
HERB005676,,[],[]
HERB005677,,[],[]
HERB005678,,[],[]
HERB005679,,[],[]
HERB005680,,[],[]
HERB005681,,[],[]
HERB005682,,[],[]
HERB005683,,[],[]
HERB005684,蕹菜,[],[]
HERB005685,窝儿七,[],[]
HERB005686,卧茎夜来香,[],[]
HERB005687,莴苣,[],[]
HERB005688,,[],[]
HERB005689,蜗牛,[],[]
HERB005690,,[],[]
HERB005691,,[],[]
HERB005692,五倍子,[],['antibacterial.2']
HERB005693,,[],[]
HERB005694,,[],[]
HERB005695,,[],[]
HERB005696,,[],[]
HERB005697,无莿根,[],[]
HERB005698,,[],[]
HERB005699,,[],[]
HERB005700,,[],[]
HERB005701,,[],[]
HERB005702,武当木兰,[],[]
HERB005703,,[],[]
HERB005704,,[],[]
HERB005705,无梗五加皮,[],[]
HERB005706,蜈蚣,[],[]
HERB005707,蜈蚣草,[],[]
HERB005708,蜈蚣,[],[]
HERB005709,,[],[]
HERB005710,无花果,[],[]
HERB005711,无花果叶,[],[]
HERB005712,无患子,[],[]
HERB005713,无患子皮,[],[]
HERB005714,无患子树蔃,[],[]
HERB005715,无患子叶,[],[]
HERB005716,乌鸡,[],[]
HERB005717,五加皮,[],[]
HERB005718,五加前胡,[],[]
HERB005719,五加叶,[],[]
HERB005720,芜菁甘蓝,[],[]
HERB005721,,[],[]
HERB005722,乌桕木根皮,[],[]
HERB005723,,[],[]
HERB005724,无距耧斗菜,[],[]
HERB005725,舞剧淫羊藿,[],[]
HERB005726,,[],[]
HERB005727,乌克兰下页水仙,[],[]
HERB005728,,[],[]
HERB005729,五角番泻树,[],[]
HERB005730,,[],[]
HERB005731,乌敛莓,[],[]
HERB005732,五灵脂,[],[]
HERB005733,乌龙茶,[],[]
HERB005734,五楼子,[],[]
HERB005735,五脉百里香,[],[]
HERB005736,,[],[]
HERB005737,,[],[]
HERB005738,无毛蒿,[],[]
HERB005739,五毛菊,[],[]
HERB005740,无毛山楂,[],[]
HERB005741,无毛无根藤,[],[]
HERB005742,乌梅,[],[]
HERB005743,,[],[]
HERB005744,乌泡子,[],[]
HERB005745,,[],[]
HERB005746,乌骚风,[],[]
HERB005747,,[],[]
HERB005748,,[],[]
HERB005749,巫山淫羊藿,[],[]
HERB005750,乌梢蛇,[],[]
HERB005751,,[],[]
HERB005752,,[],[]
HERB005753,,[],[]
HERB005754,梧桐白皮,[],[]
HERB005755,梧桐根,[],[]
HERB005756,梧桐花,[],[]
HERB005757,梧桐叶,[],[]
HERB005758,梧桐子,[],[]
HERB005759,乌头,[],[]
HERB005760,乌头附子尖,[],[]
HERB005761,五味草,[],[]
HERB005762,五味子,[],[]
HERB005763,,[],[]
HERB005764,,[],[]
HERB005765,,[],[]
HERB005766,,[],[]
HERB005767,乌药,[],[]
HERB005768,无叶白前,[],[]
HERB005769,无叶瓜藤,[],[]
HERB005770,无叶加木贼,[],[]
HERB005771,无叶藤,[],[]
HERB005772,无叶鱼黄草,[],[]
HERB005773,午夜猪屎豆,[],[]
HERB005774,芜荑,[],[]
HERB005775,吴芋,[],"['intestine.2', 'analgesic.3']"
HERB005776,五月茶,[],[]
HERB005777,乌贼骨,[],[]
HERB005778,五爪龙,[],[]
HERB005779,飞燕草,[],[]
HERB005780,,[],[]
HERB005781,吴茱萸根,[],[]
HERB005782,吴茱萸,[],[]
HERB005783,吴茱萸叶,[],[]
HERB005784,,[],[]
HERB005785,西阿拉黄檀,[],[]
HERB005786,狭序唐松草,[],[]
HERB005787,,[],[]
HERB005788,,[],[]
HERB005789,膝瓣乌头,[],[]
HERB005790,西班牙黄杨,[],[]
HERB005791,西班牙云香草,[],[]
HERB005792,西北木,[],[]
HERB005793,木酱紫,[],[]
HERB005794,细柄十大功劳,[],[]
HERB005795,细柄薯蓣,[],[]
HERB005796,,[],[]
HERB005797,锡箔金合欢,[],[]
HERB005798,锡箔决明,[],[]
HERB005799,西伯利亚红松,[],[]
HERB005800,西伯利亚冷杉,[],[]
HERB005801,,[],[]
HERB005802,西伯利亚橐吾,[],[]
HERB005803,西伯利亚远志,[],[]
HERB005804,西伯利亚云杉,[],[]
HERB005805,西博氏卫矛,[],[]
HERB005806,西草,[],[]
HERB005807,,[],[]
HERB005808,西川芎,[],"['flow.2', 'pressure.3', 'antispasmodics.4']"
HERB005809,西党,[],[]
HERB005810,新店獐牙菜,[],[]
HERB005811,西番莲,[],[]
HERB005812,西方苍耳,[],[]
HERB005813,西方刺柏,[],[]
HERB005814,西方翠雀,[],[]
HERB005815,西非红豆树,[],[]
HERB005816,西非荔枝果,[],[]
HERB005817,西非羊角拗,[],[]
HERB005818,,[],[]
HERB005819,细梗香草,[],[]
HERB005820,西瓜,[],[]
HERB005821,西瓜皮,[],['diuresis.2']
HERB005822,西瓜子仁,[],[]
HERB005823,,[],[]
HERB005824,,[],[]
HERB005825,西河柳,[],['Bacteriostatic.2']
HERB005826,西红花,[],[]
HERB005827,西葫芦,[],[]
HERB005828,西琥珀,[],[]
HERB005829,细花滇紫草,[],[]
HERB005830,细花含羞草,[],[]
HERB005831,细花线纹香茶菜,[],[]
HERB005832,,[],[]
HERB005833,西黄草,[],[]
HERB005834,西黄胶粉,[],[]
HERB005835,犀角,[],[]
HERB005836,锡金十大功劳,[],[]
HERB005837,细茎石斛,[],[]
HERB005838,席卷鸦葱,[],[]
HERB005839,,[],[]
HERB005840,希腊食草,[],[]
HERB005841,希腊丝毛石,[],[]
HERB005842,锡兰古柯,[],[]
HERB005843,锡兰肉桂,[],[]
HERB005844,,[],[]
HERB005845,溪流猪殃殃,[],[]
HERB005846,习罗汉松,[],[]
HERB005847,西玛白蜡树,[],[]
HERB005848,喜马独尾草,[],[]
HERB005849,喜马红景天,[],[]
HERB005850,喜马拉雅红豆杉,[],[]
HERB005851,喜马拉雅鸢尾,[],[]
HERB005852,喜马拉雅远志,[],[]
HERB005853,喜马旋覆花,[],[]
HERB005854,喜马浮萍,[],[]
HERB005855,西门飞草,[],[]
HERB005856,西蒙斯十大功劳,[],[]
HERB005857,,[],[]
HERB005858,,[],[]
HERB005859,西南菝葜,[],[]
HERB005860,,[],[]
HERB005861,西南猫尾树,[],[]
HERB005862,西南忍冬,[],[]
HERB005863,西南石苇,[],[]
HERB005864,,[],[]
HERB005865,西南獐芽菜,[],[]
HERB005866,锡囊马尾藻,[],[]
HERB005867,西欧鸢尾,[],[]
HERB005868,,[],[]
HERB005869,,[],[]
HERB005870,西秦艽,[],"['permeability.2', 'allergric.3']"
HERB005871,,[],[]
HERB005872,硒砂,[],[]
HERB005873,溪山翠雀,[],[]
HERB005874,,[],[]
HERB005875,锡生藤,[],[]
HERB005876,,[],[]
HERB005877,喜树,[],[]
HERB005878,,[],[]
HERB005879,喜树皮,[],[]
HERB005880,,[],[]
HERB005881,喜树叶,[],[]
HERB005882,蟋蟀,[],[]
HERB005883,香茶菜,[],[]
HERB005884,西台,[],[]
HERB005885,西特卡云杉,[],[]
HERB005886,西西里草木犀,[],[]
HERB005887,西西里漆树,[],[]
HERB005888,希莶,[],[]
HERB005889,豨莶草,[],[]
HERB005890,西香葱,[],[]
HERB005891,,[],[]
HERB005892,,[],[]
HERB005893,,[],[]
HERB005894,细辛,[],[]
HERB005895,细心野牵牛,[],[]
HERB005896,喜盐鸢尾,[],[]
HERB005897,夕阳红,[],[]
HERB005898,夕阳接骨木,[],[]
HERB005899,西洋梨,[],[]
HERB005900,西洋参,[],[]
HERB005901,西洋参茎叶,[],[]
HERB005902,细叶桉叶,[],[]
HERB005903,细叶百合,[],[]
HERB005904,细叶大戟,[],[]
HERB005905,细叶堆心菊,[],[]
HERB005906,细叶功劳木,[],[]
HERB005907,细叶功劳叶,[],[]
HERB005908,细叶黄杨,[],[]
HERB005909,洗液蛇鞭菊,[],[]
HERB005910,,[],[]
HERB005911,细叶水团花,[],[]
HERB005912,细叶藤,[],[]
HERB005913,细叶铁线蕨,[],[]
HERB005914,细叶小檗,[],[]
HERB005915,细叶益母草,[],[]
HERB005916,细叶猪屎豆,[],[]
HERB005917,细圆藤,[],[]
HERB005918,西藏胡黄连,[],[]
HERB005919,西藏鹿蹄草,[],[]
HERB005920,西藏秦艽,[],[]
HERB005921,,[],[]
HERB005922,西藏沙棘,[],[]
HERB005923,西藏酸模,[],[]
HERB005924,西藏铁线莲,[],[]
HERB005925,西藏中麻黄,[],[]
HERB005926,西泽兰,[],[]
HERB005927,细毡毛忍冬,[],[]
HERB005928,细锥香茶菜,[],[]
HERB005929,,[],[]
HERB005930,细子麻黄,[],[]
HERB005931,,[],[]
HERB005932,夏草,[],[]
HERB005933,下垂澳杨,[],[]
HERB005934,西陲苔草,[],[]
HERB005935,夏风信子,[],[]
HERB005936,夏钩藤,[],[]
HERB005937,前胡,[],[]
HERB005938,下过山小橘跟,[],[]
HERB005939,狭基线纹香茶菜,[],[]
HERB005940,夏枯草,[],[]
HERB005941,虾蟆胆,[],[]
HERB005942,,[],[]
HERB005943,霞天膏,[],[]
HERB005944,下田菊,[],[]
HERB005945,夏天无,[],[]
HERB005946,,[],[]
HERB005947,下泻南五味子,[],[]
HERB005948,夏雪片莲,[],[]
HERB005949,下延古当归,[],[]
HERB005950,狭叶白鲜,[],[]
HERB005951,狭叶重楼,[],[]
HERB005952,,[],[]
HERB005953,狭叶当归,[],[]
HERB005954,狭叶红景天,[],[]
HERB005955,狭叶胡椒,[],[]
HERB005956,下野鸡骨常山,[],[]
HERB005957,狭叶假人参,[],[]
HERB005958,狭叶锦鸡儿,[],[]
HERB005959,狭叶决明,[],[]
HERB005960,狭叶龙舌兰,[],[]
HERB005961,狭叶龙舌兰,[],[]
HERB005962,狭叶青蒿,[],[]
HERB005963,狭叶山胡椒,[],[]
HERB005964,狭叶蛇根草,[],[]
HERB005965,小叶唐松草,[],[]
HERB005966,狭叶五味子,[],[]
HERB005967,狭叶香茶菜,[],[]
HERB005968,狭叶香蒲,[],[]
HERB005969,狭叶獐牙菜,[],[]
HERB005970,夏至草,[],[]
HERB005971,虾子花,[],[]
HERB005972,显齿蛇葡萄,[],[]
HERB005973,腺齿紫金牛,[],[]
HERB005974,鲜地黄,[],[]
HERB005975,线萼黄连,[],[]
HERB005976,腺梗豨莶,[],[]
HERB005977,仙鹤草,[],[]
HERB005978,仙鹤草根,[],[]
HERB005979,仙鹤草根芽,[],[]
HERB005980,腺花香茶菜,[],[]
HERB005981,鲜黄小檗,[],[]
HERB005982,仙客来,[],[]
HERB005983,仙灵脾,[],"['flow.2', 'mice.3']"
HERB005984,,[],[]
HERB005985,显脉香茶菜,[],[]
HERB005986,显脉旋覆花,[],[]
HERB005987,显脉獐牙菜,[],[]
HERB005988,仙茅,[],[]
HERB005989,腺毛黑种草,[],[]
HERB005990,仙人掌,[],[]
HERB005991,蚬肉,[],[]
HERB005992,,[],[]
HERB005993,藓生马先蒿,[],[]
HERB005994,咸酸蔃,[],[]
HERB005995,仙桃草,[],[]
HERB005996,线纹香茶菜,[],[]
HERB005997,纤细老鹳草,[],[]
HERB005998,纤细薯蓣,[],[]
HERB005999,线叶巴豆,[],[]
HERB006000,线叶柴胡,[],[]
HERB006001,线叶金鸡菊,[],[]
HERB006002,小叶芹,[],[]
HERB006003,小叶忍冬,[],[]
HERB006004,线叶旋覆花,[],[]
HERB006005,线羽凤尾蕨,[],[]
HERB006006,线泽兰,[],[]
HERB006007,线轴买麻藤,[],[]
HERB006008,网地藻,[],[]
HERB006009,香巴豆,[],[]
HERB006010,香草水杨梅,[],[]
HERB006011,香草香精,[],[]
HERB006012,香茶菜,[],[]
HERB006013,香车叶草,[],[]
HERB006014,香椽皮,[],[]
HERB006015,,[],[]
HERB006016,香丹,[],[]
HERB006017,,[],[]
HERB006018,香蜂花,[],[]
HERB006019,香附,[],[]
HERB006020,香港樫木,[],[]
HERB006021,香根芹,[],[]
HERB006022,香菇,[],[]
HERB006023,香果脂,[],[]
HERB006024,香合欢,[],[]
HERB006025,想黄连木,[],[]
HERB006026,香加皮,[],[]
HERB006027,香蕉,[],[]
HERB006028,橡胶树,[],[]
HERB006029,香精,[],[]
HERB006030,,[],[]
HERB006031,响铃草,[],[]
HERB006032,香曼陀罗,[],[]
HERB006033,香茅,[],[]
HERB006034,,[],[]
HERB006035,香柠檬,[],[]
HERB006036,橡皮木,[],[]
HERB006037,,[],[]
HERB006038,香青兰,[],[]
HERB006039,向日葵花,[],[]
HERB006040,向日葵茎髓,[],[]
HERB006041,向日葵叶,[],[]
HERB006042,向日葵籽,[],[]
HERB006043,香肉,[],[]
HERB006044,香肉果,[],[]
HERB006045,香薷,[],[]
HERB006046,香丝草,[],[]
HERB006047,相思藤,[],[]
HERB006048,相思子,[],[]
HERB006049,相思子根,[],[]
HERB006050,香唐松草,[],[]
HERB006051,铁筷子,[],[]
HERB006052,香豌豆,[],[]
HERB006053,香蕈,[],[]
HERB006054,象牙海岸格木,[],[]
HERB006055,香橼,[],[]
HERB006056,杨梅,[],[]
HERB006057,香叶,[],[]
HERB006058,响叶杨,[],[]
HERB006059,,[],[]
HERB006060,,[],[]
HERB006061,香橼,[],[]
HERB006062,香橼汁,[],[]
HERB006063,香樟,[],[]
HERB006064,香樟根,[],[]
HERB006065,香樟木,[],[]
HERB006066,香脂冷杉,[],[]
HERB006067,香子兰,[],[]
HERB006068,香附,[],[]
HERB006069,小八角莲,[],[]
HERB006070,小百部,[],[]
HERB006071,,[],[]
HERB006072,小檗,[],[]
HERB006073,,[],[]
HERB006074,小草乌,[],[]
HERB006075,小巢菜,[],[]
HERB006076,小车前,[],[]
HERB006077,,[],[]
HERB006078,,[],[]
HERB006079,,[],[]
HERB006080,小改鼠尾草,[],[]
HERB006081,,[],[]
HERB006082,小甘草,[],"['effect.2', 'effect.3', 'effect.4']"
HERB006083,小根葱,[],[]
HERB006084,小构树,[],[]
HERB006085,小果咖啡,[],[]
HERB006086,小果楠竹,[],[]
HERB006087,小果蔷薇根,[],[]
HERB006088,小果十大功劳,[],[]
HERB006089,小果唐松草,[],[]
HERB006090,小果香草,[],[]
HERB006091,小果野蕉,[],[]
HERB006092,,[],[]
HERB006093,小果芸香,[],[]
HERB006094,,[],[]
HERB006095,,[],[]
HERB006096,小黑羊,[],[]
HERB006097,,[],[]
HERB006098,小红蒜,[],[]
HERB006099,小花八角,[],[]
HERB006100,小花八角枫,[],[]
HERB006101,小花盾叶薯蓣,[],[]
HERB006102,小花风毛菊,[],[]
HERB006103,小花鬼针草,[],[]
HERB006104,小花黄堇,[],[]
HERB006105,小花老鼠簕,[],[]
HERB006106,,[],[]
HERB006107,,[],[]
HERB006108,,[],[]
HERB006109,,[],[]
HERB006110,,[],[]
HERB006111,,[],[]
HERB006112,小花酸藤子,[],[]
HERB006113,小花五味子,[],[]
HERB006114,小花五桠果,[],[]
HERB006115,小花夏枯草,[],[]
HERB006116,小花远志,[],[]
HERB006117,小花紫堇,[],[]
HERB006118,小黄牡蒿,[],[]
HERB006119,小黄花菜,[],[]
HERB006120,小黄紫堇,[],[]
HERB006121,小茴香,[],"['mice.2', 'flatus.3']"
HERB006122,小蓟,[],[]
HERB006123,小箭草,[],[]
HERB006124,小脚海罂粟,[],[]
HERB006125,小角柱花,[],[]
HERB006126,小接筋草,[],[]
HERB006127,小金盏花,[],[]
HERB006128,小精豆,[],[]
HERB006129,小喇叭,[],[]
HERB006130,小连翘,[],[]
HERB006131,小龙也阔苞菊,[],[]
HERB006132,,[],[]
HERB006133,小麦,[],[]
HERB006134,小茅香,[],[]
HERB006135,,[],[]
HERB006136,小米草,[],[]
HERB006137,小木麻黄,[],[]
HERB006138,香排草,[],[]
HERB006139,小婆婆纳,[],[]
HERB006140,小乔木紫金牛,[],[]
HERB006141,小青皮,[],['antiasthmatic.2']
HERB006142,,[],[]
HERB006143,,[],[]
HERB006144,肖乳香,[],[]
HERB006145,小三颗针,[],[]
HERB006146,小沙冬青,[],[]
HERB006147,,[],[]
HERB006148,小舌紫菀,[],[]
HERB006149,硝石,[],[]
HERB006150,小唐松草,[],[]
HERB006151,小通草,[],[]
HERB006152,小偷堆心菊,[],[]
HERB006153,小头凉喉茶,[],[]
HERB006154,,[],[]
HERB006155,小乌毛蕨,[],[]
HERB006156,苍耳,[],[]
HERB006157,,[],[]
HERB006158,小心叶薯,[],[]
HERB006159,小型化岩蔷薇,[],[]
HERB006160,小萱草根,[],[]
HERB006161,,[],[]
HERB006162,小叶梣,[],[]
HERB006163,小叶地不容,[],[]
HERB006164,,[],[]
HERB006165,小叶杜英,[],[]
HERB006166,小叶贯众,[],[]
HERB006167,小叶黑柴胡,[],[]
HERB006168,小叶红光树,[],[]
HERB006169,小野花,[],[]
HERB006170,小叶华北绣线菊,[],[]
HERB006171,小叶黄杨,[],[]
HERB006172,小野鸡尾,[],[]
HERB006173,小叶九里香,[],[]
HERB006174,小野菊,[],[]
HERB006175,小叶莲,[],[]
HERB006176,,[],[]
HERB006177,小叶买麻藤,[],[]
HERB006178,小叶荬麻藤,[],[]
HERB006179,小叶枇杷,[],[]
HERB006180,小野球果紫堇,[],[]
HERB006181,小叶石楠,[],[]
HERB006182,小叶唐松草,[],[]
HERB006183,小叶香茶菜,[],[]
HERB006184,小叶悬钩子,[],[]
HERB006185,小叶杨,[],[]
HERB006186,小叶野决明,[],[]
HERB006187,小叶硬毛漆木,[],[]
HERB006188,小野芝麻,[],[]
HERB006189,小芸木,[],[]
HERB006190,小猪屎豆,[],[]
HERB006191,薤白,[],[]
HERB006192,缬草,[],[]
HERB006193,,[],[]
HERB006194,斜基粗叶木,[],[]
HERB006195,斜茎獐牙菜,[],[]
HERB006196,,[],[]
HERB006197,,[],[]
HERB006198,,[],[]
HERB006199,,[],[]
HERB006200,,[],[]
HERB006201,楔叶泽兰,[],[]
HERB006202,斜羽凤尾蕨,[],[]
HERB006203,蟹爪兰,[],[]
HERB006204,新豉,[],[]
HERB006205,心肺草,[],[]
HERB006206,,[],[]
HERB006207,新疆贝母,[],[]
HERB006208,新疆党参,[],[]
HERB006209,新疆藁本,[],[]
HERB006210,新疆蓝刺头,[],[]
HERB006211,新疆杨,[],[]
HERB006212,新疆一支蒿,[],[]
HERB006213,新美风毛菊,[],[]
HERB006214,,[],[]
HERB006215,,[],[]
HERB006216,毒石,[],[]
HERB006217,,[],[]
HERB006218,新西兰罗汉松,[],[]
HERB006219,新西兰麻,[],[]
HERB006220,新西兰牡荆苷,[],[]
HERB006221,,[],[]
HERB006222,,[],[]
HERB006223,新型钩藤,[],[]
HERB006224,新型葡萄,[],[]
HERB006225,,[],[]
HERB006226,心形叶青牛胆,[],[]
HERB006227,,[],[]
HERB006228,辛夷,[],[]
HERB006229,新月形野草苏,[],[]
HERB006230,新藏假紫草,[],[]
HERB006231,兴安白头翁,[],[]
HERB006232,兴安柴胡,[],[]
HERB006233,兴安升麻,[],[]
HERB006234,荇菜,[],[]
HERB006235,,[],[]
HERB006236,杏仁,[],[]
HERB006237,杏树根,[],[]
HERB006238,杏苏草,[],[]
HERB006239,杏子,[],[]
HERB006240,熊胆,[],[]
HERB006241,熊耳草,[],[]
HERB006242,熊果苷,[],[]
HERB006243,雄黄,[],[]
HERB006244,雄黄兰,[],[]
HERB006245,雄蕊装鼠尾草,[],[]
HERB006246,雄蕊装鼠尾草,[],[]
HERB006247,熊掌,[],[]
HERB006248,锈红蔷薇,[],[]
HERB006249,,[],[]
HERB006250,修毛地黄,[],[]
HERB006251,绣毛寄生,[],[]
HERB006252,锈毛野桐,[],[]
HERB006253,绣球茜草,[],[]
HERB006254,绣球鼠尾草,[],[]
HERB006255,秀色安息香,[],[]
HERB006256,绣线菊,[],[]
HERB006257,绣线菊叶,[],[]
HERB006258,徐长卿,[],[]
HERB006259,续断,[],[]
HERB006260,续断菊,[],[]
HERB006261,,[],[]
HERB006262,叙利亚马利筋,[],[]
HERB006263,叙利亚牛至,[],[]
HERB006264,续随子茎中白汁,[],[]
HERB006265,萱草根,[],[]
HERB006266,萱草嫩苗,[],[]
HERB006267,,[],[]
HERB006268,,[],[]
HERB006269,旋覆花,[],['rabbits.2']
HERB006270,旋覆花根,[],[]
HERB006271,悬钩茎,[],[]
HERB006272,悬钩子,[],[]
HERB006273,旋果蚊子草,[],[]
HERB006274,玄胡,[],['analgesics.2']
HERB006275,玄胡素,[],['analgesics.2']
HERB006276,旋花羊角拗,[],[]
HERB006277,玄明,[],[]
HERB006278,玄明粉,[],[]
HERB006279,,[],[]
HERB006280,玄参,[],[]
HERB006281,宣威乌头,[],[]
HERB006282,旋夏花,[],[]
HERB006283,悬崖玫瑰,[],[]
HERB006284,旋叶香青,[],[]
HERB006285,,[],[]
HERB006286,雪茶,[],[]
HERB006287,雪光花,[],[]
HERB006288,血红栓菌,[],[]
HERB006289,雪花莲,[],[]
HERB006290,血竭,[],['Hemostatic.2']
HERB006291,雪梨皮,[],[]
HERB006292,雪莲,[],[]
HERB006293,雪灵好?,[],[]
HERB006294,,[],[]
HERB006295,雪龙胆,[],[]
HERB006296,雪片莲,[],[]
HERB006297,血散薯,[],[]
HERB006298,雪山林,[],[]
HERB006299,雪上一枝蒿,[],[]
HERB006300,,[],[]
HERB006301,雪松,[],[]
HERB006302,,[],[]
HERB006303,,[],[]
HERB006304,鳕鱼,[],[]
HERB006305,血余炭,[],[]
HERB006306,熏倒牛,[],[]
HERB006307,寻骨风,[],[]
HERB006308,,[],[]
HERB006309,,[],[]
HERB006310,鸦胆子,[],[]
HERB006311,亚东乌头,[],[]
HERB006312,鸭儿芹,[],[]
HERB006313,亚乎奴,[],[]
HERB006314,亚乎奴,[],[]
HERB006315,鸭脚艾,[],[]
HERB006316,牙科北千里光,[],[]
HERB006317,雅丽千金藤,[],[]
HERB006318,,[],[]
HERB006319,,[],[]
HERB006320,亚罗椿,[],[]
HERB006321,,[],[]
HERB006322,亚马逊百合,[],[]
HERB006323,亚马逊马钱子,[],[]
HERB006324,,[],[]
HERB006325,亚马逊鱼藤,[],[]
HERB006326,亚麻子,[],[]
HERB006327,,[],[]
HERB006328,牙买加苦木,[],[]
HERB006329,牙买加樱桃,[],[]
HERB006330,亚美堆心菊,[],[]
HERB006331,鸦片,[],[]
HERB006332,亚绒盖乳菇,[],[]
HERB006333,亚蕊香,[],[]
HERB006334,牙皂,[],[]
HERB006335,鸭跖草,[],[]
HERB006336,鸭跖草,[],[]
HERB006337,,[],[]
HERB006338,亚洲独活,[],[]
HERB006339,亚洲狮,[],[]
HERB006340,亚洲文殊兰,[],[]
HERB006341,岩柏,[],[]
HERB006342,岩白菜,[],[]
HERB006343,岩白菜素,[],[]
HERB006344,烟草,[],[]
HERB006345,烟草花山梗菜,[],[]
HERB006346,盐地风毛菊,[],[]
HERB006347,,[],[]
HERB006348,,[],[]
HERB006349,,[],[]
HERB006350,盐附子,[],[]
HERB006351,烟锅草,[],[]
HERB006352,盐海豚草,[],[]
HERB006353,延胡索,[],[]
HERB006354,岩黄连,[],[]
HERB006355,盐角草,[],[]
HERB006356,盐角草梭梭,[],[]
HERB006357,,[],[]
HERB006358,盐津菜,[],[]
HERB006359,雁来红,[],[]
HERB006360,岩兰草,[],[]
HERB006361,延龄草,[],[]
HERB006362,燕麦,[],[]
HERB006363,,[],[]
HERB006364,烟曲霉,[],[]
HERB006365,龙眼,[],[]
HERB006366,盐生假木贼,[],[]
HERB006367,盐生肉苁蓉,[],[]
HERB006368,盐酸麻黄碱,[],[]
HERB006369,盐酸吗啉胍,[],[]
HERB006370,,[],[]
HERB006371,岩香菊,[],[]
HERB006372,岩盐,[],[]
HERB006373,,[],[]
HERB006374,兖州卷柏,[],[]
HERB006375,羊鞭,[],[]
HERB006376,洋常春藤,[],[]
HERB006377,洋葱,[],[]
HERB006378,洋刀豆,[],[]
HERB006379,洋地黄叶,[],[]
HERB006380,羊耳朵叶,[],[]
HERB006381,羊红膻,[],[]
HERB006382,秧鸡草,[],[]
HERB006383,洋剪秋罗,[],[]
HERB006384,羊角坳子,[],[]
HERB006385,羊角面包,[],[]
HERB006386,羊角藤,[],[]
HERB006387,洋金花,[],[]
HERB006388,,[],[]
HERB006389,杨梅,[],[]
HERB006390,,[],[]
HERB006391,杨梅根,[],[]
HERB006392,杨梅核仁,[],[]
HERB006393,杨梅树皮,[],[]
HERB006394,杨欧夏至草,[],[]
HERB006395,羊皮,[],[]
HERB006396,洋蒲桃叶,[],[]
HERB006397,阳起石,[],[]
HERB006398,洋茜草,[],[]
HERB006399,,[],[]
HERB006400,羊肉,[],[]
HERB006401,羊乳,[],[]
HERB006402,洋蓍草,[],[]
HERB006403,羊屎果,[],[]
HERB006404,阳桃,[],[]
HERB006405,羊蹄,[],[]
HERB006406,羊蹄根,[],[]
HERB006407,羊蹄实,[],[]
HERB006408,羊蹄叶,[],[]
HERB006409,杨桐,[],[]
HERB006410,羊外肾,[],[]
HERB006411,仰卧板凳果,[],[]
HERB006412,,[],[]
HERB006413,,[],[]
HERB006414,杨叶肖槿,[],[]
HERB006415,杨叶银背藤,[],[]
HERB006416,,[],[]
HERB006417,扬子小连翘,[],[]
HERB006418,耀华香茶菜,[],[]
HERB006419,药蜀葵,[],[]
HERB006420,药鼠李,[],[]
HERB006421,药水芭蕉,[],[]
HERB006422,药水苏,[],[]
HERB006423,药水苏爵床,[],[]
HERB006424,药西瓜,[],[]
HERB006425,药用安息香,[],[]
HERB006426,药用白前,[],[]
HERB006427,药用丹参,[],[]
HERB006428,,[],[]
HERB006429,药用当归,[],[]
HERB006430,药用倒提壶,[],[]
HERB006431,药用甘蔗,[],[]
HERB006432,药用狗牙花,[],[]
HERB006433,药用黑面神也,[],[]
HERB006434,药用牡丹,[],[]
HERB006435,药用牛奶菜,[],[]
HERB006436,药用牛舌草,[],[]
HERB006437,药用蒲公英,[],[]
HERB006438,药用前胡,[],[]
HERB006439,药用球果紫堇,[],[]
HERB006440,药用蛇床,[],[]
HERB006441,药用薰衣草,[],[]
HERB006442,药用紫檀,[],[]
HERB006443,野艾蒿,[],[]
HERB006444,野百合,[],[]
HERB006445,野草莓,[],[]
HERB006446,叶底珠根,[],[]
HERB006447,野颠茄,[],[]
HERB006448,野杜仲,[],[]
HERB006449,野甘草,[],[]
HERB006450,椰果,[],[]
HERB006451,野果茄,[],[]
HERB006452,夜关门,[],[]
HERB006453,野果茄,[],[]
HERB006454,野海椒,[],[]
HERB006455,夜合花,[],[]
HERB006456,野核桃仁,[],[]
HERB006457,野黑樱桃,[],[]
HERB006458,叶黑种草,[],[]
HERB006459,,[],[]
HERB006460,液化灰毛豆,[],[]
HERB006461,野花椒根,[],[]
HERB006462,野花椒皮,[],[]
HERB006463,野花椒叶,[],[]
HERB006464,野花生,[],[]
HERB006465,野黄皮,[],[]
HERB006466,夜家藤,[],[]
HERB006467,野姜,[],[]
HERB006468,夜交藤,[],[]
HERB006469,,[],[]
HERB006470,野菊,[],[]
HERB006471,野菊花,[],[]
HERB006472,野决明,[],[]
HERB006473,野荔枝叶,[],[]
HERB006474,叶脉银背藤,[],[]
HERB006475,夜明砂,[],[]
HERB006476,野木瓜,[],[]
HERB006477,野苜蓿,[],[]
HERB006478,野欧白芥,[],[]
HERB006479,野葡萄根,[],[]
HERB006480,野漆树叶,[],[]
HERB006481,野漆树子,[],[]
HERB006482,野扇花,[],[]
HERB006483,野山楂,[],[]
HERB006484,野生马,[],[]
HERB006485,野生千里光,[],[]
HERB006486,野生山樱桃,[],[]
HERB006487,叶穗香茶菜,[],[]
HERB006488,椰泰,[],[]
HERB006489,椰泰,[],[]
HERB006490,野莴苣,[],[]
HERB006491,野梧桐,[],[]
HERB006492,叶下珠,[],[]
HERB006493,,[],[]
HERB006494,,[],[]
HERB006495,夜香树,[],[]
HERB006496,野鸦椿,[],[]
HERB006497,野烟叶,[],[]
HERB006498,野罂粟,[],[]
HERB006499,,[],[]
HERB006500,野芝麻,[],[]
HERB006501,野猪,[],[]
HERB006502,野猪胆,[],[]
HERB006503,椰子,[],[]
HERB006504,椰子皮,[],[]
HERB006505,椰子瓤,[],[]
HERB006506,椰子油,[],[]
HERB006507,缢苞麻花头,[],[]
HERB006508,伊贝母,[],[]
HERB006509,,[],[]
HERB006510,伊比利亚水仙,[],[]
HERB006511,一边黄檀,[],[]
HERB006512,刈草,[],[]
HERB006513,,[],[]
HERB006514,,[],[]
HERB006515,意大利决明子,[],[]
HERB006516,意大利蜡菊,[],[]
HERB006517,一点红,[],[]
HERB006518,翼梗五味子,[],[]
HERB006519,,[],[]
HERB006520,,[],[]
HERB006521,一花木兰,[],[]
HERB006522,一花吴茱萸,[],[]
HERB006523,易卡托叶黄檀,[],[]
HERB006524,,[],[]
HERB006525,,[],[]
HERB006526,,[],[]
HERB006527,,[],[]
HERB006528,伊朗阿魏,[],[]
HERB006529,伊朗青蓝,[],[]
HERB006530,伊犁翠雀花,[],[]
HERB006531,伊利利亚大吃几,[],[]
HERB006532,伊利里亚大翅蓟,[],[]
HERB006533,伊利诺合欢草,[],[]
HERB006534,,[],[]
HERB006535,,[],[]
HERB006536,薏米,[],[]
HERB006537,益母草,[],[]
HERB006538,益母草花,[],[]
HERB006539,一年蓬,[],[]
HERB006540,一年生山靛,[],[]
HERB006541,一泡囊草,[],[]
HERB006542,一品红,[],[]
HERB006543,,[],[]
HERB006544,,[],[]
HERB006545,,[],[]
HERB006546,饴糖,[],[]
HERB006547,,[],[]
HERB006548,一窝鸡,[],[]
HERB006549,,[],[]
HERB006550,,[],[]
HERB006551,,[],[]
HERB006552,异形南五味子,[],[]
HERB006553,唐松草,[],[]
HERB006554,益阳荷包牡丹,[],[]
HERB006555,异叶败酱,[],[]
HERB006556,异叶假繁缕,[],[]
HERB006557,异叶梁王茶,[],[]
HERB006558,异叶蔓荆,[],[]
HERB006559,一夜美登木,[],[]
HERB006560,一叶萩,[],[]
HERB006561,一叶萩根,[],[]
HERB006562,一叶肉托果,[],[]
HERB006563,异叶天南星,[],[]
HERB006564,异叶铁杉,[],[]
HERB006565,异叶乌头,[],[]
HERB006566,异叶杨,[],[]
HERB006567,,[],[]
HERB006568,薏苡仁,[],[]
HERB006569,益智,[],[]
HERB006570,一枝蒿,[],[]
HERB006571,一枝黄花,[],[]
HERB006572,益智仁,[],[]
HERB006573,一枝香,[],[]
HERB006574,异株矮麻黄,[],[]
HERB006575,异株荨麻,[],[]
HERB006576,异足索沙蚕,[],[]
HERB006577,银白黄杨,[],[]
HERB006578,银白金合欢,[],[]
HERB006579,银白槭,[],[]
HERB006580,银白千里光,[],[]
HERB006581,银白杨,[],[]
HERB006582,银边龙舌兰,[],[]
HERB006583,银箔,[],[]
HERB006584,银不换,[],[]
HERB006585,银柴胡,[],[]
HERB006586,茵陈,[],"['chologogues.2', 'CCl4.3', 'rabbits.4', 'vitro.5', 'vitro.6']"
HERB006587,茵陈蒿,[],[]
HERB006588,,[],[]
HERB006589,因地香茶菜,[],[]
HERB006590,印度菝葜,[],[]
HERB006591,印度白茅,[],[]
HERB006592,印度大麻,[],[]
HERB006593,,[],[]
HERB006594,,[],[]
HERB006595,,[],[]
HERB006596,印度黄檀,[],[]
HERB006597,印度假荆芥,[],[]
HERB006598,印度九里香,[],[]
HERB006599,印度橘,[],[]
HERB006600,印度莲?,[],[]
HERB006601,印度萝芙木,[],[]
HERB006602,印度马兜铃,[],[]
HERB006603,印度马兜铃,[],[]
HERB006604,,[],[]
HERB006605,印度棉,[],[]
HERB006606,印度木防己,[],[]
HERB006607,,[],[]
HERB006608,印度蛇菰,[],[]
HERB006609,印度斯里兰卡叶下珠,[],[]
HERB006610,印度藤黄,[],[]
HERB006611,印度娃儿藤,[],[]
HERB006612,印度邪蒿,[],[]
HERB006613,印度鸭脚树,[],[]
HERB006614,印度藏茴香,[],[]
HERB006615,,[],[]
HERB006616,银耳,[],[]
HERB006617,,[],[]
HERB006618,银合欢,[],[]
HERB006619,,[],[]
HERB006620,,[],[]
HERB006621,银花子,[],[]
HERB006622,,[],[]
HERB006623,银胶菊,[],[]
HERB006624,,[],[]
HERB006625,,[],[]
HERB006626,,[],[]
HERB006627,印尼面包果,[],[]
HERB006628,银色米仔兰,[],[]
HERB006629,银线草,[],[]
HERB006630,银信草,[],[]
HERB006631,阴行草,[],[]
HERB006632,银杏叶,[],[]
HERB006633,淫羊藿,[],[]
HERB006634,淫羊藿根,[],[]
HERB006635,银叶树,[],[]
HERB006636,银鱼,[],[]
HERB006637,银州柴胡,[],[]
HERB006638,鹰不泊,[],[]
HERB006639,迎春花,[],[]
HERB006640,英国欧石楠,[],[]
HERB006641,英国山楂,[],[]
HERB006642,,[],[]
HERB006643,,[],[]
HERB006644,瘿花香茶菜,[],[]
HERB006645,,[],[]
HERB006646,硬毛金丝桃,[],[]
HERB006647,,[],[]
HERB006648,,[],[]
HERB006649,硬皮禾叶兰,[],[]
HERB006650,迎山红,[],[]
HERB006651,硬水黄连,[],[]
HERB006652,罂粟,[],[]
HERB006653,罂粟壳,[],[]
HERB006654,罂粟嫩苗,[],[]
HERB006655,樱桃,[],[]
HERB006656,樱桃番茄,[],[]
HERB006657,银杏果,[],[]
HERB006658,银杏叶,[],[]
HERB006659,,[],[]
HERB006660,硬叶女娄菜,[],[]
HERB006661,鹰爪,[],[]
HERB006662,鹰爪豆,[],[]
HERB006663,鹰爪豆猪屎豆,[],[]
HERB006664,,[],[]
HERB006665,蝇子草,[],[]
HERB006666,蛹虫草,[],[]
HERB006667,永宁独活,[],[]
HERB006668,莸,[],[]
HERB006669,,[],[]
HERB006670,有柄石韦,[],[]
HERB006671,油菜籽,[],[]
HERB006672,油茶根皮,[],[]
HERB006673,,[],[]
HERB006674,,[],[]
HERB006675,疣点卫矛,[],[]
HERB006676,油柑根,[],[]
HERB006677,油橄榄,[],[]
HERB006678,,[],[]
HERB006679,油柑木皮,[],[]
HERB006680,油柑叶,[],[]
HERB006681,柚根,[],[]
HERB006682,,[],[]
HERB006683,疣果豆蔻,[],[]
HERB006684,柚核,[],[]
HERB006685,油胡桃,[],[]
HERB006686,柚花,[],[]
HERB006687,,[],[]
HERB006688,,[],[]
HERB006689,柚木,[],[]
HERB006690,柚皮,[],[]
HERB006691,,[],[]
HERB006692,,[],[]
HERB006693,釉色斑鸠菊?,[],[]
HERB006694,有色紫金牛,[],[]
HERB006695,攸县鸭脚树,[],[]
HERB006696,油烟奥拓四叶草?,[],[]
HERB006697,柚叶,[],[]
HERB006698,优野黄秋葵,[],[]
HERB006699,,[],[]
HERB006700,油棕,[],[]
HERB006701,,[],[]
HERB006702,,[],[]
HERB006703,禹白附,[],[]
HERB006704,禹白附,[],[]
HERB006705,榆白皮,[],[]
HERB006706,,[],[]
HERB006707,愈创木,[],[]
HERB006708,,[],[]
HERB006709,玉带根,[],[]
HERB006710,,[],[]
HERB006711,,[],[]
HERB006712,渔夫叶下珠,[],[]
HERB006713,鱼肝油,[],[]
HERB006714,余甘子,[],[]
HERB006715,雨果小叶楠,[],[]
HERB006716,榆花,[],[]
HERB006717,,[],[]
HERB006718,郁金,[],[]
HERB006719,郁金香,[],[]
HERB006720,郁金香根,[],[]
HERB006721,,[],[]
HERB006722,,[],[]
HERB006723,,[],[]
HERB006724,,[],[]
HERB006725,郁李仁,[],[]
HERB006726,禹粮石,[],[]
HERB006727,,[],[]
HERB006728,鱼鳞菜,[],[]
HERB006729,鱼鳞云杉,[],[]
HERB006730,玉玲花,[],[]
HERB006731,,[],[]
HERB006732,,[],[]
HERB006733,玉米须,[],[]
HERB006734,玉珊瑚根,[],[]
HERB006735,玉珊瑚根,[],[]
HERB006736,榆树,[],[]
HERB006737,雨水,[],[]
HERB006738,玉蜀黍,[],[]
HERB006739,鱼藤,[],[]
HERB006740,鱼香草,[],[]
HERB006741,鱼腥草,[],[]
HERB006742,芋叶,[],[]
HERB006743,羽叶丁香,[],[]
HERB006744,羽叶鬼灯檠,[],[]
HERB006745,玉叶金花,[],[]
HERB006746,,[],[]
HERB006747,羽叶三七,[],[]
HERB006748,羽叶蛇葡萄,[],[]
HERB006749,羽衣甘蓝,[],[]
HERB006750,禹余粮,[],[]
HERB006751,玉簪叶车前,[],[]
HERB006752,预知子,[],[]
HERB006753,禹州漏芦,[],[]
HERB006754,玉竹,[],[]
HERB006755,羽状合欢,[],[]
HERB006756,,[],[]
HERB006757,,[],[]
HERB006758,圆瓣姜花,[],[]
HERB006759,香茶菜,[],[]
HERB006760,元宝草,[],[]
HERB006761,原蚕蛾,[],[]
HERB006762,原蚕沙,[],[]
HERB006763,原蚕子,[],[]
HERB006764,,[],[]
HERB006765,圆丛红景天,[],[]
HERB006766,圆当归,[],[]
HERB006767,远东九里香,[],[]
HERB006768,,[],[]
HERB006769,原果甘草,[],[]
HERB006770,圆果算盘子,[],[]
HERB006771,元胡,[],['analgesics.2']
HERB006772,元胡索,[],['analgesics.2']
HERB006773,芫花,[],[]
HERB006774,圆滑番荔枝,[],[]
HERB006775,芫花根,[],[]
HERB006776,芫花条,[],[]
HERB006777,原鸡,[],[]
HERB006778,,[],[]
HERB006779,圆锯筋骨草,[],[]
HERB006780,,[],[]
HERB006781,圆帽向日葵?,[],[]
HERB006782,元参,[],"['rabbits.2', 'sugar.4']"
HERB006783,,[],[]
HERB006784,芫荽,[],[]
HERB006785,鸢尾,[],[]
HERB006786,,[],[]
HERB006787,,[],[]
HERB006788,圆叶柴胡,[],[]
HERB006789,圆叶鹅掌柴,[],[]
HERB006790,圆叶风铃草,[],[]
HERB006791,圆叶鹿蹄草,[],[]
HERB006792,圆叶茅膏菜,[],[]
HERB006793,圆叶牵牛子,[],[]
HERB006794,圆叶山乌龟,[],[]
HERB006795,,[],[]
HERB006796,,[],[]
HERB006797,圆叶泽兰,[],[]
HERB006798,远志,[],[]
HERB006799,圆枝卷柏,[],[]
HERB006800,远志叶澳洲茶,[],[]
HERB006801,圆锥画叶轮木,[],[]
HERB006802,圆锥猪屎豆,[],[]
HERB006803,,[],[]
HERB006804,月桂树叶木姜子,[],[]
HERB006805,月桂小波,[],[]
HERB006806,月桂叶,[],[]
HERB006807,,[],[]
HERB006808,月桂子,[],[]
HERB006809,,[],[]
HERB006810,,[],[]
HERB006811,月季花,[],[]
HERB006812,月季石榴,[],[]
HERB006813,月见草,[],[]
HERB006814,越橘叶,[],[]
HERB006815,越南安息香,[],[]
HERB006816,,[],[]
HERB006817,粤丝瓜,[],[]
HERB006818,越西木香,[],[]
HERB006819,月腺大戟,[],[]
HERB006820,云苓,[],['vitro.2']
HERB006821,云南芭蕉,[],[]
HERB006822,云南草蔻,[],[]
HERB006823,云南重楼,[],[]
HERB006824,,[],[]
HERB006825,云南榧树,[],[]
HERB006826,云南风车子,[],[]
HERB006827,云南甘草,[],[]
HERB006828,云南割舍树,[],[]
HERB006829,云南葛藤,[],[]
HERB006830,云南含笑,[],[]
HERB006831,云南红豆杉,[],[]
HERB006832,云南红景天,[],[]
HERB006833,云南黄连,[],[]
HERB006834,云南萝芙木,[],[]
HERB006835,云南美登木,[],[]
HERB006836,云南拟单性木兰,[],[]
HERB006837,云南羌活,[],[]
HERB006838,云南蕊木,[],[]
HERB006839,云南沙棘,[],[]
HERB006840,云南山楂,[],[]
HERB006841,云南山竹子,[],[]
HERB006842,,[],[]
HERB006843,云南石仙桃,[],[]
HERB006844,云南石梓,[],[]
HERB006845,云南鼠尾草,[],[]
HERB006846,云南穗花杉,[],[]
HERB006847,云南铁杉,[],[]
HERB006848,云南菟丝子,[],[]
HERB006849,云南野扇花,[],[]
HERB006850,云南皂荚,[],[]
HERB006851,云南樟,[],[]
HERB006852,,[],[]
HERB006853,云神,[],[]
HERB006854,,[],[]
HERB006855,芸薹,[],[]
HERB006856,芸苔子,[],[]
HERB006857,云雾罗汉松,[],[]
HERB006858,芸香草,[],[]
HERB006859,芸香叶好?,[],[]
HERB006860,云芝,[],[]
HERB006861,,[],[]
HERB006862,杂交车轴草,[],[]
HERB006863,杂交介质红豆杉,[],[]
HERB006864,杂交银胶菊,[],[]
HERB006865,,[],[]
HERB006866,杂兴唐松草,[],[]
HERB006867,栽培柑橘,[],[]
HERB006868,栽培黑种草,[],[]
HERB006869,栽培向日葵叶,[],[]
HERB006870,,[],[]
HERB006871,,[],[]
HERB006872,赞比西巴豆,[],[]
HERB006873,,[],[]
HERB006874,藏边打黄,[],[]
HERB006875,臧红花,[],[]
HERB006876,藏红花色水芹,[],[]
HERB006877,藏麻黄,[],[]
HERB006878,藏茄,[],[]
HERB006879,藏三七,[],[]
HERB006880,藏药裸茎金腰,[],[]
HERB006881,灶心土,[],[]
HERB006882,,[],[]
HERB006883,皂刺,[],[]
HERB006884,皂矾,[],[]
HERB006885,枣核,[],[]
HERB006886,皂荚,[],[]
HERB006887,皂荚刺,[],[]
HERB006888,皂荚根皮,[],[]
HERB006889,皂荚叶,[],[]
HERB006890,皂荚子,[],[]
HERB006891,皂角刺,[],[]
HERB006892,枣皮,[],['mice.2']
HERB006893,枣皮树,[],[]
HERB006894,枣仁,[],"['2.5', '5.0']"
HERB006895,枣树根,[],[]
HERB006896,枣树皮,[],[]
HERB006897,皂味口蘑,[],[]
HERB006898,灶心土,[],[]
HERB006899,蚤休,[],[]
HERB006900,枣叶,[],[]
HERB006901,泽兰,[],[]
HERB006902,泽兰根,[],[]
HERB006903,泽兰羊耳菊,[],[]
HERB006904,泽兰叶,[],[]
HERB006905,泽漆,[],[]
HERB006906,泽乌头,[],[]
HERB006907,,[],[]
HERB006908,泽泻,[],[]
HERB006909,中国石蒜,[],[]
HERB006910,,[],[]
HERB006911,窄头橐吾,[],[]
HERB006912,窄叶半枫荷,[],[]
HERB006913,窄叶南洋杉,[],[]
HERB006914,窄叶野豌豆,[],[]
HERB006915,窄竹叶柴胡,[],[]
HERB006916,展萼金丝桃,[],[]
HERB006917,展花乌头,[],[]
HERB006918,,[],[]
HERB006919,展毛翠雀花,[],[]
HERB006920,粘毛黄芩,[],[]
HERB006921,,[],[]
HERB006922,毡毛石韦,[],[]
HERB006923,毡毛栒子,[],[]
HERB006924,展枝唐松草,[],[]
HERB006925,,[],[]
HERB006926,胀果甘草,[],[]
HERB006927,,[],[]
HERB006928,蟑螂,[],[]
HERB006929,樟柳头,[],[]
HERB006930,樟木,[],[]
HERB006931,樟脑,[],[]
HERB006932,樟脑罗勒,[],[]
HERB006933,樟树皮,[],[]
HERB006934,樟树叶,[],[]
HERB006935,樟树子,[],[]
HERB006936,獐牙菜,[],[]
HERB006937,掌叶半夏,[],[]
HERB006938,掌叶大黄,[],[]
HERB006939,樟叶胡椒,[],[]
HERB006940,,[],[]
HERB006941,,[],[]
HERB006942,照山白,[],[]
HERB006943,,[],[]
HERB006944,,[],[]
HERB006945,爪哇橄榄,[],[]
HERB006946,,[],[]
HERB006947,,[],[]
HERB006948,沼泽千户,[],[]
HERB006949,,[],[]
HERB006950,浙贝母,[],[]
HERB006951,庶虫,[],[]
HERB006952,鹧鸪菜,[],[]
HERB006953,,[],[]
HERB006954,浙江獐牙菜,[],[]
HERB006955,赭石,[],[]
HERB006956,柘树,[],[]
HERB006957,蔗糖,[],[]
HERB006958,,[],[]
HERB006959,,[],[]
HERB006960,,[],[]
HERB006961,针葵,[],[]
HERB006962,榛蘑,[],[]
HERB006963,,[],[]
HERB006964,,[],[]
HERB006965,,[],[]
HERB006966,,[],[]
HERB006967,珍珠,[],[]
HERB006968,珍珠菜,[],[]
HERB006969,珍珠杆,[],[]
HERB006970,珍珠露水草,[],[]
HERB006971,珍珠梅,[],[]
HERB006972,珍珠母,[],['rabbits.2']
HERB006973,珍珠绣线菊,[],[]
HERB006974,,[],[]
HERB006975,,[],[]
HERB006976,制百部,[],"['20%', '50%', 'wash.5', '100%']"
HERB006977,炙百合,[],[]
HERB006978,制半夏,[],[]
HERB006979,炙鳖甲,[],[]
HERB006980,,[],[]
HERB006981,制苍术,[],[]
HERB006982,炙草,[],[]
HERB006983,制草乌,[],[]
HERB006984,炙穿山甲,[],[]
HERB006985,制川乌,[],[]
HERB006986,制大黄,[],"['purgation.2', 'acid.3', 'hypercholesterolemia.6']"
HERB006987,制地龙,[],"['rabbits.2', '0.1', 'dogs.3', 'anticonvulsive.4']"
HERB006988,炙蜂房,[],[]
HERB006989,制附子,[],"['aconitine.2', 'flow.3', 'sedatives.4', 'cholesterol.5', '0.295', '17.42', 'orally.6']"
HERB006990,炙甘草,[],[]
HERB006991,植根当归,[],[]
HERB006992,枳根皮,[],[]
HERB006993,制龟板,[],[]
HERB006994,制桂枝,[],[]
HERB006995,炙红芪,[],[]
HERB006996,炙厚朴,[],"['antibacterial.2', 'muscles.3', 'vitro.4']"
HERB006997,制黄精,[],[]
HERB006998,炙黄芪,[],[]
HERB006999,指甲花叶,[],[]
HERB007000,制僵蚕,[],[]
HERB007001,枳椇根,[],[]
HERB007002,枳椇子,[],[]
HERB007003,制军炭,[],[]
HERB007004,枳壳,[],[]
HERB007005,直立百部,[],[]
HERB007006,直立长春花,[],[]
HERB007007,,[],[]
HERB007008,,[],[]
HERB007009,直立角茴香,[],[]
HERB007010,直立罗汉松,[],[]
HERB007011,智利马兜铃,[],[]
HERB007012,智利马兜铃,[],[]
HERB007013,治理千金藤,[],[]
HERB007014,智力也厚壳桂,[],[]
HERB007015,,[],[]
HERB007016,芝麻,[],[]
HERB007017,芝麻菜,[],[]
HERB007018,炙麻黄,[],"['increased.2', 'epinephrine.3', 'eye.4']"
HERB007019,芝麻壳,[],[]
HERB007020,炙马钱子,[],[]
HERB007021,芝麻油,[],[]
HERB007022,制没药,[],['violaceum.2']
HERB007023,知母,[],[]
HERB007024,制南星,[],[]
HERB007025,炙枇杷叶,[],"['vitro.2', 'effect.3']"
HERB007026,枳壳,[],[]
HERB007027,炙全蝎,[],"['sedative.2', 'effect.3']"
HERB007028,制乳没,[],[]
HERB007029,制乳香,[],"['effect.2', 'vessels.3']"
HERB007030,炙桑柏皮,[],[]
HERB007031,纸莎草,[],[]
HERB007032,,[],[]
HERB007033,炙升麻,[],"['1.0', 'mice.2']"
HERB007034,枳实,[],[]
HERB007035,枳实与枳壳,[],[]
HERB007036,制首乌,[],[]
HERB007037,制香附,[],[]
HERB007038,止泻木皮,[],[]
HERB007039,制玄胡,[],['analgesics.2']
HERB007040,,[],[]
HERB007041,置疑小檗,[],[]
HERB007042,,[],[]
HERB007043,蜘蛛抱蛋,[],[]
HERB007044,蜘蛛香,[],[]
HERB007045,,[],[]
HERB007046,栀子,[],[]
HERB007047,栀子花,[],[]
HERB007048,栀子花根,[],[]
HERB007049,炙紫菀,[],[]
HERB007050,栀子叶,[],[]
HERB007051,,[],[]
HERB007052,,[],[]
HERB007053,肿柄菊,[],[]
HERB007054,钟萼白头翁,[],[]
HERB007055,中非钩枝藤,[],[]
HERB007056,,[],[]
HERB007057,,[],[]
HERB007058,中国苍耳,[],[]
HERB007059,中国粗榧职业,[],[]
HERB007060,中国粗榧子,[],[]
HERB007061,中国红参,[],[]
HERB007062,中国沙棘,[],[]
HERB007063,,[],[]
HERB007064,中国绣球,[],[]
HERB007065,中国旋复花,[],[]
HERB007066,,[],[]
HERB007067,中华鸡矢藤?,[],[]
HERB007068,中华九里香,[],[]
HERB007069,,[],[]
HERB007070,中华青牛胆,[],[]
HERB007071,中华小尖柳珊瑚,[],[]
HERB007072,中华绣线梅,[],[]
HERB007073,,[],[]
HERB007074,,[],[]
HERB007075,中间锦鸡儿,[],[]
HERB007076,中间茅膏菜,[],[]
HERB007077,中间五味子,[],[]
HERB007078,中间香茶菜,[],[]
HERB007079,肿节风,[],[]
HERB007080,中麻黄,[],[]
HERB007081,钟乳石,[],[]
HERB007082,中亚苦蒿,[],[]
HERB007083,中亚秦艽,[],[]
HERB007084,中亚沙棘,[],[]
HERB007085,,[],[]
HERB007086,皱木耳,[],[]
HERB007087,舟山新木姜子,[],[]
HERB007088,皱蒴藓,[],[]
HERB007089,皱叶鹿蹄草,[],[]
HERB007090,皱叶木兰,[],[]
HERB007091,皱叶欧芹,[],[]
HERB007092,皱叶香茶菜,[],[]
HERB007093,皱叶泽兰,[],[]
HERB007094,帚枝鼠李,[],[]
HERB007095,竹柏,[],[]
HERB007096,,[],[]
HERB007097,猪大肠,[],[]
HERB007098,,[],[]
HERB007099,猪胆汁,[],[]
HERB007100,朱茯神,[],[]
HERB007101,,[],[]
HERB007102,,[],[]
HERB007103,朱红龙血树,[],[]
HERB007104,,[],[]
HERB007105,,[],[]
HERB007106,猪脊髓,[],[]
HERB007107,竹节三七,[],[]
HERB007108,竹节参,[],[]
HERB007109,竹节香附,[],[]
HERB007110,,[],[]
HERB007111,竹沥,[],[]
HERB007112,猪苓,[],[]
HERB007113,,[],[]
HERB007114,苎麻根,[],[]
HERB007115,猪毛菜,[],[]
HERB007116,竹茹,[],[]
HERB007117,朱砂,[],[]
HERB007118,朱砂杜鹃,[],[]
HERB007119,朱砂根,[],[]
HERB007120,朱砂莲,[],[]
HERB007121,猪肾,[],[]
HERB007122,猪屎豆,[],[]
HERB007123,蛛丝红纹马先蒿,[],[]
HERB007124,柱穗山姜,[],[]
HERB007125,烛台鼠尾草,[],[]
HERB007126,,[],[]
HERB007127,猪牙皂,[],[]
HERB007128,猪靥,[],[]
HERB007129,竹叶柴胡,[],[]
HERB007130,竹叶椒,[],[]
HERB007131,竹叶椒根,[],[]
HERB007132,竹叶菊,[],[]
HERB007133,竹叶兰,[],[]
HERB007134,竹叶心,[],[]
HERB007135,珠子草,[],[]
HERB007136,珠子参,[],[]
HERB007137,煮紫薯,[],[]
HERB007138,猪鬃草,[],[]
HERB007139,抓鬼瓜叶乌头,[],[]
HERB007140,砖红韧伞,[],[]
HERB007141,,[],[]
HERB007142,壮观鸡骨常山,[],[]
HERB007143,追凤箭,[],[]
HERB007144,准格尔蓝盆花,[],[]
HERB007145,,[],[]
HERB007146,准格尔乌头,[],[]
HERB007147,,[],[]
HERB007148,,[],[]
HERB007149,,[],[]
HERB007150,,[],[]
HERB007151,梓白皮,[],[]
HERB007152,紫贝齿,[],[]
HERB007153,紫背黄芩,[],[]
HERB007154,紫背金盘,[],[]
HERB007155,紫背鹿蹄草,[],[]
HERB007156,紫背苔,[],[]
HERB007157,紫背天葵,[],[]
HERB007158,紫背天葵草,[],[]
HERB007159,紫菜,[],[]
HERB007160,紫草,[],[]
HERB007161,紫草茸,[],[]
HERB007162,紫丹参,[],[]
HERB007163,紫丹藤,[],[]
HERB007164,紫地黄,[],[]
HERB007165,紫丁香,[],[]
HERB007166,紫丁香蘑,[],[]
HERB007167,紫萼香茶菜,[],[]
HERB007168,紫番荔枝,[],[]
HERB007169,紫蜂斗菜,[],[]
HERB007170,紫果卫矛,[],[]
HERB007171,紫河车,[],[]
HERB007172,紫红獐牙菜,[],[]
HERB007173,紫胡,[],[]
HERB007174,紫花地丁,[],[]
HERB007175,紫花杜鹃,[],[]
HERB007176,紫花鄂北贝母,[],[]
HERB007177,紫花高乌头,[],[]
HERB007178,,[],[]
HERB007179,紫花景天,[],[]
HERB007180,紫花前胡,[],[]
HERB007181,紫花松果菊,[],[]
HERB007182,紫花鱼灯草,[],[]
HERB007183,紫金莲,[],[]
HERB007184,紫金牛,[],[]
HERB007185,紫金牛根,[],[]
HERB007186,紫槿皮,[],[]
HERB007187,紫堇叶唐松草,[],[]
HERB007188,紫茎泽兰花,[],[]
HERB007189,自扣草,[],[]
HERB007190,滋兰树慧,[],[]
HERB007191,,[],[]
HERB007192,紫毛香茶菜,[],[]
HERB007193,姊妹树,[],[]
HERB007194,紫茉莉根,[],[]
HERB007195,紫茉莉花碧冬茄,[],[]
HERB007196,紫茉莉叶,[],[]
HERB007197,,[],[]
HERB007198,,[],[]
HERB007199,自然青,[],[]
HERB007200,自然铜,[],[]
HERB007201,,[],[]
HERB007202,紫色獐牙菜,[],[]
HERB007203,,[],[]
HERB007204,紫杉,[],[]
HERB007205,,[],[]
HERB007206,紫石英,[],[]
HERB007207,紫薯,[],[]
HERB007208,紫苏,[],[]
HERB007209,紫苏苞,[],[]
HERB007210,紫苏梗,[],[]
HERB007211,紫苏叶,[],[]
HERB007212,紫苏叶油,[],[]
HERB007213,紫苏子,[],[]
HERB007214,紫穗槐,[],[]
HERB007215,紫檀,[],[]
HERB007216,紫檀香,[],[]
HERB007217,紫藤,[],[]
HERB007218,紫藤根,[],[]
HERB007219,紫藤子,[],[]
HERB007220,,[],[]
HERB007221,紫菀,[],[]
HERB007222,,[],[]
HERB007223,紫葳根,[],[]
HERB007224,紫薇花,[],[]
HERB007225,紫葳茎叶,[],[]
HERB007226,紫薇叶,[],[]
HERB007227,紫乌头,[],[]
HERB007228,自消容,[],[]
HERB007229,自消容根,[],[]
HERB007230,自消容子,[],[]
HERB007231,紫雪花,[],[]
HERB007232,紫羊蹄甲,[],[]
HERB007233,紫叶,[],[]
HERB007234,紫玉兰花,[],[]
HERB007235,紫玉兰皮,[],[]
HERB007236,紫云英,[],[]
HERB007237,紫云英子,[],[]
HERB007238,,[],[]
HERB007239,紫珠,[],[]
HERB007240,紫锥花,[],[]
HERB007241,,[],[]
HERB007242,纵卷石蕊,[],[]
HERB007243,,[],[]
HERB007244,棕榈,[],[]
HERB007245,棕榈皮,[],[]
HERB007246,棕榈炭,[],[]
HERB007247,总皂,[],[]
HERB007248,,[],[]
HERB007249,,[],[]
HERB007250,总状花羊蹄甲,[],[]
HERB007251,总装鸡血藤,[],[]
HERB007252,,[],[]
HERB007253,总状升麻,[],[]
HERB007254,,[],[]
HERB007255,总状土木香,[],[]
HERB007256,,[],[]
HERB007257,走马芹,[],[]
HERB007258,走稳唐松草,[],[]
HERB007259,,[],[]
HERB007260,钻果蒜芥,[],[]
HERB007261,最大万寿菊,[],[]
HERB007262,最高牡荆叶,[],[]
HERB007263,酢浆草,[],[]
